2026-01-05 21:07:35.504 [info] Name: autopep8
2026-01-05 21:07:35.504 [info] Module: autopep8
2026-01-05 21:07:35.504 [info] Default formatter is set to ms-python.autopep8 for workspace /home/van/Workspace/Exercises/Work 5
2026-01-05 21:07:35.504 [info] Python extension loading
2026-01-05 21:07:35.504 [info] Waiting for interpreter from Python extension.
2026-01-05 21:07:35.533 [info] No interpreter found from setting autopep8.interpreter
2026-01-05 21:07:35.533 [info] Getting interpreter from ms-python.python extension for workspace /home/van/Workspace/Exercises/Work 5
2026-01-05 21:07:35.533 [info] Python extension loaded
2026-01-05 21:07:35.536 [info] Interpreter from ms-python.python extension for /home/van/Workspace/Exercises/Work 5: /bin/python
2026-01-05 21:07:35.537 [info] No interpreter found from setting autopep8.interpreter
2026-01-05 21:07:35.537 [info] Getting interpreter from ms-python.python extension for workspace /home/van/Workspace/Exercises/Work 5
2026-01-05 21:07:35.557 [info] Interpreter from ms-python.python extension for /home/van/Workspace/Exercises/Work 5: /bin/python
2026-01-05 21:07:35.561 [info] Server run command: /bin/python /home/van/.vscode/extensions/ms-python.autopep8-2025.2.0/bundled/tool/lsp_server.py
2026-01-05 21:07:35.562 [info] Server: Start requested.
2026-01-05 21:07:35.931 [info] CWD Server: /home/van/Workspace/Exercises/Work 5
2026-01-05 21:07:35.931 [info] sys.path used to run Server:
   /home/van/.vscode/extensions/ms-python.autopep8-2025.2.0/bundled/libs
   /home/van/.vscode/extensions/ms-python.autopep8-2025.2.0/bundled/tool
   /usr/lib/python313.zip
   /usr/lib/python3.13
   /usr/lib/python3.13/lib-dynload
   /usr/lib/python3.13/site-packages
2026-01-05 21:07:35.931 [info] PYTHONPATH env variable used to run Server:
   /home/van/.vscode/extensions/ms-python.autopep8-2025.2.0/bundled/libs:
2026-01-05 21:07:35.931 [info] Settings used to run Server:
[
    {
        "cwd": "/home/van/Workspace/Exercises/Work 5",
        "workspace": "file:///home/van/Workspace/Exercises/Work%205",
        "args": [],
        "path": [],
        "interpreter": [
            "/bin/python"
        ],
        "importStrategy": "useBundled",
        "showNotifications": "off"
    }
]

2026-01-05 21:07:35.931 [info] Global settings:
{
    "cwd": "/home/van/Workspace/Exercises/Work 5",
    "workspace": "/home/van/Workspace/Exercises/Work 5",
    "args": [],
    "path": [],
    "interpreter": [],
    "importStrategy": "useBundled",
    "showNotifications": "off"
}

2026-01-05 21:07:35.932 [info] /bin/python -m autopep8 --version
2026-01-05 21:07:35.932 [info] CWD Server: /home/van/Workspace/Exercises/Work 5
2026-01-05 21:07:35.970 [info] Version info for formatter running for /home/van/Workspace/Exercises/Work 5:
autopep8 2.3.2 (pycodestyle: 2.12.1)

2026-01-05 21:07:35.970 [info] SUPPORTED autopep8>=1.7.0
FOUND autopep8==2.3.2

2026-01-05 21:07:36.800 [info] [Trace - 09:07:36] Sending notification 'textDocument/didClose'.
2026-01-05 21:07:36.810 [info] [Trace - 09:07:36] Sending notification 'textDocument/didOpen'.
2026-01-05 21:07:38.172 [info] [Trace - 09:07:38] Sending notification 'textDocument/didClose'.
2026-01-05 21:07:38.185 [info] [Trace - 09:07:38] Sending notification 'textDocument/didOpen'.
2026-01-05 21:07:39.394 [info] [Trace - 09:07:39] Sending notification 'textDocument/didClose'.
2026-01-05 21:07:39.402 [info] [Trace - 09:07:39] Sending notification 'textDocument/didOpen'.
2026-01-05 21:07:42.054 [info] [Trace - 09:07:42] Sending notification 'textDocument/didClose'.
2026-01-05 21:07:42.069 [info] [Trace - 09:07:42] Sending notification 'textDocument/didOpen'.
2026-01-05 21:07:46.113 [info] [Trace - 09:07:46] Sending notification 'textDocument/didClose'.
2026-01-05 21:07:46.123 [info] [Trace - 09:07:46] Sending notification 'textDocument/didOpen'.
2026-01-05 21:07:48.716 [info] [Trace - 09:07:48] Sending notification 'textDocument/didClose'.
2026-01-05 21:07:48.728 [info] [Trace - 09:07:48] Sending notification 'textDocument/didOpen'.
2026-01-05 21:09:08.936 [info] [Trace - 09:09:08] Sending notification 'textDocument/didClose'.
2026-01-05 21:09:08.954 [info] [Trace - 09:09:08] Sending notification 'textDocument/didOpen'.
2026-01-05 21:09:17.204 [info] [Trace - 09:09:17] Sending notification 'textDocument/didChange'.
2026-01-05 21:09:20.332 [info] [Trace - 09:09:20] Sending notification 'textDocument/didChange'.
2026-01-05 21:09:20.497 [info] [Trace - 09:09:20] Sending notification 'textDocument/didChange'.
2026-01-05 21:09:21.166 [info] [Trace - 09:09:21] Sending notification 'textDocument/didChange'.
2026-01-05 21:09:21.287 [info] [Trace - 09:09:21] Sending notification 'textDocument/didChange'.
2026-01-05 21:09:21.555 [info] [Trace - 09:09:21] Sending notification 'textDocument/didChange'.
2026-01-05 21:09:21.948 [info] [Trace - 09:09:21] Sending notification 'textDocument/didChange'.
2026-01-05 21:09:22.290 [info] [Trace - 09:09:22] Sending notification 'textDocument/didChange'.
2026-01-05 21:09:22.773 [info] [Trace - 09:09:22] Sending notification 'textDocument/didChange'.
2026-01-05 21:09:22.878 [info] [Trace - 09:09:22] Sending notification 'textDocument/didChange'.
2026-01-05 21:09:23.456 [info] [Trace - 09:09:23] Sending notification 'textDocument/didChange'.
2026-01-05 21:09:23.664 [info] [Trace - 09:09:23] Sending notification 'textDocument/didChange'.
2026-01-05 21:09:23.933 [info] [Trace - 09:09:23] Sending notification 'textDocument/didChange'.
2026-01-05 21:09:24.072 [info] [Trace - 09:09:24] Sending notification 'textDocument/didChange'.
2026-01-05 21:09:24.557 [info] [Trace - 09:09:24] Sending notification 'textDocument/didChange'.
2026-01-05 21:09:24.869 [info] [Trace - 09:09:24] Sending notification 'textDocument/didChange'.
2026-01-05 21:09:25.234 [info] [Trace - 09:09:25] Sending notification 'textDocument/didChange'.
2026-01-05 21:09:25.965 [info] [Trace - 09:09:25] Sending notification 'textDocument/didChange'.
2026-01-05 21:09:27.377 [info] [Trace - 09:09:27] Sending notification 'textDocument/didChange'.
2026-01-05 21:09:27.485 [info] [Trace - 09:09:27] Sending notification 'textDocument/didChange'.
2026-01-05 21:09:27.825 [info] [Trace - 09:09:27] Sending notification 'textDocument/didChange'.
2026-01-05 21:09:27.927 [info] [Trace - 09:09:27] Sending notification 'textDocument/didChange'.
2026-01-05 21:09:32.597 [info] [Trace - 09:09:32] Sending notification 'textDocument/didChange'.
2026-01-05 21:09:33.151 [info] [Trace - 09:09:33] Sending notification 'textDocument/didChange'.
2026-01-05 21:09:38.184 [info] [Trace - 09:09:38] Sending notification 'textDocument/didChange'.
2026-01-05 21:09:38.593 [info] [Trace - 09:09:38] Sending notification 'textDocument/didChange'.
2026-01-05 21:10:14.464 [info] [Trace - 09:10:14] Sending notification 'textDocument/didChange'.
2026-01-05 21:10:14.807 [info] [Trace - 09:10:14] Sending notification 'textDocument/didChange'.
2026-01-05 21:10:15.166 [info] [Trace - 09:10:15] Sending notification 'textDocument/didChange'.
2026-01-05 21:10:15.344 [info] [Trace - 09:10:15] Sending notification 'textDocument/didChange'.
2026-01-05 21:10:16.057 [info] [Trace - 09:10:16] Sending notification 'textDocument/didChange'.
2026-01-05 21:10:19.280 [info] [Trace - 09:10:19] Sending notification 'textDocument/didChange'.
2026-01-05 21:10:19.663 [info] [Trace - 09:10:19] Sending notification 'textDocument/didChange'.
2026-01-05 21:10:20.416 [info] [Trace - 09:10:20] Sending notification 'textDocument/didChange'.
2026-01-05 21:10:20.610 [info] [Trace - 09:10:20] Sending notification 'textDocument/didChange'.
2026-01-05 21:10:20.845 [info] [Trace - 09:10:20] Sending notification 'textDocument/didChange'.
2026-01-05 21:10:21.073 [info] [Trace - 09:10:21] Sending notification 'textDocument/didChange'.
2026-01-05 21:10:21.157 [info] [Trace - 09:10:21] Sending notification 'textDocument/didChange'.
2026-01-05 21:10:21.320 [info] [Trace - 09:10:21] Sending notification 'textDocument/didChange'.
2026-01-05 21:10:21.800 [info] [Trace - 09:10:21] Sending notification 'textDocument/didChange'.
2026-01-05 21:10:22.392 [info] [Trace - 09:10:22] Sending notification 'textDocument/didChange'.
2026-01-05 21:10:23.303 [info] [Trace - 09:10:23] Sending notification 'textDocument/didChange'.
2026-01-05 21:10:23.623 [info] [Trace - 09:10:23] Sending notification 'textDocument/didChange'.
2026-01-05 21:10:23.868 [info] [Trace - 09:10:23] Sending notification 'textDocument/didChange'.
2026-01-05 21:10:23.982 [info] [Trace - 09:10:23] Sending notification 'textDocument/didChange'.
2026-01-05 21:10:24.132 [info] [Trace - 09:10:24] Sending notification 'textDocument/didChange'.
2026-01-05 21:10:24.700 [info] [Trace - 09:10:24] Sending notification 'textDocument/didChange'.
2026-01-05 21:10:24.886 [info] [Trace - 09:10:24] Sending notification 'textDocument/didChange'.
2026-01-05 21:10:25.037 [info] [Trace - 09:10:25] Sending notification 'textDocument/didChange'.
2026-01-05 21:10:26.721 [info] [Trace - 09:10:26] Sending notification 'textDocument/didChange'.
2026-01-05 21:10:31.651 [info] [Trace - 09:10:31] Sending notification 'textDocument/didChange'.
2026-01-05 21:10:36.037 [info] [Trace - 09:10:36] Sending notification 'textDocument/didChange'.
2026-01-05 21:10:36.167 [info] [Trace - 09:10:36] Sending notification 'textDocument/didChange'.
2026-01-05 21:10:36.330 [info] [Trace - 09:10:36] Sending notification 'textDocument/didChange'.
2026-01-05 21:10:37.568 [info] [Trace - 09:10:37] Sending notification 'textDocument/didChange'.
2026-01-05 21:10:37.895 [info] [Trace - 09:10:37] Sending notification 'textDocument/didChange'.
2026-01-05 21:10:39.282 [info] [Trace - 09:10:39] Sending notification 'textDocument/didChange'.
2026-01-05 21:10:39.576 [info] [Trace - 09:10:39] Sending notification 'textDocument/didChange'.
2026-01-05 21:10:39.821 [info] [Trace - 09:10:39] Sending notification 'textDocument/didChange'.
2026-01-05 21:10:39.993 [info] [Trace - 09:10:39] Sending notification 'textDocument/didChange'.
2026-01-05 21:10:40.176 [info] [Trace - 09:10:40] Sending notification 'textDocument/didChange'.
2026-01-05 21:10:40.250 [info] [Trace - 09:10:40] Sending notification 'textDocument/didChange'.
2026-01-05 21:10:41.919 [info] [Trace - 09:10:41] Sending notification 'textDocument/didChange'.
2026-01-05 21:10:42.055 [info] [Trace - 09:10:42] Sending notification 'textDocument/didChange'.
2026-01-05 21:10:43.352 [info] [Trace - 09:10:43] Sending notification 'textDocument/didChange'.
2026-01-05 21:10:43.508 [info] [Trace - 09:10:43] Sending notification 'textDocument/didChange'.
2026-01-05 21:10:43.967 [info] [Trace - 09:10:43] Sending notification 'textDocument/didChange'.
2026-01-05 21:10:44.134 [info] [Trace - 09:10:44] Sending notification 'textDocument/didChange'.
2026-01-05 21:10:48.711 [info] [Trace - 09:10:48] Sending notification 'textDocument/didChange'.
2026-01-05 21:10:51.151 [info] [Trace - 09:10:51] Sending notification 'textDocument/didChange'.
2026-01-05 21:10:51.823 [info] [Trace - 09:10:51] Sending notification 'textDocument/didChange'.
2026-01-05 21:10:52.103 [info] [Trace - 09:10:52] Sending notification 'textDocument/didChange'.
2026-01-05 21:10:52.399 [info] [Trace - 09:10:52] Sending notification 'textDocument/didChange'.
2026-01-05 21:10:54.979 [info] [Trace - 09:10:54] Sending notification 'textDocument/didChange'.
2026-01-05 21:10:55.808 [info] [Trace - 09:10:55] Sending notification 'textDocument/didChange'.
2026-01-05 21:10:56.852 [info] [Trace - 09:10:56] Sending notification 'textDocument/didChange'.
2026-01-05 21:10:57.642 [info] [Trace - 09:10:57] Sending notification 'textDocument/didChange'.
2026-01-05 21:10:57.751 [info] [Trace - 09:10:57] Sending notification 'textDocument/didChange'.
2026-01-05 21:10:58.097 [info] [Trace - 09:10:58] Sending notification 'textDocument/didChange'.
2026-01-05 21:10:58.198 [info] [Trace - 09:10:58] Sending notification 'textDocument/didChange'.
2026-01-05 21:10:58.288 [info] [Trace - 09:10:58] Sending notification 'textDocument/didChange'.
2026-01-05 21:10:58.961 [info] [Trace - 09:10:58] Sending notification 'textDocument/didChange'.
2026-01-05 21:10:59.933 [info] [Trace - 09:10:59] Sending notification 'textDocument/didChange'.
2026-01-05 21:11:01.289 [info] [Trace - 09:11:01] Sending notification 'textDocument/didChange'.
2026-01-05 21:11:01.543 [info] [Trace - 09:11:01] Sending notification 'textDocument/didChange'.
2026-01-05 21:11:01.747 [info] [Trace - 09:11:01] Sending notification 'textDocument/didChange'.
2026-01-05 21:11:02.069 [info] [Trace - 09:11:02] Sending notification 'textDocument/didChange'.
2026-01-05 21:11:04.208 [info] [Trace - 09:11:04] Sending notification 'textDocument/didChange'.
2026-01-05 21:11:07.735 [info] [Trace - 09:11:07] Sending notification 'textDocument/didChange'.
2026-01-05 21:11:07.914 [info] [Trace - 09:11:07] Sending notification 'textDocument/didChange'.
2026-01-05 21:11:08.088 [info] [Trace - 09:11:08] Sending notification 'textDocument/didChange'.
2026-01-05 21:11:08.352 [info] [Trace - 09:11:08] Sending notification 'textDocument/didChange'.
2026-01-05 21:11:08.488 [info] [Trace - 09:11:08] Sending notification 'textDocument/didChange'.
2026-01-05 21:11:08.645 [info] [Trace - 09:11:08] Sending notification 'textDocument/didChange'.
2026-01-05 21:11:10.192 [info] [Trace - 09:11:10] Sending notification 'textDocument/didChange'.
2026-01-05 21:11:10.327 [info] [Trace - 09:11:10] Sending notification 'textDocument/didChange'.
2026-01-05 21:11:11.381 [info] [Trace - 09:11:11] Sending notification 'textDocument/didChange'.
2026-01-05 21:11:17.642 [info] [Trace - 09:11:17] Sending notification 'textDocument/didChange'.
2026-01-05 21:11:17.784 [info] [Trace - 09:11:17] Sending notification 'textDocument/didChange'.
2026-01-05 21:11:17.886 [info] [Trace - 09:11:17] Sending notification 'textDocument/didChange'.
2026-01-05 21:11:18.032 [info] [Trace - 09:11:18] Sending notification 'textDocument/didChange'.
2026-01-05 21:11:18.151 [info] [Trace - 09:11:18] Sending notification 'textDocument/didChange'.
2026-01-05 21:11:18.231 [info] [Trace - 09:11:18] Sending notification 'textDocument/didChange'.
2026-01-05 21:11:19.808 [info] [Trace - 09:11:19] Sending notification 'textDocument/didChange'.
2026-01-05 21:11:19.978 [info] [Trace - 09:11:19] Sending notification 'textDocument/didChange'.
2026-01-05 21:11:20.288 [info] [Trace - 09:11:20] Sending notification 'textDocument/didChange'.
2026-01-05 21:11:22.549 [info] [Trace - 09:11:22] Sending notification 'textDocument/didChange'.
2026-01-05 21:11:23.105 [info] [Trace - 09:11:23] Sending notification 'textDocument/didChange'.
2026-01-05 21:11:23.207 [info] [Trace - 09:11:23] Sending notification 'textDocument/didChange'.
2026-01-05 21:11:23.328 [info] [Trace - 09:11:23] Sending notification 'textDocument/didChange'.
2026-01-05 21:11:23.518 [info] [Trace - 09:11:23] Sending notification 'textDocument/didChange'.
2026-01-05 21:11:27.703 [info] [Trace - 09:11:27] Sending notification 'textDocument/didChange'.
2026-01-05 21:11:27.968 [info] [Trace - 09:11:27] Sending notification 'textDocument/didChange'.
2026-01-05 21:11:29.626 [info] [Trace - 09:11:29] Sending notification 'textDocument/didChange'.
2026-01-05 21:11:34.809 [info] [Trace - 09:11:34] Sending notification 'textDocument/didChange'.
2026-01-05 21:11:35.056 [info] [Trace - 09:11:35] Sending notification 'textDocument/didChange'.
2026-01-05 21:11:35.181 [info] [Trace - 09:11:35] Sending notification 'textDocument/didChange'.
2026-01-05 21:11:35.441 [info] [Trace - 09:11:35] Sending notification 'textDocument/didChange'.
2026-01-05 21:11:47.963 [info] [Trace - 09:11:47] Sending notification 'textDocument/didChange'.
2026-01-05 21:11:48.193 [info] [Trace - 09:11:48] Sending notification 'textDocument/didChange'.
2026-01-05 21:11:48.560 [info] [Trace - 09:11:48] Sending notification 'textDocument/didChange'.
2026-01-05 21:11:51.615 [info] [Trace - 09:11:51] Sending notification 'textDocument/didChange'.
2026-01-05 21:11:51.768 [info] [Trace - 09:11:51] Sending notification 'textDocument/didChange'.
2026-01-05 21:11:51.991 [info] [Trace - 09:11:51] Sending notification 'textDocument/didChange'.
2026-01-05 21:11:52.168 [info] [Trace - 09:11:52] Sending notification 'textDocument/didChange'.
2026-01-05 21:11:52.377 [info] [Trace - 09:11:52] Sending notification 'textDocument/didChange'.
2026-01-05 21:11:52.854 [info] [Trace - 09:11:52] Sending notification 'textDocument/didChange'.
2026-01-05 21:11:54.764 [info] [Trace - 09:11:54] Sending notification 'textDocument/didChange'.
2026-01-05 21:11:54.902 [info] [Trace - 09:11:54] Sending notification 'textDocument/didChange'.
2026-01-05 21:12:01.495 [info] [Trace - 09:12:01] Sending notification 'textDocument/didChange'.
2026-01-05 21:12:01.638 [info] [Trace - 09:12:01] Sending notification 'textDocument/didChange'.
2026-01-05 21:12:01.776 [info] [Trace - 09:12:01] Sending notification 'textDocument/didChange'.
2026-01-05 21:12:01.950 [info] [Trace - 09:12:01] Sending notification 'textDocument/didChange'.
2026-01-05 21:12:04.041 [info] [Trace - 09:12:04] Sending notification 'textDocument/didChange'.
2026-01-05 21:12:05.663 [info] [Trace - 09:12:05] Sending request 'textDocument/formatting - (1)'.
2026-01-05 21:12:05.673 [info] [Trace - 09:12:05] Received notification 'window/logMessage'.
2026-01-05 21:12:05.674 [info] /bin/python -m autopep8 -
2026-01-05 21:12:05.674 [info] [Trace - 09:12:05] Received notification 'window/logMessage'.
2026-01-05 21:12:05.674 [info] CWD Server: /home/van/Workspace/Exercises/Work 5
2026-01-05 21:12:05.758 [info] [Trace - 09:12:05] Received response 'textDocument/formatting - (1)' in 95ms.
2026-01-05 21:12:05.761 [info] [Trace - 09:12:05] Sending notification 'textDocument/didChange'.
2026-01-05 21:12:14.983 [info] [Trace - 09:12:14] Sending notification 'textDocument/didChange'.
2026-01-05 21:12:20.641 [info] [Trace - 09:12:20] Sending notification 'textDocument/didChange'.
2026-01-05 21:12:20.886 [info] [Trace - 09:12:20] Sending notification 'textDocument/didChange'.
2026-01-05 21:12:21.038 [info] [Trace - 09:12:21] Sending notification 'textDocument/didChange'.
2026-01-05 21:12:21.288 [info] [Trace - 09:12:21] Sending notification 'textDocument/didChange'.
2026-01-05 21:12:21.640 [info] [Trace - 09:12:21] Sending notification 'textDocument/didChange'.
2026-01-05 21:12:22.079 [info] [Trace - 09:12:22] Sending notification 'textDocument/didChange'.
2026-01-05 21:12:22.198 [info] [Trace - 09:12:22] Sending notification 'textDocument/didChange'.
2026-01-05 21:12:22.398 [info] [Trace - 09:12:22] Sending notification 'textDocument/didChange'.
2026-01-05 21:12:22.667 [info] [Trace - 09:12:22] Sending notification 'textDocument/didChange'.
2026-01-05 21:12:23.228 [info] [Trace - 09:12:23] Sending notification 'textDocument/didChange'.
2026-01-05 21:12:23.780 [info] [Trace - 09:12:23] Sending notification 'textDocument/didChange'.
2026-01-05 21:12:23.846 [info] [Trace - 09:12:23] Sending notification 'textDocument/didChange'.
2026-01-05 21:12:24.428 [info] [Trace - 09:12:24] Sending notification 'textDocument/didChange'.
2026-01-05 21:12:24.927 [info] [Trace - 09:12:24] Sending notification 'textDocument/didChange'.
2026-01-05 21:12:25.111 [info] [Trace - 09:12:25] Sending notification 'textDocument/didChange'.
2026-01-05 21:12:26.755 [info] [Trace - 09:12:26] Sending notification 'textDocument/didChange'.
2026-01-05 21:12:28.548 [info] [Trace - 09:12:28] Sending notification 'textDocument/didChange'.
2026-01-05 21:12:32.626 [info] [Trace - 09:12:32] Sending notification 'textDocument/didChange'.
2026-01-05 21:12:32.812 [info] [Trace - 09:12:32] Sending notification 'textDocument/didChange'.
2026-01-05 21:12:33.904 [info] [Trace - 09:12:33] Sending notification 'textDocument/didChange'.
2026-01-05 21:12:40.815 [info] [Trace - 09:12:40] Sending notification 'textDocument/didChange'.
2026-01-05 21:12:41.036 [info] [Trace - 09:12:41] Sending notification 'textDocument/didChange'.
2026-01-05 21:12:41.220 [info] [Trace - 09:12:41] Sending notification 'textDocument/didChange'.
2026-01-05 21:12:41.495 [info] [Trace - 09:12:41] Sending notification 'textDocument/didChange'.
2026-01-05 21:12:41.747 [info] [Trace - 09:12:41] Sending notification 'textDocument/didChange'.
2026-01-05 21:12:41.956 [info] [Trace - 09:12:41] Sending notification 'textDocument/didChange'.
2026-01-05 21:12:42.204 [info] [Trace - 09:12:42] Sending notification 'textDocument/didChange'.
2026-01-05 21:12:42.718 [info] [Trace - 09:12:42] Sending notification 'textDocument/didChange'.
2026-01-05 21:12:43.240 [info] [Trace - 09:12:43] Sending notification 'textDocument/didChange'.
2026-01-05 21:12:43.388 [info] [Trace - 09:12:43] Sending notification 'textDocument/didChange'.
2026-01-05 21:12:43.508 [info] [Trace - 09:12:43] Sending notification 'textDocument/didChange'.
2026-01-05 21:12:49.052 [info] [Trace - 09:12:49] Sending notification 'textDocument/didChange'.
2026-01-05 21:12:49.962 [info] [Trace - 09:12:49] Sending notification 'textDocument/didChange'.
2026-01-05 21:12:50.867 [info] [Trace - 09:12:50] Sending notification 'textDocument/didChange'.
2026-01-05 21:12:52.216 [info] [Trace - 09:12:52] Sending notification 'textDocument/didChange'.
2026-01-05 21:12:54.911 [info] [Trace - 09:12:54] Sending notification 'textDocument/didChange'.
2026-01-05 21:12:55.148 [info] [Trace - 09:12:55] Sending notification 'textDocument/didChange'.
2026-01-05 21:12:57.270 [info] [Trace - 09:12:57] Sending notification 'textDocument/didChange'.
2026-01-05 21:12:57.380 [info] [Trace - 09:12:57] Sending notification 'textDocument/didChange'.
2026-01-05 21:12:57.463 [info] [Trace - 09:12:57] Sending notification 'textDocument/didChange'.
2026-01-05 21:12:57.688 [info] [Trace - 09:12:57] Sending notification 'textDocument/didChange'.
2026-01-05 21:12:58.535 [info] [Trace - 09:12:58] Sending notification 'textDocument/didChange'.
2026-01-05 21:13:00.234 [info] [Trace - 09:13:00] Sending notification 'textDocument/didChange'.
2026-01-05 21:13:00.620 [info] [Trace - 09:13:00] Sending notification 'textDocument/didChange'.
2026-01-05 21:13:04.391 [info] [Trace - 09:13:04] Sending notification 'textDocument/didChange'.
2026-01-05 21:13:04.533 [info] [Trace - 09:13:04] Sending notification 'textDocument/didChange'.
2026-01-05 21:13:04.689 [info] [Trace - 09:13:04] Sending notification 'textDocument/didChange'.
2026-01-05 21:13:06.312 [info] [Trace - 09:13:06] Sending notification 'textDocument/didChange'.
2026-01-05 21:13:06.491 [info] [Trace - 09:13:06] Sending notification 'textDocument/didChange'.
2026-01-05 21:13:06.727 [info] [Trace - 09:13:06] Sending notification 'textDocument/didChange'.
2026-01-05 21:13:06.864 [info] [Trace - 09:13:06] Sending notification 'textDocument/didChange'.
2026-01-05 21:13:09.054 [info] [Trace - 09:13:09] Sending notification 'textDocument/didChange'.
2026-01-05 21:13:09.294 [info] [Trace - 09:13:09] Sending notification 'textDocument/didChange'.
2026-01-05 21:13:09.486 [info] [Trace - 09:13:09] Sending notification 'textDocument/didChange'.
2026-01-05 21:13:09.688 [info] [Trace - 09:13:09] Sending notification 'textDocument/didChange'.
2026-01-05 21:13:10.069 [info] [Trace - 09:13:10] Sending notification 'textDocument/didChange'.
2026-01-05 21:13:10.279 [info] [Trace - 09:13:10] Sending notification 'textDocument/didChange'.
2026-01-05 21:13:10.576 [info] [Trace - 09:13:10] Sending notification 'textDocument/didChange'.
2026-01-05 21:13:11.912 [info] [Trace - 09:13:11] Sending notification 'textDocument/didChange'.
2026-01-05 21:13:12.035 [info] [Trace - 09:13:12] Sending notification 'textDocument/didChange'.
2026-01-05 21:13:12.183 [info] [Trace - 09:13:12] Sending notification 'textDocument/didChange'.
2026-01-05 21:13:21.851 [info] [Trace - 09:13:21] Sending notification 'textDocument/didChange'.
2026-01-05 21:13:21.976 [info] [Trace - 09:13:21] Sending notification 'textDocument/didChange'.
2026-01-05 21:13:22.288 [info] [Trace - 09:13:22] Sending notification 'textDocument/didChange'.
2026-01-05 21:13:22.447 [info] [Trace - 09:13:22] Sending notification 'textDocument/didChange'.
2026-01-05 21:13:23.791 [info] [Trace - 09:13:23] Sending notification 'textDocument/didChange'.
2026-01-05 21:13:23.991 [info] [Trace - 09:13:23] Sending notification 'textDocument/didChange'.
2026-01-05 21:13:24.177 [info] [Trace - 09:13:24] Sending notification 'textDocument/didChange'.
2026-01-05 21:13:24.389 [info] [Trace - 09:13:24] Sending notification 'textDocument/didChange'.
2026-01-05 21:13:24.575 [info] [Trace - 09:13:24] Sending notification 'textDocument/didChange'.
2026-01-05 21:13:24.775 [info] [Trace - 09:13:24] Sending notification 'textDocument/didChange'.
2026-01-05 21:13:25.143 [info] [Trace - 09:13:25] Sending notification 'textDocument/didChange'.
2026-01-05 21:13:26.048 [info] [Trace - 09:13:26] Sending notification 'textDocument/didChange'.
2026-01-05 21:13:26.313 [info] [Trace - 09:13:26] Sending notification 'textDocument/didChange'.
2026-01-05 21:13:26.735 [info] [Trace - 09:13:26] Sending notification 'textDocument/didChange'.
2026-01-05 21:13:27.008 [info] [Trace - 09:13:27] Sending notification 'textDocument/didChange'.
2026-01-05 21:13:28.424 [info] [Trace - 09:13:28] Sending notification 'textDocument/didChange'.
2026-01-05 21:13:28.939 [info] [Trace - 09:13:28] Sending notification 'textDocument/didChange'.
2026-01-05 21:13:29.703 [info] [Trace - 09:13:29] Sending notification 'textDocument/didChange'.
2026-01-05 21:13:30.192 [info] [Trace - 09:13:30] Sending notification 'textDocument/didChange'.
2026-01-05 21:13:30.527 [info] [Trace - 09:13:30] Sending notification 'textDocument/didChange'.
2026-01-05 21:13:30.792 [info] [Trace - 09:13:30] Sending notification 'textDocument/didChange'.
2026-01-05 21:13:31.248 [info] [Trace - 09:13:31] Sending notification 'textDocument/didChange'.
2026-01-05 21:13:31.446 [info] [Trace - 09:13:31] Sending notification 'textDocument/didChange'.
2026-01-05 21:13:31.597 [info] [Trace - 09:13:31] Sending notification 'textDocument/didChange'.
2026-01-05 21:13:31.768 [info] [Trace - 09:13:31] Sending notification 'textDocument/didChange'.
2026-01-05 21:13:32.113 [info] [Trace - 09:13:32] Sending notification 'textDocument/didChange'.
2026-01-05 21:13:32.217 [info] [Trace - 09:13:32] Sending notification 'textDocument/didChange'.
2026-01-05 21:13:32.454 [info] [Trace - 09:13:32] Sending notification 'textDocument/didChange'.
2026-01-05 21:13:32.524 [info] [Trace - 09:13:32] Sending notification 'textDocument/didChange'.
2026-01-05 21:13:36.422 [info] [Trace - 09:13:36] Sending notification 'textDocument/didChange'.
2026-01-05 21:13:36.614 [info] [Trace - 09:13:36] Sending notification 'textDocument/didChange'.
2026-01-05 21:13:36.808 [info] [Trace - 09:13:36] Sending notification 'textDocument/didChange'.
2026-01-05 21:13:36.972 [info] [Trace - 09:13:36] Sending notification 'textDocument/didChange'.
2026-01-05 21:13:37.160 [info] [Trace - 09:13:37] Sending notification 'textDocument/didChange'.
2026-01-05 21:13:37.328 [info] [Trace - 09:13:37] Sending notification 'textDocument/didChange'.
2026-01-05 21:13:37.519 [info] [Trace - 09:13:37] Sending notification 'textDocument/didChange'.
2026-01-05 21:13:37.719 [info] [Trace - 09:13:37] Sending notification 'textDocument/didChange'.
2026-01-05 21:15:00.431 [info] [Trace - 09:15:00] Sending notification 'textDocument/didChange'.
2026-01-05 21:15:01.785 [info] [Trace - 09:15:01] Sending notification 'textDocument/didChange'.
2026-01-05 21:15:02.017 [info] [Trace - 09:15:02] Sending notification 'textDocument/didChange'.
2026-01-05 21:15:02.167 [info] [Trace - 09:15:02] Sending notification 'textDocument/didChange'.
2026-01-05 21:15:02.284 [info] [Trace - 09:15:02] Sending notification 'textDocument/didChange'.
2026-01-05 21:15:02.533 [info] [Trace - 09:15:02] Sending notification 'textDocument/didChange'.
2026-01-05 21:15:02.808 [info] [Trace - 09:15:02] Sending notification 'textDocument/didChange'.
2026-01-05 21:15:02.951 [info] [Trace - 09:15:02] Sending notification 'textDocument/didChange'.
2026-01-05 21:15:04.064 [info] [Trace - 09:15:04] Sending notification 'textDocument/didChange'.
2026-01-05 21:15:04.212 [info] [Trace - 09:15:04] Sending notification 'textDocument/didChange'.
2026-01-05 21:15:04.420 [info] [Trace - 09:15:04] Sending notification 'textDocument/didChange'.
2026-01-05 21:15:04.629 [info] [Trace - 09:15:04] Sending notification 'textDocument/didChange'.
2026-01-05 21:15:04.951 [info] [Trace - 09:15:04] Sending notification 'textDocument/didChange'.
2026-01-05 21:15:05.201 [info] [Trace - 09:15:05] Sending notification 'textDocument/didChange'.
2026-01-05 21:15:05.725 [info] [Trace - 09:15:05] Sending notification 'textDocument/didChange'.
2026-01-05 21:15:06.244 [info] [Trace - 09:15:06] Sending notification 'textDocument/didChange'.
2026-01-05 21:15:16.295 [info] [Trace - 09:15:16] Sending notification 'textDocument/didChange'.
2026-01-05 21:15:16.584 [info] [Trace - 09:15:16] Sending notification 'textDocument/didChange'.
2026-01-05 21:15:16.886 [info] [Trace - 09:15:16] Sending notification 'textDocument/didChange'.
2026-01-05 21:15:17.935 [info] [Trace - 09:15:17] Sending notification 'textDocument/didChange'.
2026-01-05 21:15:18.118 [info] [Trace - 09:15:18] Sending notification 'textDocument/didChange'.
2026-01-05 21:15:18.304 [info] [Trace - 09:15:18] Sending notification 'textDocument/didChange'.
2026-01-05 21:15:18.544 [info] [Trace - 09:15:18] Sending notification 'textDocument/didChange'.
2026-01-05 21:15:18.744 [info] [Trace - 09:15:18] Sending notification 'textDocument/didChange'.
2026-01-05 21:15:18.944 [info] [Trace - 09:15:18] Sending notification 'textDocument/didChange'.
2026-01-05 21:15:19.096 [info] [Trace - 09:15:19] Sending notification 'textDocument/didChange'.
2026-01-05 21:15:19.431 [info] [Trace - 09:15:19] Sending notification 'textDocument/didChange'.
2026-01-05 21:15:19.684 [info] [Trace - 09:15:19] Sending notification 'textDocument/didChange'.
2026-01-05 21:15:19.894 [info] [Trace - 09:15:19] Sending notification 'textDocument/didChange'.
2026-01-05 21:15:20.312 [info] [Trace - 09:15:20] Sending notification 'textDocument/didChange'.
2026-01-05 21:15:21.296 [info] [Trace - 09:15:21] Sending notification 'textDocument/didChange'.
2026-01-05 21:15:21.511 [info] [Trace - 09:15:21] Sending notification 'textDocument/didChange'.
2026-01-05 21:15:21.728 [info] [Trace - 09:15:21] Sending notification 'textDocument/didChange'.
2026-01-05 21:15:21.834 [info] [Trace - 09:15:21] Sending notification 'textDocument/didChange'.
2026-01-05 21:15:21.951 [info] [Trace - 09:15:21] Sending notification 'textDocument/didChange'.
2026-01-05 21:15:22.126 [info] [Trace - 09:15:22] Sending notification 'textDocument/didChange'.
2026-01-05 21:15:22.224 [info] [Trace - 09:15:22] Sending notification 'textDocument/didChange'.
2026-01-05 21:15:22.568 [info] [Trace - 09:15:22] Sending notification 'textDocument/didChange'.
2026-01-05 21:15:23.596 [info] [Trace - 09:15:23] Sending notification 'textDocument/didChange'.
2026-01-05 21:15:23.760 [info] [Trace - 09:15:23] Sending notification 'textDocument/didChange'.
2026-01-05 21:15:23.905 [info] [Trace - 09:15:23] Sending notification 'textDocument/didChange'.
2026-01-05 21:15:24.618 [info] [Trace - 09:15:24] Sending notification 'textDocument/didChange'.
2026-01-05 21:15:25.610 [info] [Trace - 09:15:25] Sending notification 'textDocument/didOpen'.
2026-01-05 21:15:25.611 [info] [Trace - 09:15:25] Sending notification 'textDocument/didClose'.
2026-01-05 21:16:09.254 [info] [Trace - 09:16:09] Sending notification 'textDocument/didChange'.
2026-01-05 21:16:09.905 [info] [Trace - 09:16:09] Sending notification 'textDocument/didChange'.
2026-01-05 21:16:10.069 [info] [Trace - 09:16:10] Sending notification 'textDocument/didChange'.
2026-01-05 21:16:10.276 [info] [Trace - 09:16:10] Sending notification 'textDocument/didChange'.
2026-01-05 21:16:10.416 [info] [Trace - 09:16:10] Sending notification 'textDocument/didChange'.
2026-01-05 21:16:10.768 [info] [Trace - 09:16:10] Sending notification 'textDocument/didChange'.
2026-01-05 21:16:10.999 [info] [Trace - 09:16:10] Sending notification 'textDocument/didChange'.
2026-01-05 21:16:11.144 [info] [Trace - 09:16:11] Sending notification 'textDocument/didChange'.
2026-01-05 21:16:13.439 [info] [Trace - 09:16:13] Sending notification 'textDocument/didChange'.
2026-01-05 21:16:14.542 [info] [Trace - 09:16:14] Sending notification 'textDocument/didChange'.
2026-01-05 21:16:15.630 [info] [Trace - 09:16:15] Sending notification 'textDocument/didChange'.
2026-01-05 21:16:15.726 [info] [Trace - 09:16:15] Sending notification 'textDocument/didChange'.
2026-01-05 21:16:17.521 [info] [Trace - 09:16:17] Sending notification 'textDocument/didChange'.
2026-01-05 21:16:18.225 [info] [Trace - 09:16:18] Sending notification 'textDocument/didChange'.
2026-01-05 21:16:18.446 [info] [Trace - 09:16:18] Sending notification 'textDocument/didChange'.
2026-01-05 21:16:19.120 [info] [Trace - 09:16:19] Sending notification 'textDocument/didChange'.
2026-01-05 21:16:19.308 [info] [Trace - 09:16:19] Sending notification 'textDocument/didChange'.
2026-01-05 21:16:19.544 [info] [Trace - 09:16:19] Sending notification 'textDocument/didChange'.
2026-01-05 21:16:20.443 [info] [Trace - 09:16:20] Sending notification 'textDocument/didChange'.
2026-01-05 21:16:20.646 [info] [Trace - 09:16:20] Sending notification 'textDocument/didChange'.
2026-01-05 21:16:21.136 [info] [Trace - 09:16:21] Sending notification 'textDocument/didChange'.
2026-01-05 21:16:25.180 [info] [Trace - 09:16:25] Sending notification 'textDocument/didChange'.
2026-01-05 21:16:25.358 [info] [Trace - 09:16:25] Sending notification 'textDocument/didChange'.
2026-01-05 21:16:25.580 [info] [Trace - 09:16:25] Sending notification 'textDocument/didChange'.
2026-01-05 21:16:25.776 [info] [Trace - 09:16:25] Sending notification 'textDocument/didChange'.
2026-01-05 21:16:25.933 [info] [Trace - 09:16:25] Sending notification 'textDocument/didChange'.
2026-01-05 21:16:26.279 [info] [Trace - 09:16:26] Sending notification 'textDocument/didChange'.
2026-01-05 21:16:26.464 [info] [Trace - 09:16:26] Sending notification 'textDocument/didChange'.
2026-01-05 21:16:26.605 [info] [Trace - 09:16:26] Sending notification 'textDocument/didChange'.
2026-01-05 21:16:27.962 [info] [Trace - 09:16:27] Sending notification 'textDocument/didChange'.
2026-01-05 21:16:28.176 [info] [Trace - 09:16:28] Sending notification 'textDocument/didChange'.
2026-01-05 21:16:28.316 [info] [Trace - 09:16:28] Sending notification 'textDocument/didChange'.
2026-01-05 21:16:28.559 [info] [Trace - 09:16:28] Sending notification 'textDocument/didChange'.
2026-01-05 21:16:28.784 [info] [Trace - 09:16:28] Sending notification 'textDocument/didChange'.
2026-01-05 21:16:29.423 [info] [Trace - 09:16:29] Sending notification 'textDocument/didChange'.
2026-01-05 21:16:29.606 [info] [Trace - 09:16:29] Sending notification 'textDocument/didChange'.
2026-01-05 21:16:29.959 [info] [Trace - 09:16:29] Sending notification 'textDocument/didChange'.
2026-01-05 21:16:30.101 [info] [Trace - 09:16:30] Sending notification 'textDocument/didChange'.
2026-01-05 21:16:32.201 [info] [Trace - 09:16:32] Sending notification 'textDocument/didChange'.
2026-01-05 21:16:36.799 [info] [Trace - 09:16:36] Sending notification 'textDocument/didChange'.
2026-01-05 21:16:37.984 [info] [Trace - 09:16:37] Sending notification 'textDocument/didChange'.
2026-01-05 21:16:38.148 [info] [Trace - 09:16:38] Sending notification 'textDocument/didChange'.
2026-01-05 21:16:38.213 [info] [Trace - 09:16:38] Sending notification 'textDocument/didChange'.
2026-01-05 21:16:38.361 [info] [Trace - 09:16:38] Sending notification 'textDocument/didChange'.
2026-01-05 21:16:38.471 [info] [Trace - 09:16:38] Sending notification 'textDocument/didChange'.
2026-01-05 21:16:38.776 [info] [Trace - 09:16:38] Sending notification 'textDocument/didChange'.
2026-01-05 21:16:39.514 [info] [Trace - 09:16:39] Sending notification 'textDocument/didChange'.
2026-01-05 21:16:39.614 [info] [Trace - 09:16:39] Sending notification 'textDocument/didChange'.
2026-01-05 21:16:39.863 [info] [Trace - 09:16:39] Sending notification 'textDocument/didChange'.
2026-01-05 21:16:39.962 [info] [Trace - 09:16:39] Sending notification 'textDocument/didChange'.
2026-01-05 21:16:41.263 [info] [Trace - 09:16:41] Sending notification 'textDocument/didChange'.
2026-01-05 21:16:41.718 [info] [Trace - 09:16:41] Sending request 'textDocument/formatting - (2)'.
2026-01-05 21:16:41.722 [info] [Trace - 09:16:41] Received notification 'window/logMessage'.
2026-01-05 21:16:41.722 [info] /bin/python -m autopep8 -
2026-01-05 21:16:41.723 [info] [Trace - 09:16:41] Received notification 'window/logMessage'.
2026-01-05 21:16:41.723 [info] CWD Server: /home/van/Workspace/Exercises/Work 5
2026-01-05 21:16:41.782 [info] [Trace - 09:16:41] Received response 'textDocument/formatting - (2)' in 64ms.
2026-01-05 21:16:41.784 [info] [Trace - 09:16:41] Sending notification 'textDocument/didChange'.
2026-01-05 21:17:22.170 [info] [Trace - 09:17:22] Sending notification 'textDocument/didOpen'.
2026-01-05 21:17:22.177 [info] [Trace - 09:17:22] Sending notification 'textDocument/didClose'.
2026-01-05 21:17:29.162 [info] [Trace - 09:17:29] Sending notification 'textDocument/didChange'.
2026-01-05 21:17:30.630 [info] [Trace - 09:17:30] Sending notification 'textDocument/didChange'.
2026-01-05 21:17:30.794 [info] [Trace - 09:17:30] Sending notification 'textDocument/didChange'.
2026-01-05 21:17:30.902 [info] [Trace - 09:17:30] Sending notification 'textDocument/didChange'.
2026-01-05 21:17:33.793 [info] [Trace - 09:17:33] Sending notification 'textDocument/didChange'.
2026-01-05 21:17:33.932 [info] [Trace - 09:17:33] Sending notification 'textDocument/didChange'.
2026-01-05 21:17:34.206 [info] [Trace - 09:17:34] Sending notification 'textDocument/didChange'.
2026-01-05 21:17:34.496 [info] [Trace - 09:17:34] Sending notification 'textDocument/didChange'.
2026-01-05 21:17:35.693 [info] [Trace - 09:17:35] Sending notification 'textDocument/didChange'.
2026-01-05 21:17:35.942 [info] [Trace - 09:17:35] Sending notification 'textDocument/didChange'.
2026-01-05 21:17:36.111 [info] [Trace - 09:17:36] Sending notification 'textDocument/didChange'.
2026-01-05 21:17:36.286 [info] [Trace - 09:17:36] Sending notification 'textDocument/didChange'.
2026-01-05 21:17:36.680 [info] [Trace - 09:17:36] Sending notification 'textDocument/didChange'.
2026-01-05 21:17:36.797 [info] [Trace - 09:17:36] Sending notification 'textDocument/didChange'.
2026-01-05 21:17:37.102 [info] [Trace - 09:17:37] Sending notification 'textDocument/didChange'.
2026-01-05 21:17:37.254 [info] [Trace - 09:17:37] Sending notification 'textDocument/didChange'.
2026-01-05 21:17:39.433 [info] [Trace - 09:17:39] Sending notification 'textDocument/didChange'.
2026-01-05 21:17:39.912 [info] [Trace - 09:17:39] Sending notification 'textDocument/didChange'.
2026-01-05 21:17:40.145 [info] [Trace - 09:17:40] Sending notification 'textDocument/didChange'.
2026-01-05 21:17:40.536 [info] [Trace - 09:17:40] Sending notification 'textDocument/didChange'.
2026-01-05 21:17:40.664 [info] [Trace - 09:17:40] Sending notification 'textDocument/didChange'.
2026-01-05 21:17:40.831 [info] [Trace - 09:17:40] Sending notification 'textDocument/didChange'.
2026-01-05 21:17:41.052 [info] [Trace - 09:17:41] Sending notification 'textDocument/didChange'.
2026-01-05 21:17:42.226 [info] [Trace - 09:17:42] Sending notification 'textDocument/didChange'.
2026-01-05 21:17:49.018 [info] [Trace - 09:17:49] Sending notification 'textDocument/didOpen'.
2026-01-05 21:17:49.020 [info] [Trace - 09:17:49] Sending notification 'textDocument/didClose'.
2026-01-05 21:17:58.128 [info] [Trace - 09:17:58] Sending notification 'textDocument/didChange'.
2026-01-05 21:17:58.292 [info] [Trace - 09:17:58] Sending notification 'textDocument/didChange'.
2026-01-05 21:17:58.448 [info] [Trace - 09:17:58] Sending notification 'textDocument/didChange'.
2026-01-05 21:17:58.638 [info] [Trace - 09:17:58] Sending notification 'textDocument/didChange'.
2026-01-05 21:18:00.967 [info] [Trace - 09:18:00] Sending notification 'textDocument/didChange'.
2026-01-05 21:18:01.660 [info] [Trace - 09:18:01] Sending notification 'textDocument/didChange'.
2026-01-05 21:18:03.185 [info] [Trace - 09:18:03] Sending notification 'textDocument/didChange'.
2026-01-05 21:18:03.857 [info] [Trace - 09:18:03] Sending notification 'textDocument/didChange'.
2026-01-05 21:18:04.481 [info] [Trace - 09:18:04] Sending notification 'textDocument/didChange'.
2026-01-05 21:18:04.809 [info] [Trace - 09:18:04] Sending notification 'textDocument/didChange'.
2026-01-05 21:18:05.034 [info] [Trace - 09:18:05] Sending notification 'textDocument/didChange'.
2026-01-05 21:18:05.318 [info] [Trace - 09:18:05] Sending notification 'textDocument/didChange'.
2026-01-05 21:18:05.485 [info] [Trace - 09:18:05] Sending notification 'textDocument/didChange'.
2026-01-05 21:18:05.660 [info] [Trace - 09:18:05] Sending notification 'textDocument/didChange'.
2026-01-05 21:18:05.808 [info] [Trace - 09:18:05] Sending notification 'textDocument/didChange'.
2026-01-05 21:18:06.128 [info] [Trace - 09:18:06] Sending notification 'textDocument/didChange'.
2026-01-05 21:18:10.102 [info] [Trace - 09:18:10] Sending notification 'textDocument/didChange'.
2026-01-05 21:18:10.504 [info] [Trace - 09:18:10] Sending notification 'textDocument/didChange'.
2026-01-05 21:18:11.085 [info] [Trace - 09:18:11] Sending notification 'textDocument/didChange'.
2026-01-05 21:18:12.562 [info] [Trace - 09:18:12] Sending notification 'textDocument/didChange'.
2026-01-05 21:18:13.241 [info] [Trace - 09:18:13] Sending notification 'textDocument/didChange'.
2026-01-05 21:18:13.324 [info] [Trace - 09:18:13] Sending notification 'textDocument/didChange'.
2026-01-05 21:18:13.874 [info] [Trace - 09:18:13] Sending notification 'textDocument/didChange'.
2026-01-05 21:18:13.959 [info] [Trace - 09:18:13] Sending notification 'textDocument/didChange'.
2026-01-05 21:18:15.431 [info] [Trace - 09:18:15] Sending notification 'textDocument/didChange'.
2026-01-05 21:18:15.769 [info] [Trace - 09:18:15] Sending notification 'textDocument/didChange'.
2026-01-05 21:18:29.290 [info] [Trace - 09:18:29] Sending notification 'textDocument/didChange'.
2026-01-05 21:18:40.488 [info] [Trace - 09:18:40] Sending notification 'textDocument/didChange'.
2026-01-05 21:18:45.870 [info] [Trace - 09:18:45] Sending notification 'textDocument/didChange'.
2026-01-05 21:18:46.974 [info] [Trace - 09:18:46] Sending notification 'textDocument/didChange'.
2026-01-05 21:18:48.166 [info] [Trace - 09:18:48] Sending notification 'textDocument/didChange'.
2026-01-05 21:18:48.334 [info] [Trace - 09:18:48] Sending notification 'textDocument/didChange'.
2026-01-05 21:18:48.512 [info] [Trace - 09:18:48] Sending notification 'textDocument/didChange'.
2026-01-05 21:18:49.143 [info] [Trace - 09:18:49] Sending notification 'textDocument/didChange'.
2026-01-05 21:18:49.647 [info] [Trace - 09:18:49] Sending notification 'textDocument/didChange'.
2026-01-05 21:18:49.777 [info] [Trace - 09:18:49] Sending notification 'textDocument/didChange'.
2026-01-05 21:18:49.860 [info] [Trace - 09:18:49] Sending notification 'textDocument/didChange'.
2026-01-05 21:18:49.991 [info] [Trace - 09:18:49] Sending notification 'textDocument/didChange'.
2026-01-05 21:18:50.503 [info] [Trace - 09:18:50] Sending notification 'textDocument/didChange'.
2026-01-05 21:18:51.262 [info] [Trace - 09:18:51] Sending notification 'textDocument/didChange'.
2026-01-05 21:18:51.712 [info] [Trace - 09:18:51] Sending notification 'textDocument/didChange'.
2026-01-05 21:18:51.729 [info] [Trace - 09:18:51] Sending notification 'textDocument/didChange'.
2026-01-05 21:18:51.983 [info] [Trace - 09:18:51] Sending notification 'textDocument/didChange'.
2026-01-05 21:18:52.192 [info] [Trace - 09:18:52] Sending notification 'textDocument/didChange'.
2026-01-05 21:18:52.392 [info] [Trace - 09:18:52] Sending notification 'textDocument/didChange'.
2026-01-05 21:18:52.783 [info] [Trace - 09:18:52] Sending notification 'textDocument/didChange'.
2026-01-05 21:18:53.672 [info] [Trace - 09:18:53] Sending notification 'textDocument/didChange'.
2026-01-05 21:18:53.978 [info] [Trace - 09:18:53] Sending notification 'textDocument/didChange'.
2026-01-05 21:18:55.809 [info] [Trace - 09:18:55] Sending notification 'textDocument/didChange'.
2026-01-05 21:18:56.281 [info] [Trace - 09:18:56] Sending notification 'textDocument/didChange'.
2026-01-05 21:18:56.623 [info] [Trace - 09:18:56] Sending notification 'textDocument/didChange'.
2026-01-05 21:18:57.015 [info] [Trace - 09:18:57] Sending notification 'textDocument/didChange'.
2026-01-05 21:18:57.207 [info] [Trace - 09:18:57] Sending notification 'textDocument/didChange'.
2026-01-05 21:18:57.454 [info] [Trace - 09:18:57] Sending notification 'textDocument/didChange'.
2026-01-05 21:19:03.225 [info] [Trace - 09:19:03] Sending notification 'textDocument/didChange'.
2026-01-05 21:19:05.360 [info] [Trace - 09:19:05] Sending notification 'textDocument/didChange'.
2026-01-05 21:19:05.929 [info] [Trace - 09:19:05] Sending notification 'textDocument/didChange'.
2026-01-05 21:19:06.481 [info] [Trace - 09:19:06] Sending notification 'textDocument/didChange'.
2026-01-05 21:19:06.583 [info] [Trace - 09:19:06] Sending notification 'textDocument/didChange'.
2026-01-05 21:19:06.744 [info] [Trace - 09:19:06] Sending notification 'textDocument/didChange'.
2026-01-05 21:19:06.862 [info] [Trace - 09:19:06] Sending notification 'textDocument/didChange'.
2026-01-05 21:19:07.369 [info] [Trace - 09:19:07] Sending notification 'textDocument/didChange'.
2026-01-05 21:19:21.823 [info] [Trace - 09:19:21] Sending notification 'textDocument/didChange'.
2026-01-05 21:19:23.129 [info] [Trace - 09:19:23] Sending notification 'textDocument/didChange'.
2026-01-05 21:19:23.269 [info] [Trace - 09:19:23] Sending notification 'textDocument/didChange'.
2026-01-05 21:19:23.496 [info] [Trace - 09:19:23] Sending notification 'textDocument/didChange'.
2026-01-05 21:19:23.761 [info] [Trace - 09:19:23] Sending notification 'textDocument/didChange'.
2026-01-05 21:19:24.127 [info] [Trace - 09:19:24] Sending notification 'textDocument/didChange'.
2026-01-05 21:19:24.318 [info] [Trace - 09:19:24] Sending notification 'textDocument/didChange'.
2026-01-05 21:19:30.033 [info] [Trace - 09:19:30] Sending notification 'textDocument/didChange'.
2026-01-05 21:19:36.015 [info] [Trace - 09:19:36] Sending notification 'textDocument/didChange'.
2026-01-05 21:19:36.415 [info] [Trace - 09:19:36] Sending notification 'textDocument/didChange'.
2026-01-05 21:19:36.720 [info] [Trace - 09:19:36] Sending notification 'textDocument/didChange'.
2026-01-05 21:19:40.636 [info] [Trace - 09:19:40] Sending notification 'textDocument/didChange'.
2026-01-05 21:19:42.080 [info] [Trace - 09:19:42] Sending notification 'textDocument/didChange'.
2026-01-05 21:19:42.253 [info] [Trace - 09:19:42] Sending notification 'textDocument/didChange'.
2026-01-05 21:19:42.728 [info] [Trace - 09:19:42] Sending notification 'textDocument/didChange'.
2026-01-05 21:19:42.840 [info] [Trace - 09:19:42] Sending notification 'textDocument/didChange'.
2026-01-05 21:19:43.105 [info] [Trace - 09:19:43] Sending notification 'textDocument/didChange'.
2026-01-05 21:19:43.794 [info] [Trace - 09:19:43] Sending notification 'textDocument/didChange'.
2026-01-05 21:19:43.873 [info] [Trace - 09:19:43] Sending notification 'textDocument/didChange'.
2026-01-05 21:19:45.806 [info] [Trace - 09:19:45] Sending notification 'textDocument/didChange'.
2026-01-05 21:19:47.114 [info] [Trace - 09:19:47] Sending notification 'textDocument/didChange'.
2026-01-05 21:19:50.150 [info] [Trace - 09:19:50] Sending notification 'textDocument/didChange'.
2026-01-05 21:19:50.794 [info] [Trace - 09:19:50] Sending notification 'textDocument/didChange'.
2026-01-05 21:20:08.920 [info] [Trace - 09:20:08] Sending notification 'textDocument/didChange'.
2026-01-05 21:20:09.294 [info] [Trace - 09:20:09] Sending notification 'textDocument/didChange'.
2026-01-05 21:20:09.975 [info] [Trace - 09:20:09] Sending notification 'textDocument/didChange'.
2026-01-05 21:20:10.696 [info] [Trace - 09:20:10] Sending notification 'textDocument/didChange'.
2026-01-05 21:20:11.498 [info] [Trace - 09:20:11] Sending notification 'textDocument/didChange'.
2026-01-05 21:20:12.224 [info] [Trace - 09:20:12] Sending notification 'textDocument/didChange'.
2026-01-05 21:20:13.226 [info] [Trace - 09:20:13] Sending notification 'textDocument/didChange'.
2026-01-05 21:20:13.976 [info] [Trace - 09:20:13] Sending notification 'textDocument/didChange'.
2026-01-05 21:20:14.235 [info] [Trace - 09:20:14] Sending notification 'textDocument/didChange'.
2026-01-05 21:20:21.657 [info] [Trace - 09:20:21] Sending notification 'textDocument/didChange'.
2026-01-05 21:20:23.825 [info] [Trace - 09:20:23] Sending notification 'textDocument/didChange'.
2026-01-05 21:20:23.997 [info] [Trace - 09:20:23] Sending notification 'textDocument/didChange'.
2026-01-05 21:20:24.116 [info] [Trace - 09:20:24] Sending notification 'textDocument/didChange'.
2026-01-05 21:20:24.280 [info] [Trace - 09:20:24] Sending notification 'textDocument/didChange'.
2026-01-05 21:20:24.388 [info] [Trace - 09:20:24] Sending notification 'textDocument/didChange'.
2026-01-05 21:20:24.783 [info] [Trace - 09:20:24] Sending notification 'textDocument/didChange'.
2026-01-05 21:20:27.833 [info] [Trace - 09:20:27] Sending notification 'textDocument/didChange'.
2026-01-05 21:20:27.996 [info] [Trace - 09:20:27] Sending notification 'textDocument/didChange'.
2026-01-05 21:20:28.166 [info] [Trace - 09:20:28] Sending notification 'textDocument/didChange'.
2026-01-05 21:20:28.269 [info] [Trace - 09:20:28] Sending notification 'textDocument/didChange'.
2026-01-05 21:20:29.031 [info] [Trace - 09:20:29] Sending notification 'textDocument/didChange'.
2026-01-05 21:20:29.300 [info] [Trace - 09:20:29] Sending notification 'textDocument/didChange'.
2026-01-05 21:20:29.860 [info] [Trace - 09:20:29] Sending notification 'textDocument/didChange'.
2026-01-05 21:20:30.144 [info] [Trace - 09:20:30] Sending notification 'textDocument/didChange'.
2026-01-05 21:20:30.253 [info] [Trace - 09:20:30] Sending notification 'textDocument/didChange'.
2026-01-05 21:20:31.719 [info] [Trace - 09:20:31] Sending notification 'textDocument/didChange'.
2026-01-05 21:20:34.128 [info] [Trace - 09:20:34] Sending notification 'textDocument/didChange'.
2026-01-05 21:20:34.375 [info] [Trace - 09:20:34] Sending notification 'textDocument/didChange'.
2026-01-05 21:20:34.887 [info] [Trace - 09:20:34] Sending notification 'textDocument/didChange'.
2026-01-05 21:20:39.367 [info] [Trace - 09:20:39] Sending notification 'textDocument/didChange'.
2026-01-05 21:20:39.661 [info] [Trace - 09:20:39] Sending notification 'textDocument/didChange'.
2026-01-05 21:20:40.219 [info] [Trace - 09:20:40] Sending notification 'textDocument/didChange'.
2026-01-05 21:20:40.729 [info] [Trace - 09:20:40] Sending notification 'textDocument/didChange'.
2026-01-05 21:20:40.880 [info] [Trace - 09:20:40] Sending notification 'textDocument/didChange'.
2026-01-05 21:20:41.054 [info] [Trace - 09:20:41] Sending notification 'textDocument/didChange'.
2026-01-05 21:20:41.593 [info] [Trace - 09:20:41] Sending notification 'textDocument/didChange'.
2026-01-05 21:20:41.985 [info] [Trace - 09:20:41] Sending notification 'textDocument/didChange'.
2026-01-05 21:20:50.380 [info] [Trace - 09:20:50] Sending notification 'textDocument/didChange'.
2026-01-05 21:20:50.491 [info] [Trace - 09:20:50] Sending notification 'textDocument/didChange'.
2026-01-05 21:20:50.706 [info] [Trace - 09:20:50] Sending notification 'textDocument/didChange'.
2026-01-05 21:20:50.816 [info] [Trace - 09:20:50] Sending notification 'textDocument/didChange'.
2026-01-05 21:20:51.189 [info] [Trace - 09:20:51] Sending notification 'textDocument/didChange'.
2026-01-05 21:20:51.791 [info] [Trace - 09:20:51] Sending notification 'textDocument/didChange'.
2026-01-05 21:20:52.600 [info] [Trace - 09:20:52] Sending notification 'textDocument/didChange'.
2026-01-05 21:20:53.630 [info] [Trace - 09:20:53] Sending notification 'textDocument/didChange'.
2026-01-05 21:20:53.767 [info] [Trace - 09:20:53] Sending notification 'textDocument/didChange'.
2026-01-05 21:20:54.009 [info] [Trace - 09:20:54] Sending notification 'textDocument/didChange'.
2026-01-05 21:20:54.254 [info] [Trace - 09:20:54] Sending notification 'textDocument/didChange'.
2026-01-05 21:20:54.377 [info] [Trace - 09:20:54] Sending notification 'textDocument/didChange'.
2026-01-05 21:20:54.886 [info] [Trace - 09:20:54] Sending notification 'textDocument/didChange'.
2026-01-05 21:20:55.318 [info] [Trace - 09:20:55] Sending notification 'textDocument/didChange'.
2026-01-05 21:20:55.470 [info] [Trace - 09:20:55] Sending notification 'textDocument/didChange'.
2026-01-05 21:20:55.663 [info] [Trace - 09:20:55] Sending notification 'textDocument/didChange'.
2026-01-05 21:20:55.839 [info] [Trace - 09:20:55] Sending notification 'textDocument/didChange'.
2026-01-05 21:21:09.184 [info] [Trace - 09:21:09] Sending notification 'textDocument/didChange'.
2026-01-05 21:21:10.840 [info] [Trace - 09:21:10] Sending notification 'textDocument/didChange'.
2026-01-05 21:21:11.062 [info] [Trace - 09:21:11] Sending notification 'textDocument/didChange'.
2026-01-05 21:21:20.796 [info] [Trace - 09:21:20] Sending notification 'textDocument/didChange'.
2026-01-05 21:21:21.102 [info] [Trace - 09:21:21] Sending notification 'textDocument/didChange'.
2026-01-05 21:21:21.437 [info] [Trace - 09:21:21] Sending notification 'textDocument/didChange'.
2026-01-05 21:21:21.631 [info] [Trace - 09:21:21] Sending notification 'textDocument/didChange'.
2026-01-05 21:21:22.569 [info] [Trace - 09:21:22] Sending notification 'textDocument/didChange'.
2026-01-05 21:21:22.752 [info] [Trace - 09:21:22] Sending notification 'textDocument/didChange'.
2026-01-05 21:21:22.976 [info] [Trace - 09:21:22] Sending notification 'textDocument/didChange'.
2026-01-05 21:21:23.284 [info] [Trace - 09:21:23] Sending notification 'textDocument/didChange'.
2026-01-05 21:21:23.420 [info] [Trace - 09:21:23] Sending notification 'textDocument/didChange'.
2026-01-05 21:21:23.647 [info] [Trace - 09:21:23] Sending notification 'textDocument/didChange'.
2026-01-05 21:21:24.207 [info] [Trace - 09:21:24] Sending notification 'textDocument/didChange'.
2026-01-05 21:21:24.722 [info] [Trace - 09:21:24] Sending notification 'textDocument/didChange'.
2026-01-05 21:21:25.538 [info] [Trace - 09:21:25] Sending notification 'textDocument/didChange'.
2026-01-05 21:21:31.336 [info] [Trace - 09:21:31] Sending notification 'textDocument/didChange'.
2026-01-05 21:21:31.576 [info] [Trace - 09:21:31] Sending notification 'textDocument/didChange'.
2026-01-05 21:21:31.734 [info] [Trace - 09:21:31] Sending notification 'textDocument/didChange'.
2026-01-05 21:21:31.796 [info] [Trace - 09:21:31] Sending notification 'textDocument/didChange'.
2026-01-05 21:21:31.945 [info] [Trace - 09:21:31] Sending notification 'textDocument/didChange'.
2026-01-05 21:21:32.068 [info] [Trace - 09:21:32] Sending notification 'textDocument/didChange'.
2026-01-05 21:21:32.198 [info] [Trace - 09:21:32] Sending notification 'textDocument/didChange'.
2026-01-05 21:21:32.286 [info] [Trace - 09:21:32] Sending notification 'textDocument/didChange'.
2026-01-05 21:21:32.895 [info] [Trace - 09:21:32] Sending notification 'textDocument/didChange'.
2026-01-05 21:21:33.092 [info] [Trace - 09:21:33] Sending notification 'textDocument/didChange'.
2026-01-05 21:21:33.318 [info] [Trace - 09:21:33] Sending notification 'textDocument/didChange'.
2026-01-05 21:21:34.030 [info] [Trace - 09:21:34] Sending notification 'textDocument/didChange'.
2026-01-05 21:21:34.233 [info] [Trace - 09:21:34] Sending notification 'textDocument/didChange'.
2026-01-05 21:21:34.920 [info] [Trace - 09:21:34] Sending notification 'textDocument/didChange'.
2026-01-05 21:21:34.982 [info] [Trace - 09:21:34] Sending notification 'textDocument/didChange'.
2026-01-05 21:21:35.214 [info] [Trace - 09:21:35] Sending notification 'textDocument/didChange'.
2026-01-05 21:21:35.376 [info] [Trace - 09:21:35] Sending notification 'textDocument/didChange'.
2026-01-05 21:21:35.470 [info] [Trace - 09:21:35] Sending notification 'textDocument/didChange'.
2026-01-05 21:21:36.177 [info] [Trace - 09:21:36] Sending notification 'textDocument/didChange'.
2026-01-05 21:21:36.473 [info] [Trace - 09:21:36] Sending notification 'textDocument/didChange'.
2026-01-05 21:21:36.620 [info] [Trace - 09:21:36] Sending notification 'textDocument/didChange'.
2026-01-05 21:21:36.815 [info] [Trace - 09:21:36] Sending notification 'textDocument/didChange'.
2026-01-05 21:21:38.182 [info] [Trace - 09:21:38] Sending notification 'textDocument/didChange'.
2026-01-05 21:21:38.328 [info] [Trace - 09:21:38] Sending notification 'textDocument/didChange'.
2026-01-05 21:21:40.151 [info] [Trace - 09:21:40] Sending notification 'textDocument/didChange'.
2026-01-05 21:21:41.913 [info] [Trace - 09:21:41] Sending notification 'textDocument/didChange'.
2026-01-05 21:21:42.093 [info] [Trace - 09:21:42] Sending notification 'textDocument/didChange'.
2026-01-05 21:21:42.164 [info] [Trace - 09:21:42] Sending notification 'textDocument/didChange'.
2026-01-05 21:21:42.292 [info] [Trace - 09:21:42] Sending notification 'textDocument/didChange'.
2026-01-05 21:21:42.405 [info] [Trace - 09:21:42] Sending notification 'textDocument/didChange'.
2026-01-05 21:21:42.615 [info] [Trace - 09:21:42] Sending notification 'textDocument/didChange'.
2026-01-05 21:21:43.313 [info] [Trace - 09:21:43] Sending notification 'textDocument/didChange'.
2026-01-05 21:21:44.376 [info] [Trace - 09:21:44] Sending notification 'textDocument/didChange'.
2026-01-05 21:21:44.518 [info] [Trace - 09:21:44] Sending notification 'textDocument/didChange'.
2026-01-05 21:21:44.732 [info] [Trace - 09:21:44] Sending notification 'textDocument/didChange'.
2026-01-05 21:21:45.215 [info] [Trace - 09:21:45] Sending notification 'textDocument/didChange'.
2026-01-05 21:21:45.375 [info] [Trace - 09:21:45] Sending notification 'textDocument/didChange'.
2026-01-05 21:21:45.532 [info] [Trace - 09:21:45] Sending notification 'textDocument/didChange'.
2026-01-05 21:21:45.683 [info] [Trace - 09:21:45] Sending notification 'textDocument/didChange'.
2026-01-05 21:21:45.982 [info] [Trace - 09:21:45] Sending notification 'textDocument/didChange'.
2026-01-05 21:21:46.126 [info] [Trace - 09:21:46] Sending notification 'textDocument/didChange'.
2026-01-05 21:21:46.383 [info] [Trace - 09:21:46] Sending notification 'textDocument/didChange'.
2026-01-05 21:21:46.886 [info] [Trace - 09:21:46] Sending notification 'textDocument/didChange'.
2026-01-05 21:21:47.199 [info] [Trace - 09:21:47] Sending notification 'textDocument/didChange'.
2026-01-05 21:21:47.526 [info] [Trace - 09:21:47] Sending notification 'textDocument/didChange'.
2026-01-05 21:21:52.767 [info] [Trace - 09:21:52] Sending notification 'textDocument/didChange'.
2026-01-05 21:21:57.551 [info] [Trace - 09:21:57] Sending notification 'textDocument/didChange'.
2026-01-05 21:21:57.644 [info] [Trace - 09:21:57] Sending notification 'textDocument/didChange'.
2026-01-05 21:21:57.767 [info] [Trace - 09:21:57] Sending notification 'textDocument/didChange'.
2026-01-05 21:22:02.061 [info] [Trace - 09:22:02] Sending notification 'textDocument/didChange'.
2026-01-05 21:22:02.470 [info] [Trace - 09:22:02] Sending notification 'textDocument/didChange'.
2026-01-05 21:22:02.664 [info] [Trace - 09:22:02] Sending notification 'textDocument/didChange'.
2026-01-05 21:22:02.773 [info] [Trace - 09:22:02] Sending notification 'textDocument/didChange'.
2026-01-05 21:22:03.369 [info] [Trace - 09:22:03] Sending notification 'textDocument/didChange'.
2026-01-05 21:22:04.761 [info] [Trace - 09:22:04] Sending notification 'textDocument/didChange'.
2026-01-05 21:22:05.096 [info] [Trace - 09:22:05] Sending notification 'textDocument/didChange'.
2026-01-05 21:22:05.576 [info] [Trace - 09:22:05] Sending notification 'textDocument/didChange'.
2026-01-05 21:22:05.708 [info] [Trace - 09:22:05] Sending notification 'textDocument/didChange'.
2026-01-05 21:22:05.824 [info] [Trace - 09:22:05] Sending notification 'textDocument/didChange'.
2026-01-05 21:22:06.193 [info] [Trace - 09:22:06] Sending notification 'textDocument/didChange'.
2026-01-05 21:22:06.344 [info] [Trace - 09:22:06] Sending notification 'textDocument/didChange'.
2026-01-05 21:22:06.527 [info] [Trace - 09:22:06] Sending notification 'textDocument/didChange'.
2026-01-05 21:22:07.829 [info] [Trace - 09:22:07] Sending notification 'textDocument/didChange'.
2026-01-05 21:22:08.095 [info] [Trace - 09:22:08] Sending notification 'textDocument/didChange'.
2026-01-05 21:22:08.336 [info] [Trace - 09:22:08] Sending notification 'textDocument/didChange'.
2026-01-05 21:22:09.284 [info] [Trace - 09:22:09] Sending notification 'textDocument/didChange'.
2026-01-05 21:22:10.031 [info] [Trace - 09:22:10] Sending notification 'textDocument/didChange'.
2026-01-05 21:22:10.764 [info] [Trace - 09:22:10] Sending notification 'textDocument/didChange'.
2026-01-05 21:22:15.184 [info] [Trace - 09:22:15] Sending notification 'textDocument/didChange'.
2026-01-05 21:22:15.533 [info] [Trace - 09:22:15] Sending notification 'textDocument/didChange'.
2026-01-05 21:22:15.711 [info] [Trace - 09:22:15] Sending notification 'textDocument/didChange'.
2026-01-05 21:22:16.335 [info] [Trace - 09:22:16] Sending notification 'textDocument/didChange'.
2026-01-05 21:22:20.511 [info] [Trace - 09:22:20] Sending notification 'textDocument/didChange'.
2026-01-05 21:22:20.629 [info] [Trace - 09:22:20] Sending notification 'textDocument/didChange'.
2026-01-05 21:22:20.831 [info] [Trace - 09:22:20] Sending notification 'textDocument/didChange'.
2026-01-05 21:22:21.583 [info] [Trace - 09:22:21] Sending notification 'textDocument/didChange'.
2026-01-05 21:22:21.660 [info] [Trace - 09:22:21] Sending notification 'textDocument/didChange'.
2026-01-05 21:22:21.864 [info] [Trace - 09:22:21] Sending notification 'textDocument/didChange'.
2026-01-05 21:22:21.992 [info] [Trace - 09:22:21] Sending notification 'textDocument/didChange'.
2026-01-05 21:22:23.216 [info] [Trace - 09:22:23] Sending notification 'textDocument/didChange'.
2026-01-05 21:22:24.595 [info] [Trace - 09:22:24] Sending notification 'textDocument/didChange'.
2026-01-05 21:22:24.895 [info] [Trace - 09:22:24] Sending notification 'textDocument/didChange'.
2026-01-05 21:22:25.064 [info] [Trace - 09:22:25] Sending notification 'textDocument/didChange'.
2026-01-05 21:22:25.249 [info] [Trace - 09:22:25] Sending notification 'textDocument/didChange'.
2026-01-05 21:22:25.406 [info] [Trace - 09:22:25] Sending notification 'textDocument/didChange'.
2026-01-05 21:22:25.782 [info] [Trace - 09:22:25] Sending notification 'textDocument/didChange'.
2026-01-05 21:22:26.030 [info] [Trace - 09:22:26] Sending notification 'textDocument/didChange'.
2026-01-05 21:22:26.376 [info] [Trace - 09:22:26] Sending notification 'textDocument/didChange'.
2026-01-05 21:22:26.709 [info] [Trace - 09:22:26] Sending notification 'textDocument/didChange'.
2026-01-05 21:22:27.216 [info] [Trace - 09:22:27] Sending notification 'textDocument/didChange'.
2026-01-05 21:22:27.471 [info] [Trace - 09:22:27] Sending notification 'textDocument/didChange'.
2026-01-05 21:22:27.631 [info] [Trace - 09:22:27] Sending notification 'textDocument/didChange'.
2026-01-05 21:22:27.819 [info] [Trace - 09:22:27] Sending notification 'textDocument/didChange'.
2026-01-05 21:22:28.084 [info] [Trace - 09:22:28] Sending notification 'textDocument/didChange'.
2026-01-05 21:22:29.007 [info] [Trace - 09:22:29] Sending notification 'textDocument/didChange'.
2026-01-05 21:22:29.249 [info] [Trace - 09:22:29] Sending notification 'textDocument/didChange'.
2026-01-05 21:22:30.512 [info] [Trace - 09:22:30] Sending notification 'textDocument/didChange'.
2026-01-05 21:22:30.903 [info] [Trace - 09:22:30] Sending notification 'textDocument/didChange'.
2026-01-05 21:22:31.028 [info] [Trace - 09:22:31] Sending notification 'textDocument/didChange'.
2026-01-05 21:22:31.589 [info] [Trace - 09:22:31] Sending notification 'textDocument/didChange'.
2026-01-05 21:22:31.904 [info] [Trace - 09:22:31] Sending notification 'textDocument/didChange'.
2026-01-05 21:22:32.253 [info] [Trace - 09:22:32] Sending notification 'textDocument/didChange'.
2026-01-05 21:22:32.429 [info] [Trace - 09:22:32] Sending notification 'textDocument/didChange'.
2026-01-05 21:22:32.711 [info] [Trace - 09:22:32] Sending notification 'textDocument/didChange'.
2026-01-05 21:22:33.136 [info] [Trace - 09:22:33] Sending notification 'textDocument/didChange'.
2026-01-05 21:22:33.500 [info] [Trace - 09:22:33] Sending notification 'textDocument/didChange'.
2026-01-05 21:22:33.590 [info] [Trace - 09:22:33] Sending notification 'textDocument/didChange'.
2026-01-05 21:22:33.744 [info] [Trace - 09:22:33] Sending notification 'textDocument/didChange'.
2026-01-05 21:22:33.877 [info] [Trace - 09:22:33] Sending notification 'textDocument/didChange'.
2026-01-05 21:22:34.753 [info] [Trace - 09:22:34] Sending notification 'textDocument/didChange'.
2026-01-05 21:22:36.920 [info] [Trace - 09:22:36] Sending notification 'textDocument/didChange'.
2026-01-05 21:22:36.989 [info] [Trace - 09:22:36] Sending notification 'textDocument/didChange'.
2026-01-05 21:22:37.206 [info] [Trace - 09:22:37] Sending notification 'textDocument/didChange'.
2026-01-05 21:22:37.333 [info] [Trace - 09:22:37] Sending notification 'textDocument/didChange'.
2026-01-05 21:22:38.594 [info] [Trace - 09:22:38] Sending notification 'textDocument/didChange'.
2026-01-05 21:22:38.861 [info] [Trace - 09:22:38] Sending notification 'textDocument/didChange'.
2026-01-05 21:22:39.658 [info] [Trace - 09:22:39] Sending notification 'textDocument/didChange'.
2026-01-05 21:22:41.041 [info] [Trace - 09:22:41] Sending notification 'textDocument/didChange'.
2026-01-05 21:22:43.668 [info] [Trace - 09:22:43] Sending notification 'textDocument/didChange'.
2026-01-05 21:22:43.888 [info] [Trace - 09:22:43] Sending notification 'textDocument/didChange'.
2026-01-05 21:22:44.014 [info] [Trace - 09:22:44] Sending notification 'textDocument/didChange'.
2026-01-05 21:22:44.152 [info] [Trace - 09:22:44] Sending notification 'textDocument/didChange'.
2026-01-05 21:22:44.286 [info] [Trace - 09:22:44] Sending notification 'textDocument/didChange'.
2026-01-05 21:22:44.815 [info] [Trace - 09:22:44] Sending notification 'textDocument/didChange'.
2026-01-05 21:22:45.344 [info] [Trace - 09:22:45] Sending notification 'textDocument/didChange'.
2026-01-05 21:22:45.566 [info] [Trace - 09:22:45] Sending notification 'textDocument/didChange'.
2026-01-05 21:22:45.864 [info] [Trace - 09:22:45] Sending notification 'textDocument/didChange'.
2026-01-05 21:22:56.359 [info] [Trace - 09:22:56] Sending notification 'textDocument/didChange'.
2026-01-05 21:22:56.833 [info] [Trace - 09:22:56] Sending notification 'textDocument/didChange'.
2026-01-05 21:22:57.432 [info] [Trace - 09:22:57] Sending notification 'textDocument/didChange'.
2026-01-05 21:22:57.870 [info] [Trace - 09:22:57] Sending notification 'textDocument/didChange'.
2026-01-05 21:22:59.263 [info] [Trace - 09:22:59] Sending notification 'textDocument/didChange'.
2026-01-05 21:22:59.561 [info] [Trace - 09:22:59] Sending notification 'textDocument/didChange'.
2026-01-05 21:22:59.997 [info] [Trace - 09:22:59] Sending notification 'textDocument/didChange'.
2026-01-05 21:23:00.360 [info] [Trace - 09:23:00] Sending notification 'textDocument/didChange'.
2026-01-05 21:23:00.510 [info] [Trace - 09:23:00] Sending notification 'textDocument/didChange'.
2026-01-05 21:23:00.967 [info] [Trace - 09:23:00] Sending notification 'textDocument/didChange'.
2026-01-05 21:23:01.050 [info] [Trace - 09:23:01] Sending notification 'textDocument/didChange'.
2026-01-05 21:23:02.840 [info] [Trace - 09:23:02] Sending notification 'textDocument/didChange'.
2026-01-05 21:23:03.919 [info] [Trace - 09:23:03] Sending notification 'textDocument/didChange'.
2026-01-05 21:23:04.164 [info] [Trace - 09:23:04] Sending notification 'textDocument/didChange'.
2026-01-05 21:23:05.535 [info] [Trace - 09:23:05] Sending notification 'textDocument/didChange'.
2026-01-05 21:23:05.680 [info] [Trace - 09:23:05] Sending notification 'textDocument/didChange'.
2026-01-05 21:23:06.448 [info] [Trace - 09:23:06] Sending notification 'textDocument/didChange'.
2026-01-05 21:23:06.719 [info] [Trace - 09:23:06] Sending notification 'textDocument/didChange'.
2026-01-05 21:23:07.061 [info] [Trace - 09:23:07] Sending notification 'textDocument/didChange'.
2026-01-05 21:23:07.191 [info] [Trace - 09:23:07] Sending notification 'textDocument/didChange'.
2026-01-05 21:23:07.968 [info] [Trace - 09:23:07] Sending notification 'textDocument/didChange'.
2026-01-05 21:23:08.456 [info] [Trace - 09:23:08] Sending notification 'textDocument/didChange'.
2026-01-05 21:23:08.751 [info] [Trace - 09:23:08] Sending notification 'textDocument/didChange'.
2026-01-05 21:23:10.393 [info] [Trace - 09:23:10] Sending notification 'textDocument/didChange'.
2026-01-05 21:23:10.991 [info] [Trace - 09:23:10] Sending notification 'textDocument/didChange'.
2026-01-05 21:23:11.362 [info] [Trace - 09:23:11] Sending notification 'textDocument/didChange'.
2026-01-05 21:23:11.950 [info] [Trace - 09:23:11] Sending notification 'textDocument/didChange'.
2026-01-05 21:23:12.433 [info] [Trace - 09:23:12] Sending notification 'textDocument/didChange'.
2026-01-05 21:23:13.718 [info] [Trace - 09:23:13] Sending notification 'textDocument/didChange'.
2026-01-05 21:23:13.816 [info] [Trace - 09:23:13] Sending notification 'textDocument/didChange'.
2026-01-05 21:23:13.990 [info] [Trace - 09:23:13] Sending notification 'textDocument/didChange'.
2026-01-05 21:23:14.069 [info] [Trace - 09:23:14] Sending notification 'textDocument/didChange'.
2026-01-05 21:23:14.568 [info] [Trace - 09:23:14] Sending notification 'textDocument/didChange'.
2026-01-05 21:23:15.898 [info] [Trace - 09:23:15] Sending notification 'textDocument/didChange'.
2026-01-05 21:23:16.494 [info] [Trace - 09:23:16] Sending notification 'textDocument/didChange'.
2026-01-05 21:23:17.438 [info] [Trace - 09:23:17] Sending notification 'textDocument/didChange'.
2026-01-05 21:23:19.120 [info] [Trace - 09:23:19] Sending notification 'textDocument/didChange'.
2026-01-05 21:23:19.685 [info] [Trace - 09:23:19] Sending notification 'textDocument/didChange'.
2026-01-05 21:23:25.046 [info] [Trace - 09:23:25] Sending notification 'textDocument/didChange'.
2026-01-05 21:23:28.313 [info] [Trace - 09:23:28] Sending notification 'textDocument/didChange'.
2026-01-05 21:23:31.616 [info] [Trace - 09:23:31] Sending notification 'textDocument/didChange'.
2026-01-05 21:23:31.736 [info] [Trace - 09:23:31] Sending notification 'textDocument/didChange'.
2026-01-05 21:23:31.871 [info] [Trace - 09:23:31] Sending notification 'textDocument/didChange'.
2026-01-05 21:23:32.424 [info] [Trace - 09:23:32] Sending notification 'textDocument/didChange'.
2026-01-05 21:23:32.551 [info] [Trace - 09:23:32] Sending notification 'textDocument/didChange'.
2026-01-05 21:23:32.744 [info] [Trace - 09:23:32] Sending notification 'textDocument/didChange'.
2026-01-05 21:23:32.851 [info] [Trace - 09:23:32] Sending notification 'textDocument/didChange'.
2026-01-05 21:23:33.421 [info] [Trace - 09:23:33] Sending notification 'textDocument/didChange'.
2026-01-05 21:23:33.974 [info] [Trace - 09:23:33] Sending notification 'textDocument/didChange'.
2026-01-05 21:23:34.144 [info] [Trace - 09:23:34] Sending notification 'textDocument/didChange'.
2026-01-05 21:23:34.234 [info] [Trace - 09:23:34] Sending notification 'textDocument/didChange'.
2026-01-05 21:23:34.400 [info] [Trace - 09:23:34] Sending notification 'textDocument/didChange'.
2026-01-05 21:23:34.486 [info] [Trace - 09:23:34] Sending notification 'textDocument/didChange'.
2026-01-05 21:23:34.703 [info] [Trace - 09:23:34] Sending notification 'textDocument/didChange'.
2026-01-05 21:23:34.870 [info] [Trace - 09:23:34] Sending notification 'textDocument/didChange'.
2026-01-05 21:23:35.063 [info] [Trace - 09:23:35] Sending notification 'textDocument/didChange'.
2026-01-05 21:23:35.247 [info] [Trace - 09:23:35] Sending notification 'textDocument/didChange'.
2026-01-05 21:23:35.332 [info] [Trace - 09:23:35] Sending notification 'textDocument/didChange'.
2026-01-05 21:23:35.565 [info] [Trace - 09:23:35] Sending notification 'textDocument/didChange'.
2026-01-05 21:23:35.822 [info] [Trace - 09:23:35] Sending notification 'textDocument/didChange'.
2026-01-05 21:23:36.100 [info] [Trace - 09:23:36] Sending notification 'textDocument/didChange'.
2026-01-05 21:23:36.215 [info] [Trace - 09:23:36] Sending notification 'textDocument/didChange'.
2026-01-05 21:23:36.351 [info] [Trace - 09:23:36] Sending notification 'textDocument/didChange'.
2026-01-05 21:23:36.729 [info] [Trace - 09:23:36] Sending notification 'textDocument/didChange'.
2026-01-05 21:23:37.383 [info] [Trace - 09:23:37] Sending notification 'textDocument/didChange'.
2026-01-05 21:23:39.670 [info] [Trace - 09:23:39] Sending notification 'textDocument/didChange'.
2026-01-05 21:23:42.849 [info] [Trace - 09:23:42] Sending notification 'textDocument/didChange'.
2026-01-05 21:23:43.916 [info] [Trace - 09:23:43] Sending notification 'textDocument/didChange'.
2026-01-05 21:23:44.545 [info] [Trace - 09:23:44] Sending notification 'textDocument/didChange'.
2026-01-05 21:23:44.755 [info] [Trace - 09:23:44] Sending notification 'textDocument/didChange'.
2026-01-05 21:23:44.894 [info] [Trace - 09:23:44] Sending notification 'textDocument/didChange'.
2026-01-05 21:23:45.045 [info] [Trace - 09:23:45] Sending notification 'textDocument/didChange'.
2026-01-05 21:23:45.166 [info] [Trace - 09:23:45] Sending notification 'textDocument/didChange'.
2026-01-05 21:23:45.593 [info] [Trace - 09:23:45] Sending notification 'textDocument/didChange'.
2026-01-05 21:23:47.280 [info] [Trace - 09:23:47] Sending notification 'textDocument/didChange'.
2026-01-05 21:23:47.461 [info] [Trace - 09:23:47] Sending notification 'textDocument/didChange'.
2026-01-05 21:23:47.627 [info] [Trace - 09:23:47] Sending notification 'textDocument/didChange'.
2026-01-05 21:23:47.812 [info] [Trace - 09:23:47] Sending notification 'textDocument/didChange'.
2026-01-05 21:23:47.979 [info] [Trace - 09:23:47] Sending notification 'textDocument/didChange'.
2026-01-05 21:23:48.150 [info] [Trace - 09:23:48] Sending notification 'textDocument/didChange'.
2026-01-05 21:23:48.343 [info] [Trace - 09:23:48] Sending notification 'textDocument/didChange'.
2026-01-05 21:23:49.286 [info] [Trace - 09:23:49] Sending notification 'textDocument/didChange'.
2026-01-05 21:23:50.478 [info] [Trace - 09:23:50] Sending notification 'textDocument/didChange'.
2026-01-05 21:23:53.676 [info] [Trace - 09:23:53] Sending notification 'textDocument/didChange'.
2026-01-05 21:23:54.669 [info] [Trace - 09:23:54] Sending notification 'textDocument/didChange'.
2026-01-05 21:23:55.054 [info] [Trace - 09:23:55] Sending notification 'textDocument/didChange'.
2026-01-05 21:23:55.248 [info] [Trace - 09:23:55] Sending notification 'textDocument/didChange'.
2026-01-05 21:23:55.624 [info] [Trace - 09:23:55] Sending notification 'textDocument/didChange'.
2026-01-05 21:23:56.103 [info] [Trace - 09:23:56] Sending notification 'textDocument/didChange'.
2026-01-05 21:23:56.221 [info] [Trace - 09:23:56] Sending notification 'textDocument/didChange'.
2026-01-05 21:23:56.318 [info] [Trace - 09:23:56] Sending notification 'textDocument/didChange'.
2026-01-05 21:23:56.423 [info] [Trace - 09:23:56] Sending notification 'textDocument/didChange'.
2026-01-05 21:23:56.709 [info] [Trace - 09:23:56] Sending notification 'textDocument/didChange'.
2026-01-05 21:23:57.647 [info] [Trace - 09:23:57] Sending notification 'textDocument/didChange'.
2026-01-05 21:23:58.391 [info] [Trace - 09:23:58] Sending notification 'textDocument/didChange'.
2026-01-05 21:23:58.533 [info] [Trace - 09:23:58] Sending notification 'textDocument/didChange'.
2026-01-05 21:23:58.743 [info] [Trace - 09:23:58] Sending notification 'textDocument/didChange'.
2026-01-05 21:23:58.950 [info] [Trace - 09:23:58] Sending notification 'textDocument/didChange'.
2026-01-05 21:23:59.197 [info] [Trace - 09:23:59] Sending notification 'textDocument/didChange'.
2026-01-05 21:23:59.332 [info] [Trace - 09:23:59] Sending notification 'textDocument/didChange'.
2026-01-05 21:23:59.444 [info] [Trace - 09:23:59] Sending notification 'textDocument/didChange'.
2026-01-05 21:23:59.621 [info] [Trace - 09:23:59] Sending notification 'textDocument/didChange'.
2026-01-05 21:23:59.797 [info] [Trace - 09:23:59] Sending notification 'textDocument/didChange'.
2026-01-05 21:23:59.926 [info] [Trace - 09:23:59] Sending notification 'textDocument/didChange'.
2026-01-05 21:24:00.056 [info] [Trace - 09:24:00] Sending notification 'textDocument/didChange'.
2026-01-05 21:24:00.198 [info] [Trace - 09:24:00] Sending notification 'textDocument/didChange'.
2026-01-05 21:24:00.398 [info] [Trace - 09:24:00] Sending notification 'textDocument/didChange'.
2026-01-05 21:24:00.598 [info] [Trace - 09:24:00] Sending notification 'textDocument/didChange'.
2026-01-05 21:24:00.857 [info] [Trace - 09:24:00] Sending notification 'textDocument/didChange'.
2026-01-05 21:24:01.144 [info] [Trace - 09:24:01] Sending notification 'textDocument/didChange'.
2026-01-05 21:24:01.311 [info] [Trace - 09:24:01] Sending notification 'textDocument/didChange'.
2026-01-05 21:24:01.381 [info] [Trace - 09:24:01] Sending notification 'textDocument/didChange'.
2026-01-05 21:24:02.167 [info] [Trace - 09:24:02] Sending notification 'textDocument/didChange'.
2026-01-05 21:24:04.468 [info] [Trace - 09:24:04] Sending notification 'textDocument/didChange'.
2026-01-05 21:24:11.272 [info] [Trace - 09:24:11] Sending notification 'textDocument/didChange'.
2026-01-05 21:24:13.241 [info] [Trace - 09:24:13] Sending notification 'textDocument/didChange'.
2026-01-05 21:24:13.407 [info] [Trace - 09:24:13] Sending notification 'textDocument/didChange'.
2026-01-05 21:24:13.535 [info] [Trace - 09:24:13] Sending notification 'textDocument/didChange'.
2026-01-05 21:24:13.780 [info] [Trace - 09:24:13] Sending notification 'textDocument/didChange'.
2026-01-05 21:24:14.008 [info] [Trace - 09:24:14] Sending notification 'textDocument/didChange'.
2026-01-05 21:24:14.134 [info] [Trace - 09:24:14] Sending notification 'textDocument/didChange'.
2026-01-05 21:24:14.438 [info] [Trace - 09:24:14] Sending notification 'textDocument/didChange'.
2026-01-05 21:24:14.607 [info] [Trace - 09:24:14] Sending notification 'textDocument/didChange'.
2026-01-05 21:24:14.856 [info] [Trace - 09:24:14] Sending notification 'textDocument/didChange'.
2026-01-05 21:24:15.431 [info] [Trace - 09:24:15] Sending notification 'textDocument/didChange'.
2026-01-05 21:24:15.630 [info] [Trace - 09:24:15] Sending notification 'textDocument/didChange'.
2026-01-05 21:24:15.790 [info] [Trace - 09:24:15] Sending notification 'textDocument/didChange'.
2026-01-05 21:24:15.951 [info] [Trace - 09:24:15] Sending notification 'textDocument/didChange'.
2026-01-05 21:24:16.127 [info] [Trace - 09:24:16] Sending notification 'textDocument/didChange'.
2026-01-05 21:24:16.961 [info] [Trace - 09:24:16] Sending notification 'textDocument/didChange'.
2026-01-05 21:24:17.144 [info] [Trace - 09:24:17] Sending notification 'textDocument/didChange'.
2026-01-05 21:24:17.245 [info] [Trace - 09:24:17] Sending notification 'textDocument/didChange'.
2026-01-05 21:24:17.639 [info] [Trace - 09:24:17] Sending notification 'textDocument/didChange'.
2026-01-05 21:24:18.016 [info] [Trace - 09:24:18] Sending notification 'textDocument/didChange'.
2026-01-05 21:24:24.982 [info] [Trace - 09:24:24] Sending notification 'textDocument/didChange'.
2026-01-05 21:24:27.502 [info] [Trace - 09:24:27] Sending notification 'textDocument/didChange'.
2026-01-05 21:24:33.677 [info] [Trace - 09:24:33] Sending request 'textDocument/formatting - (3)'.
2026-01-05 21:24:33.681 [info] [Trace - 09:24:33] Received notification 'window/logMessage'.
2026-01-05 21:24:33.681 [info] /bin/python -m autopep8 -
2026-01-05 21:24:33.681 [info] [Trace - 09:24:33] Received notification 'window/logMessage'.
2026-01-05 21:24:33.681 [info] CWD Server: /home/van/Workspace/Exercises/Work 5
2026-01-05 21:24:33.756 [info] [Trace - 09:24:33] Received response 'textDocument/formatting - (3)' in 79ms.
2026-01-05 21:24:33.758 [info] [Trace - 09:24:33] Sending notification 'textDocument/didChange'.
2026-01-05 21:31:33.284 [info] /bin/python -m autopep8 -
2026-01-05 21:31:33.284 [info] CWD Server: /home/van/Workspace/Exercises/Work 5
2026-01-05 21:32:52.482 [info] /bin/python -m autopep8 -
2026-01-05 21:32:52.482 [info] CWD Server: /home/van/Workspace/Exercises/Work 5
2026-01-05 21:34:08.020 [info] /bin/python -m autopep8 -
2026-01-05 21:34:08.020 [info] CWD Server: /home/van/Workspace/Exercises/Work 5
2026-01-05 21:35:14.875 [info] /bin/python -m autopep8 -
2026-01-05 21:35:14.875 [info] CWD Server: /home/van/Workspace/Exercises/Work 5
2026-01-05 21:36:04.728 [info] /bin/python -m autopep8 -
2026-01-05 21:36:04.728 [info] CWD Server: /home/van/Workspace/Exercises/Work 5
2026-01-05 23:14:19.757 [info] /bin/python -m autopep8 -
2026-01-05 23:14:19.757 [info] CWD Server: /home/van/Workspace/Exercises/Work 5
2026-01-05 23:15:50.063 [info] /bin/python -m autopep8 -
2026-01-05 23:15:50.063 [info] CWD Server: /home/van/Workspace/Exercises/Work 5
2026-01-05 23:16:58.864 [info] /bin/python -m autopep8 -
2026-01-05 23:16:58.864 [info] CWD Server: /home/van/Workspace/Exercises/Work 5
2026-01-05 23:17:15.869 [info] /bin/python -m autopep8 -
2026-01-05 23:17:15.870 [info] CWD Server: /home/van/Workspace/Exercises/Work 5
2026-01-05 23:19:41.959 [info] /bin/python -m autopep8 -
2026-01-05 23:19:41.959 [info] CWD Server: /home/van/Workspace/Exercises/Work 5
2026-01-05 23:21:34.157 [info] /bin/python -m autopep8 -
2026-01-05 23:21:34.157 [info] CWD Server: /home/van/Workspace/Exercises/Work 5
2026-01-05 23:24:52.857 [info] /bin/python -m autopep8 -
2026-01-05 23:24:52.858 [info] CWD Server: /home/van/Workspace/Exercises/Work 5
2026-01-05 23:24:59.815 [info] /bin/python -m autopep8 -
2026-01-05 23:24:59.816 [info] CWD Server: /home/van/Workspace/Exercises/Work 5
2026-01-05 23:29:06.525 [info] /bin/python -m autopep8 -
2026-01-05 23:29:06.525 [info] CWD Server: /home/van/Workspace/Exercises/Work 5
2026-01-05 23:36:54.500 [info] /bin/python -m autopep8 -
2026-01-05 23:36:54.500 [info] CWD Server: /home/van/Workspace/Exercises/Work 5
2026-01-05 23:37:03.873 [info] /bin/python -m autopep8 -
2026-01-05 23:37:03.873 [info] CWD Server: /home/van/Workspace/Exercises/Work 5
2026-01-05 23:41:47.356 [info] /bin/python -m autopep8 -
2026-01-05 23:41:47.356 [info] CWD Server: /home/van/Workspace/Exercises/Work 5
2026-01-05 23:43:11.480 [info] /bin/python -m autopep8 -
2026-01-05 23:43:11.480 [info] CWD Server: /home/van/Workspace/Exercises/Work 5
2026-01-05 23:50:24.697 [info] /bin/python -m autopep8 -
2026-01-05 23:50:24.697 [info] CWD Server: /home/van/Workspace/Exercises/Work 5
2026-01-05 23:50:50.262 [info] /bin/python -m autopep8 -
2026-01-05 23:50:50.262 [info] CWD Server: /home/van/Workspace/Exercises/Work 5
2026-01-05 23:54:58.714 [info] /bin/python -m autopep8 -
2026-01-05 23:54:58.715 [info] CWD Server: /home/van/Workspace/Exercises/Work 5
2026-01-05 23:55:10.461 [info] /bin/python -m autopep8 -
2026-01-05 23:55:10.461 [info] CWD Server: /home/van/Workspace/Exercises/Work 5
2026-01-06 00:02:42.282 [info] /bin/python -m autopep8 -
2026-01-06 00:02:42.282 [info] CWD Server: /home/van/Workspace/Exercises/Work 5
2026-01-06 00:02:56.113 [info] /bin/python -m autopep8 -
2026-01-06 00:02:56.114 [info] CWD Server: /home/van/Workspace/Exercises/Work 5
2026-01-06 00:05:32.673 [info] /bin/python -m autopep8 -
2026-01-06 00:05:32.674 [info] CWD Server: /home/van/Workspace/Exercises/Work 5
2026-01-06 00:06:01.097 [info] /bin/python -m autopep8 -
2026-01-06 00:06:01.097 [info] CWD Server: /home/van/Workspace/Exercises/Work 5
2026-01-06 00:06:24.570 [info] /bin/python -m autopep8 -
2026-01-06 00:06:24.570 [info] CWD Server: /home/van/Workspace/Exercises/Work 5
2026-01-06 00:10:42.912 [info] /bin/python -m autopep8 -
2026-01-06 00:10:42.912 [info] CWD Server: /home/van/Workspace/Exercises/Work 5
2026-01-06 00:11:36.107 [info] /bin/python -m autopep8 -
2026-01-06 00:11:36.107 [info] CWD Server: /home/van/Workspace/Exercises/Work 5
2026-01-06 00:11:41.928 [info] /bin/python -m autopep8 -
2026-01-06 00:11:41.928 [info] CWD Server: /home/van/Workspace/Exercises/Work 5
2026-01-06 00:15:02.794 [info] /bin/python -m autopep8 -
2026-01-06 00:15:02.794 [info] CWD Server: /home/van/Workspace/Exercises/Work 5
2026-01-06 00:15:47.751 [info] /bin/python -m autopep8 -
2026-01-06 00:15:47.751 [info] CWD Server: /home/van/Workspace/Exercises/Work 5
2026-01-06 00:16:04.694 [info] /bin/python -m autopep8 -
2026-01-06 00:16:04.694 [info] CWD Server: /home/van/Workspace/Exercises/Work 5
2026-01-06 00:21:28.618 [info] /bin/python -m autopep8 -
2026-01-06 00:21:28.618 [info] CWD Server: /home/van/Workspace/Exercises/Work 5
2026-01-06 00:22:43.389 [info] /bin/python -m autopep8 -
2026-01-06 00:22:43.389 [info] CWD Server: /home/van/Workspace/Exercises/Work 5
2026-01-06 00:23:10.366 [info] /bin/python -m autopep8 -
2026-01-06 00:23:10.367 [info] CWD Server: /home/van/Workspace/Exercises/Work 5
2026-01-06 00:23:53.294 [info] /bin/python -m autopep8 -
2026-01-06 00:23:53.294 [info] CWD Server: /home/van/Workspace/Exercises/Work 5
2026-01-06 00:24:59.429 [info] /bin/python -m autopep8 -
2026-01-06 00:24:59.429 [info] CWD Server: /home/van/Workspace/Exercises/Work 5
2026-01-06 00:29:11.446 [info] /bin/python -m autopep8 -
2026-01-06 00:29:11.446 [info] CWD Server: /home/van/Workspace/Exercises/Work 5
2026-01-06 00:29:45.725 [info] /bin/python -m autopep8 -
2026-01-06 00:29:45.725 [info] CWD Server: /home/van/Workspace/Exercises/Work 5
2026-01-06 00:30:55.283 [info] /bin/python -m autopep8 -
2026-01-06 00:30:55.283 [info] CWD Server: /home/van/Workspace/Exercises/Work 5
2026-01-06 00:32:01.873 [info] /bin/python -m autopep8 -
2026-01-06 00:32:01.873 [info] CWD Server: /home/van/Workspace/Exercises/Work 5
2026-01-06 00:32:29.493 [info] /bin/python -m autopep8 -
2026-01-06 00:32:29.494 [info] CWD Server: /home/van/Workspace/Exercises/Work 5
2026-01-06 00:32:40.978 [info] /bin/python -m autopep8 -
2026-01-06 00:32:40.979 [info] CWD Server: /home/van/Workspace/Exercises/Work 5
2026-01-06 00:33:55.194 [info] /bin/python -m autopep8 -
2026-01-06 00:33:55.194 [info] CWD Server: /home/van/Workspace/Exercises/Work 5
2026-01-06 01:51:16.982 [info] /bin/python -m autopep8 -
2026-01-06 01:51:16.983 [info] CWD Server: /home/van/Workspace/Exercises/Work 5
2026-01-06 01:51:42.090 [info] /bin/python -m autopep8 -
2026-01-06 01:51:42.090 [info] CWD Server: /home/van/Workspace/Exercises/Work 5
2026-01-06 01:52:43.022 [info] /bin/python -m autopep8 -
2026-01-06 01:52:43.023 [info] CWD Server: /home/van/Workspace/Exercises/Work 5
2026-01-06 01:52:50.717 [info] /bin/python -m autopep8 -
2026-01-06 01:52:50.718 [info] CWD Server: /home/van/Workspace/Exercises/Work 5
2026-01-06 01:55:50.135 [info] /bin/python -m autopep8 -
2026-01-06 01:55:50.135 [info] CWD Server: /home/van/Workspace/Exercises/Work 5
2026-01-06 01:56:03.753 [info] /bin/python -m autopep8 -
2026-01-06 01:56:03.753 [info] CWD Server: /home/van/Workspace/Exercises/Work 5
2026-01-06 01:56:25.999 [info] /bin/python -m autopep8 -
2026-01-06 01:56:25.999 [info] CWD Server: /home/van/Workspace/Exercises/Work 5
2026-01-06 01:56:42.681 [info] /bin/python -m autopep8 -
2026-01-06 01:56:42.681 [info] CWD Server: /home/van/Workspace/Exercises/Work 5
2026-01-06 01:58:13.402 [info] /bin/python -m autopep8 -
2026-01-06 01:58:13.402 [info] CWD Server: /home/van/Workspace/Exercises/Work 5
2026-01-06 02:09:41.657 [info] /bin/python -m autopep8 -
2026-01-06 02:09:41.657 [info] CWD Server: /home/van/Workspace/Exercises/Work 5
2026-01-06 02:09:45.259 [info] /bin/python -m autopep8 -
2026-01-06 02:09:45.259 [info] CWD Server: /home/van/Workspace/Exercises/Work 5
2026-01-06 02:12:33.766 [info] /bin/python -m autopep8 -
2026-01-06 02:12:33.766 [info] CWD Server: /home/van/Workspace/Exercises/Work 5
2026-01-06 02:13:11.031 [info] /bin/python -m autopep8 -
2026-01-06 02:13:11.031 [info] CWD Server: /home/van/Workspace/Exercises/Work 5
2026-01-06 02:13:54.289 [info] /bin/python -m autopep8 -
2026-01-06 02:13:54.289 [info] CWD Server: /home/van/Workspace/Exercises/Work 5
2026-01-06 02:14:11.347 [info] /bin/python -m autopep8 -
2026-01-06 02:14:11.348 [info] CWD Server: /home/van/Workspace/Exercises/Work 5
2026-01-06 02:14:48.684 [info] /bin/python -m autopep8 -
2026-01-06 02:14:48.684 [info] CWD Server: /home/van/Workspace/Exercises/Work 5
2026-01-06 02:17:38.604 [info] /bin/python -m autopep8 -
2026-01-06 02:17:38.604 [info] CWD Server: /home/van/Workspace/Exercises/Work 5
2026-01-06 02:18:52.434 [info] /bin/python -m autopep8 -
2026-01-06 02:18:52.434 [info] CWD Server: /home/van/Workspace/Exercises/Work 5
2026-01-06 02:20:06.640 [info] /bin/python -m autopep8 -
2026-01-06 02:20:06.641 [info] CWD Server: /home/van/Workspace/Exercises/Work 5
2026-01-06 02:20:30.139 [info] /bin/python -m autopep8 -
2026-01-06 02:20:30.139 [info] CWD Server: /home/van/Workspace/Exercises/Work 5
2026-01-06 02:20:43.419 [info] /bin/python -m autopep8 -
2026-01-06 02:20:43.419 [info] CWD Server: /home/van/Workspace/Exercises/Work 5
2026-01-06 02:23:55.009 [info] /bin/python -m autopep8 -
2026-01-06 02:23:55.009 [info] CWD Server: /home/van/Workspace/Exercises/Work 5
2026-01-06 02:24:34.195 [info] /bin/python -m autopep8 -
2026-01-06 02:24:34.195 [info] CWD Server: /home/van/Workspace/Exercises/Work 5
2026-01-06 02:24:52.835 [info] /bin/python -m autopep8 -
2026-01-06 02:24:52.835 [info] CWD Server: /home/van/Workspace/Exercises/Work 5
2026-01-06 02:25:40.444 [info] /bin/python -m autopep8 -
2026-01-06 02:25:40.445 [info] CWD Server: /home/van/Workspace/Exercises/Work 5
2026-01-06 02:25:44.134 [info] /bin/python -m autopep8 -
2026-01-06 02:25:44.134 [info] CWD Server: /home/van/Workspace/Exercises/Work 5
2026-01-06 02:27:11.218 [info] /bin/python -m autopep8 -
2026-01-06 02:27:11.218 [info] CWD Server: /home/van/Workspace/Exercises/Work 5
2026-01-06 02:27:20.328 [info] /bin/python -m autopep8 -
2026-01-06 02:27:20.328 [info] CWD Server: /home/van/Workspace/Exercises/Work 5
2026-01-06 02:27:35.907 [info] /bin/python -m autopep8 -
2026-01-06 02:27:35.907 [info] CWD Server: /home/van/Workspace/Exercises/Work 5
2026-01-06 02:27:52.222 [info] /bin/python -m autopep8 -
2026-01-06 02:27:52.222 [info] CWD Server: /home/van/Workspace/Exercises/Work 5
2026-01-06 02:30:02.676 [info] /bin/python -m autopep8 -
2026-01-06 02:30:02.677 [info] CWD Server: /home/van/Workspace/Exercises/Work 5
2026-01-06 02:30:19.809 [info] /bin/python -m autopep8 -
2026-01-06 02:30:19.809 [info] CWD Server: /home/van/Workspace/Exercises/Work 5
2026-01-06 02:31:03.227 [info] /bin/python -m autopep8 -
2026-01-06 02:31:03.227 [info] CWD Server: /home/van/Workspace/Exercises/Work 5
2026-01-06 02:31:21.337 [info] /bin/python -m autopep8 -
2026-01-06 02:31:21.337 [info] CWD Server: /home/van/Workspace/Exercises/Work 5
2026-01-06 02:32:11.142 [info] /bin/python -m autopep8 -
2026-01-06 02:32:11.142 [info] CWD Server: /home/van/Workspace/Exercises/Work 5
2026-01-06 02:32:20.363 [info] /bin/python -m autopep8 -
2026-01-06 02:32:20.363 [info] CWD Server: /home/van/Workspace/Exercises/Work 5
2026-01-06 02:33:24.189 [info] /bin/python -m autopep8 -
2026-01-06 02:33:24.189 [info] CWD Server: /home/van/Workspace/Exercises/Work 5
2026-01-06 02:33:44.453 [info] /bin/python -m autopep8 -
2026-01-06 02:33:44.454 [info] CWD Server: /home/van/Workspace/Exercises/Work 5
2026-01-06 02:34:44.928 [info] /bin/python -m autopep8 -
2026-01-06 02:34:44.928 [info] CWD Server: /home/van/Workspace/Exercises/Work 5
2026-01-06 02:36:52.750 [info] /bin/python -m autopep8 -
2026-01-06 02:36:52.750 [info] CWD Server: /home/van/Workspace/Exercises/Work 5
2026-01-06 02:37:36.957 [info] /bin/python -m autopep8 -
2026-01-06 02:37:36.957 [info] CWD Server: /home/van/Workspace/Exercises/Work 5
2026-01-06 02:38:30.671 [info] /bin/python -m autopep8 -
2026-01-06 02:38:30.671 [info] CWD Server: /home/van/Workspace/Exercises/Work 5
2026-01-06 02:39:22.723 [info] /bin/python -m autopep8 -
2026-01-06 02:39:22.723 [info] CWD Server: /home/van/Workspace/Exercises/Work 5
2026-01-06 02:40:26.329 [info] /bin/python -m autopep8 -
2026-01-06 02:40:26.329 [info] CWD Server: /home/van/Workspace/Exercises/Work 5
2026-01-06 02:41:17.765 [info] /bin/python -m autopep8 -
2026-01-06 02:41:17.765 [info] CWD Server: /home/van/Workspace/Exercises/Work 5
2026-01-06 02:41:42.622 [info] /bin/python -m autopep8 -
2026-01-06 02:41:42.622 [info] CWD Server: /home/van/Workspace/Exercises/Work 5
2026-01-06 02:42:12.058 [info] /bin/python -m autopep8 -
2026-01-06 02:42:12.059 [info] CWD Server: /home/van/Workspace/Exercises/Work 5
2026-01-06 02:42:51.837 [info] /bin/python -m autopep8 -
2026-01-06 02:42:51.837 [info] CWD Server: /home/van/Workspace/Exercises/Work 5
2026-01-06 02:43:00.246 [info] /bin/python -m autopep8 -
2026-01-06 02:43:00.246 [info] CWD Server: /home/van/Workspace/Exercises/Work 5
2026-01-06 02:43:21.090 [info] /bin/python -m autopep8 -
2026-01-06 02:43:21.090 [info] CWD Server: /home/van/Workspace/Exercises/Work 5
2026-01-06 02:44:05.571 [info] /bin/python -m autopep8 -
2026-01-06 02:44:05.571 [info] CWD Server: /home/van/Workspace/Exercises/Work 5
2026-01-06 02:44:47.670 [info] /bin/python -m autopep8 -
2026-01-06 02:44:47.670 [info] CWD Server: /home/van/Workspace/Exercises/Work 5
2026-01-06 02:49:27.428 [info] /bin/python -m autopep8 -
2026-01-06 02:49:27.428 [info] CWD Server: /home/van/Workspace/Exercises/Work 5
2026-01-06 02:49:34.961 [info] /bin/python -m autopep8 -
2026-01-06 02:49:34.962 [info] CWD Server: /home/van/Workspace/Exercises/Work 5
2026-01-06 02:50:17.778 [info] /bin/python -m autopep8 -
2026-01-06 02:50:17.778 [info] CWD Server: /home/van/Workspace/Exercises/Work 5
2026-01-06 02:52:09.808 [info] /bin/python -m autopep8 -
2026-01-06 02:52:09.808 [info] CWD Server: /home/van/Workspace/Exercises/Work 5
2026-01-06 02:52:29.219 [info] /bin/python -m autopep8 -
2026-01-06 02:52:29.219 [info] CWD Server: /home/van/Workspace/Exercises/Work 5
2026-01-06 02:52:52.541 [info] /bin/python -m autopep8 -
2026-01-06 02:52:52.541 [info] CWD Server: /home/van/Workspace/Exercises/Work 5
2026-01-06 02:52:59.977 [info] /bin/python -m autopep8 -
2026-01-06 02:52:59.977 [info] CWD Server: /home/van/Workspace/Exercises/Work 5
2026-01-06 02:53:40.356 [info] /bin/python -m autopep8 -
2026-01-06 02:53:40.356 [info] CWD Server: /home/van/Workspace/Exercises/Work 5
2026-01-06 02:53:47.522 [info] /bin/python -m autopep8 -
2026-01-06 02:53:47.522 [info] CWD Server: /home/van/Workspace/Exercises/Work 5
2026-01-06 02:57:33.512 [info] /bin/python -m autopep8 -
2026-01-06 02:57:33.512 [info] CWD Server: /home/van/Workspace/Exercises/Work 5
2026-01-06 03:01:03.976 [info] /bin/python -m autopep8 -
2026-01-06 03:01:03.977 [info] CWD Server: /home/van/Workspace/Exercises/Work 5
2026-01-06 03:01:16.788 [info] /bin/python -m autopep8 -
2026-01-06 03:01:16.788 [info] CWD Server: /home/van/Workspace/Exercises/Work 5
2026-01-06 03:01:59.609 [info] /bin/python -m autopep8 -
2026-01-06 03:01:59.609 [info] CWD Server: /home/van/Workspace/Exercises/Work 5
2026-01-06 03:05:25.414 [info] /bin/python -m autopep8 -
2026-01-06 03:05:25.415 [info] CWD Server: /home/van/Workspace/Exercises/Work 5
2026-01-06 03:06:29.481 [info] /bin/python -m autopep8 -
2026-01-06 03:06:29.481 [info] CWD Server: /home/van/Workspace/Exercises/Work 5
2026-01-06 03:06:40.138 [info] /bin/python -m autopep8 -
2026-01-06 03:06:40.138 [info] CWD Server: /home/van/Workspace/Exercises/Work 5
2026-01-06 03:07:10.314 [info] /bin/python -m autopep8 -
2026-01-06 03:07:10.314 [info] CWD Server: /home/van/Workspace/Exercises/Work 5
2026-01-06 03:07:14.802 [info] /bin/python -m autopep8 -
2026-01-06 03:07:14.802 [info] CWD Server: /home/van/Workspace/Exercises/Work 5
2026-01-06 03:07:36.809 [info] /bin/python -m autopep8 -
2026-01-06 03:07:36.809 [info] CWD Server: /home/van/Workspace/Exercises/Work 5
2026-01-06 03:09:52.774 [info] /bin/python -m autopep8 -
2026-01-06 03:09:52.774 [info] CWD Server: /home/van/Workspace/Exercises/Work 5
2026-01-06 03:12:08.915 [info] /bin/python -m autopep8 -
2026-01-06 03:12:08.915 [info] CWD Server: /home/van/Workspace/Exercises/Work 5
2026-01-06 03:12:51.671 [info] /bin/python -m autopep8 -
2026-01-06 03:12:51.671 [info] CWD Server: /home/van/Workspace/Exercises/Work 5
2026-01-06 03:13:19.045 [info] /bin/python -m autopep8 -
2026-01-06 03:13:19.045 [info] CWD Server: /home/van/Workspace/Exercises/Work 5
2026-01-06 03:14:14.334 [info] /bin/python -m autopep8 -
2026-01-06 03:14:14.334 [info] CWD Server: /home/van/Workspace/Exercises/Work 5
2026-01-06 03:14:21.533 [info] /bin/python -m autopep8 -
2026-01-06 03:14:21.533 [info] CWD Server: /home/van/Workspace/Exercises/Work 5
2026-01-06 03:15:26.342 [info] /bin/python -m autopep8 -
2026-01-06 03:15:26.342 [info] CWD Server: /home/van/Workspace/Exercises/Work 5
2026-01-06 03:15:53.834 [info] /bin/python -m autopep8 -
2026-01-06 03:15:53.834 [info] CWD Server: /home/van/Workspace/Exercises/Work 5
2026-01-06 03:16:07.126 [info] /bin/python -m autopep8 -
2026-01-06 03:16:07.126 [info] CWD Server: /home/van/Workspace/Exercises/Work 5
2026-01-06 03:16:52.724 [info] /bin/python -m autopep8 -
2026-01-06 03:16:52.724 [info] CWD Server: /home/van/Workspace/Exercises/Work 5
2026-01-06 03:17:05.978 [info] /bin/python -m autopep8 -
2026-01-06 03:17:05.978 [info] CWD Server: /home/van/Workspace/Exercises/Work 5
2026-01-06 03:17:27.156 [info] /bin/python -m autopep8 -
2026-01-06 03:17:27.156 [info] CWD Server: /home/van/Workspace/Exercises/Work 5
2026-01-06 03:18:21.790 [info] /bin/python -m autopep8 -
2026-01-06 03:18:21.790 [info] CWD Server: /home/van/Workspace/Exercises/Work 5
2026-01-06 03:18:53.687 [info] /bin/python -m autopep8 -
2026-01-06 03:18:53.687 [info] CWD Server: /home/van/Workspace/Exercises/Work 5
2026-01-06 03:19:14.518 [info] /bin/python -m autopep8 -
2026-01-06 03:19:14.518 [info] CWD Server: /home/van/Workspace/Exercises/Work 5
2026-01-06 03:19:27.959 [info] /bin/python -m autopep8 -
2026-01-06 03:19:27.959 [info] CWD Server: /home/van/Workspace/Exercises/Work 5
2026-01-06 03:19:39.795 [info] /bin/python -m autopep8 -
2026-01-06 03:19:39.795 [info] CWD Server: /home/van/Workspace/Exercises/Work 5
2026-01-06 03:20:18.357 [info] /bin/python -m autopep8 -
2026-01-06 03:20:18.357 [info] CWD Server: /home/van/Workspace/Exercises/Work 5
2026-01-06 03:20:35.893 [info] /bin/python -m autopep8 -
2026-01-06 03:20:35.893 [info] CWD Server: /home/van/Workspace/Exercises/Work 5
2026-01-06 03:20:46.340 [info] /bin/python -m autopep8 -
2026-01-06 03:20:46.341 [info] CWD Server: /home/van/Workspace/Exercises/Work 5
2026-01-06 03:21:10.713 [info] /bin/python -m autopep8 -
2026-01-06 03:21:10.713 [info] CWD Server: /home/van/Workspace/Exercises/Work 5
2026-01-06 05:52:43.911 [info] /bin/python -m autopep8 -
2026-01-06 05:52:43.911 [info] CWD Server: /home/van/Workspace/Exercises/Work 5
2026-01-06 06:13:46.342 [info] /bin/python -m autopep8 -
2026-01-06 06:13:46.342 [info] CWD Server: /home/van/Workspace/Exercises/Work 5
2026-01-06 06:14:32.487 [info] /bin/python -m autopep8 -
2026-01-06 06:14:32.487 [info] CWD Server: /home/van/Workspace/Exercises/Work 5
2026-01-06 06:14:35.149 [info] /bin/python -m autopep8 -
2026-01-06 06:14:35.149 [info] CWD Server: /home/van/Workspace/Exercises/Work 5
2026-01-06 06:17:19.837 [info] /bin/python -m autopep8 -
2026-01-06 06:17:19.837 [info] CWD Server: /home/van/Workspace/Exercises/Work 5
2026-01-06 06:18:18.325 [info] /bin/python -m autopep8 -
2026-01-06 06:18:18.325 [info] CWD Server: /home/van/Workspace/Exercises/Work 5
2026-01-06 06:19:18.535 [info] /bin/python -m autopep8 -
2026-01-06 06:19:18.535 [info] CWD Server: /home/van/Workspace/Exercises/Work 5
2026-01-06 06:19:23.112 [info] /bin/python -m autopep8 -
2026-01-06 06:19:23.112 [info] CWD Server: /home/van/Workspace/Exercises/Work 5
2026-01-06 06:26:40.082 [info] /bin/python -m autopep8 -
2026-01-06 06:26:40.082 [info] CWD Server: /home/van/Workspace/Exercises/Work 5
2026-01-06 06:28:39.790 [info] /bin/python -m autopep8 -
2026-01-06 06:28:39.790 [info] CWD Server: /home/van/Workspace/Exercises/Work 5
2026-01-06 06:30:54.672 [info] /bin/python -m autopep8 -
2026-01-06 06:30:54.672 [info] CWD Server: /home/van/Workspace/Exercises/Work 5
2026-01-06 06:34:14.785 [info] /bin/python -m autopep8 -
2026-01-06 06:34:14.785 [info] CWD Server: /home/van/Workspace/Exercises/Work 5
2026-01-06 06:56:59.901 [info] /bin/python -m autopep8 -
2026-01-06 06:56:59.901 [info] CWD Server: /home/van/Workspace/Exercises/Work 5
2026-01-06 06:58:38.167 [info] /bin/python -m autopep8 -
2026-01-06 06:58:38.167 [info] CWD Server: /home/van/Workspace/Exercises/Work 5
2026-01-06 07:00:19.263 [info] /bin/python -m autopep8 -
2026-01-06 07:00:19.263 [info] CWD Server: /home/van/Workspace/Exercises/Work 5
2026-01-06 07:02:26.083 [info] /bin/python -m autopep8 -
2026-01-06 07:02:26.083 [info] CWD Server: /home/van/Workspace/Exercises/Work 5
2026-01-06 07:03:23.255 [info] /bin/python -m autopep8 -
2026-01-06 07:03:23.255 [info] CWD Server: /home/van/Workspace/Exercises/Work 5
2026-01-06 07:14:25.519 [info] /bin/python -m autopep8 -
2026-01-06 07:14:25.519 [info] CWD Server: /home/van/Workspace/Exercises/Work 5
2026-01-06 07:17:00.303 [info] /bin/python -m autopep8 -
2026-01-06 07:17:00.303 [info] CWD Server: /home/van/Workspace/Exercises/Work 5
2026-01-06 07:18:39.148 [info] /bin/python -m autopep8 -
2026-01-06 07:18:39.148 [info] CWD Server: /home/van/Workspace/Exercises/Work 5
2026-01-06 07:18:45.430 [info] /bin/python -m autopep8 -
2026-01-06 07:18:45.430 [info] CWD Server: /home/van/Workspace/Exercises/Work 5
2026-01-06 07:19:03.100 [info] /bin/python -m autopep8 -
2026-01-06 07:19:03.100 [info] CWD Server: /home/van/Workspace/Exercises/Work 5
2026-01-06 07:19:19.317 [info] /bin/python -m autopep8 -
2026-01-06 07:19:19.317 [info] CWD Server: /home/van/Workspace/Exercises/Work 5
2026-01-06 07:20:37.141 [info] /bin/python -m autopep8 -
2026-01-06 07:20:37.141 [info] CWD Server: /home/van/Workspace/Exercises/Work 5
2026-01-06 07:20:47.529 [info] /bin/python -m autopep8 -
2026-01-06 07:20:47.529 [info] CWD Server: /home/van/Workspace/Exercises/Work 5
2026-01-06 07:23:14.282 [info] /bin/python -m autopep8 -
2026-01-06 07:23:14.282 [info] CWD Server: /home/van/Workspace/Exercises/Work 5
2026-01-06 07:25:14.541 [info] /bin/python -m autopep8 -
2026-01-06 07:25:14.541 [info] CWD Server: /home/van/Workspace/Exercises/Work 5
2026-01-06 07:26:42.861 [info] /bin/python -m autopep8 -
2026-01-06 07:26:42.861 [info] CWD Server: /home/van/Workspace/Exercises/Work 5
2026-01-06 07:27:11.797 [info] /bin/python -m autopep8 -
2026-01-06 07:27:11.797 [info] CWD Server: /home/van/Workspace/Exercises/Work 5
2026-01-06 07:29:24.649 [info] /bin/python -m autopep8 -
2026-01-06 07:29:24.649 [info] CWD Server: /home/van/Workspace/Exercises/Work 5
2026-01-06 07:33:33.425 [info] /bin/python -m autopep8 -
2026-01-06 07:33:33.425 [info] CWD Server: /home/van/Workspace/Exercises/Work 5
2026-01-06 07:36:02.881 [info] /bin/python -m autopep8 -
2026-01-06 07:36:02.881 [info] CWD Server: /home/van/Workspace/Exercises/Work 5
2026-01-06 07:36:23.520 [info] /bin/python -m autopep8 -
2026-01-06 07:36:23.520 [info] CWD Server: /home/van/Workspace/Exercises/Work 5
2026-01-06 07:38:59.701 [info] /bin/python -m autopep8 -
2026-01-06 07:38:59.701 [info] CWD Server: /home/van/Workspace/Exercises/Work 5
2026-01-06 07:40:53.717 [info] /bin/python -m autopep8 -
2026-01-06 07:40:53.717 [info] CWD Server: /home/van/Workspace/Exercises/Work 5
2026-01-06 07:42:54.646 [info] /bin/python -m autopep8 -
2026-01-06 07:42:54.646 [info] CWD Server: /home/van/Workspace/Exercises/Work 5
2026-01-06 07:47:52.255 [info] /bin/python -m autopep8 -
2026-01-06 07:47:52.255 [info] CWD Server: /home/van/Workspace/Exercises/Work 5
2026-01-06 07:52:01.358 [info] /bin/python -m autopep8 -
2026-01-06 07:52:01.358 [info] CWD Server: /home/van/Workspace/Exercises/Work 5
2026-01-06 07:52:23.190 [info] /bin/python -m autopep8 -
2026-01-06 07:52:23.190 [info] CWD Server: /home/van/Workspace/Exercises/Work 5
2026-01-06 07:53:00.327 [info] /bin/python -m autopep8 -
2026-01-06 07:53:00.327 [info] CWD Server: /home/van/Workspace/Exercises/Work 5
2026-01-06 07:54:19.513 [info] /bin/python -m autopep8 -
2026-01-06 07:54:19.513 [info] CWD Server: /home/van/Workspace/Exercises/Work 5
2026-01-06 07:55:36.875 [info] /bin/python -m autopep8 -
2026-01-06 07:55:36.875 [info] CWD Server: /home/van/Workspace/Exercises/Work 5
2026-01-06 07:56:11.093 [info] /bin/python -m autopep8 -
2026-01-06 07:56:11.094 [info] CWD Server: /home/van/Workspace/Exercises/Work 5
2026-01-06 07:56:18.118 [info] /bin/python -m autopep8 -
2026-01-06 07:56:18.118 [info] CWD Server: /home/van/Workspace/Exercises/Work 5
2026-01-06 07:56:40.526 [info] /bin/python -m autopep8 -
2026-01-06 07:56:40.526 [info] CWD Server: /home/van/Workspace/Exercises/Work 5
2026-01-06 07:56:49.733 [info] /bin/python -m autopep8 -
2026-01-06 07:56:49.733 [info] CWD Server: /home/van/Workspace/Exercises/Work 5
2026-01-06 07:57:02.178 [info] /bin/python -m autopep8 -
2026-01-06 07:57:02.178 [info] CWD Server: /home/van/Workspace/Exercises/Work 5
2026-01-06 07:57:11.262 [info] /bin/python -m autopep8 -
2026-01-06 07:57:11.262 [info] CWD Server: /home/van/Workspace/Exercises/Work 5
2026-01-06 07:57:42.419 [info] /bin/python -m autopep8 -
2026-01-06 07:57:42.419 [info] CWD Server: /home/van/Workspace/Exercises/Work 5
2026-01-06 07:58:13.866 [info] /bin/python -m autopep8 -
2026-01-06 07:58:13.866 [info] CWD Server: /home/van/Workspace/Exercises/Work 5
