2026-01-05 21:07:26.631 [info] [AutoSync] Using settings sync service https://vscode-sync.trafficmanager.net/
2026-01-05 21:07:26.632 [info] [AutoSync] Enabled.
2026-01-05 21:07:26.632 [info] [AutoSync] Suspended until auth token is available.
2026-01-05 21:07:27.465 [info] [AutoSync] Triggered by Interval
2026-01-05 21:07:27.465 [info] Sync started.
2026-01-05 21:07:28.552 [info] Settings: No changes found during synchronizing settings.
2026-01-05 21:07:28.562 [info] Keybindings: No changes found during synchronizing keybindings.
2026-01-05 21:07:28.565 [info] Snippets: No changes found during synchronizing snippets.
2026-01-05 21:07:28.567 [info] Tasks: No changes found during synchronizing tasks.
2026-01-05 21:07:28.568 [info] Mcp: No changes found during synchronizing mcp.
2026-01-05 21:07:28.570 [info] GlobalState: No changes found during synchronizing ui state.
2026-01-05 21:07:28.593 [info] Extensions: No changes found during synchronizing extensions.
2026-01-05 21:07:28.595 [info] Prompts: No changes found during synchronizing prompts.
2026-01-05 21:07:28.595 [info] Profiles: No changes found during synchronizing profiles.
2026-01-05 21:07:28.596 [info] Sync done. Took 1133ms
2026-01-05 21:08:18.765 [info] [AutoSync] Triggered by Activity
2026-01-05 21:08:18.765 [info] Sync started.
2026-01-05 21:08:18.964 [info] Settings: No changes found during synchronizing settings.
2026-01-05 21:08:18.965 [info] Keybindings: No changes found during synchronizing keybindings.
2026-01-05 21:08:18.967 [info] Snippets: No changes found during synchronizing snippets.
2026-01-05 21:08:18.969 [info] Tasks: No changes found during synchronizing tasks.
2026-01-05 21:08:18.971 [info] Mcp: No changes found during synchronizing mcp.
2026-01-05 21:08:18.972 [info] GlobalState: No changes found during synchronizing ui state.
2026-01-05 21:08:19.004 [info] Extensions: No changes found during synchronizing extensions.
2026-01-05 21:08:19.005 [info] Prompts: No changes found during synchronizing prompts.
2026-01-05 21:08:19.006 [info] Profiles: No changes found during synchronizing profiles.
2026-01-05 21:08:19.007 [info] Sync done. Took 242ms
2026-01-05 21:08:33.944 [info] [AutoSync] Triggered by Activity
2026-01-05 21:08:33.945 [info] Sync started.
2026-01-05 21:08:34.161 [info] Settings: No changes found during synchronizing settings.
2026-01-05 21:08:34.163 [info] Keybindings: No changes found during synchronizing keybindings.
2026-01-05 21:08:34.164 [info] Snippets: No changes found during synchronizing snippets.
2026-01-05 21:08:34.165 [info] Tasks: No changes found during synchronizing tasks.
2026-01-05 21:08:34.167 [info] Mcp: No changes found during synchronizing mcp.
2026-01-05 21:08:34.170 [info] GlobalState: No changes found during synchronizing ui state.
2026-01-05 21:08:34.198 [info] Extensions: No changes found during synchronizing extensions.
2026-01-05 21:08:34.199 [info] Prompts: No changes found during synchronizing prompts.
2026-01-05 21:08:34.200 [info] Profiles: No changes found during synchronizing profiles.
2026-01-05 21:08:34.201 [info] Sync done. Took 257ms
2026-01-05 21:09:09.860 [info] [AutoSync] Triggered by Activity
2026-01-05 21:09:09.860 [info] Sync started.
2026-01-05 21:09:10.056 [info] Settings: No changes found during synchronizing settings.
2026-01-05 21:09:10.057 [info] Keybindings: No changes found during synchronizing keybindings.
2026-01-05 21:09:10.059 [info] Snippets: No changes found during synchronizing snippets.
2026-01-05 21:09:10.060 [info] Tasks: No changes found during synchronizing tasks.
2026-01-05 21:09:10.061 [info] Mcp: No changes found during synchronizing mcp.
2026-01-05 21:09:10.064 [info] GlobalState: No changes found during synchronizing ui state.
2026-01-05 21:09:10.091 [info] Extensions: No changes found during synchronizing extensions.
2026-01-05 21:09:10.092 [info] Prompts: No changes found during synchronizing prompts.
2026-01-05 21:09:10.092 [info] Profiles: No changes found during synchronizing profiles.
2026-01-05 21:09:10.093 [info] Sync done. Took 233ms
2026-01-05 21:10:35.891 [info] [AutoSync] Triggered by Activity
2026-01-05 21:10:35.892 [info] Sync started.
2026-01-05 21:10:36.077 [info] Settings: No changes found during synchronizing settings.
2026-01-05 21:10:36.079 [info] Keybindings: No changes found during synchronizing keybindings.
2026-01-05 21:10:36.081 [info] Snippets: No changes found during synchronizing snippets.
2026-01-05 21:10:36.084 [info] Tasks: No changes found during synchronizing tasks.
2026-01-05 21:10:36.085 [info] Mcp: No changes found during synchronizing mcp.
2026-01-05 21:10:36.086 [info] GlobalState: No changes found during synchronizing ui state.
2026-01-05 21:10:36.118 [info] Extensions: No changes found during synchronizing extensions.
2026-01-05 21:10:36.120 [info] Prompts: No changes found during synchronizing prompts.
2026-01-05 21:10:36.120 [info] Profiles: No changes found during synchronizing profiles.
2026-01-05 21:10:36.121 [info] Sync done. Took 234ms
2026-01-05 21:14:14.379 [info] [AutoSync] Triggered by Activity
2026-01-05 21:14:14.380 [info] Sync started.
2026-01-05 21:14:15.057 [info] Settings: No changes found during synchronizing settings.
2026-01-05 21:14:15.058 [info] Keybindings: No changes found during synchronizing keybindings.
2026-01-05 21:14:15.059 [info] Snippets: No changes found during synchronizing snippets.
2026-01-05 21:14:15.061 [info] Tasks: No changes found during synchronizing tasks.
2026-01-05 21:14:15.063 [info] Mcp: No changes found during synchronizing mcp.
2026-01-05 21:14:15.065 [info] GlobalState: No changes found during synchronizing ui state.
2026-01-05 21:14:15.097 [info] Extensions: No changes found during synchronizing extensions.
2026-01-05 21:14:15.098 [info] Prompts: No changes found during synchronizing prompts.
2026-01-05 21:14:15.099 [info] Profiles: No changes found during synchronizing profiles.
2026-01-05 21:14:15.100 [info] Sync done. Took 723ms
2026-01-05 21:14:37.835 [info] [AutoSync] Triggered by Activity
2026-01-05 21:14:37.836 [info] Sync started.
2026-01-05 21:14:38.026 [info] Settings: No changes found during synchronizing settings.
2026-01-05 21:14:38.028 [info] Keybindings: No changes found during synchronizing keybindings.
2026-01-05 21:14:38.029 [info] Snippets: No changes found during synchronizing snippets.
2026-01-05 21:14:38.030 [info] Tasks: No changes found during synchronizing tasks.
2026-01-05 21:14:38.031 [info] Mcp: No changes found during synchronizing mcp.
2026-01-05 21:14:38.033 [info] GlobalState: No changes found during synchronizing ui state.
2026-01-05 21:14:38.065 [info] Extensions: No changes found during synchronizing extensions.
2026-01-05 21:14:38.066 [info] Prompts: No changes found during synchronizing prompts.
2026-01-05 21:14:38.066 [info] Profiles: No changes found during synchronizing profiles.
2026-01-05 21:14:38.067 [info] Sync done. Took 235ms
2026-01-05 21:14:58.777 [info] [AutoSync] Triggered by Activity
2026-01-05 21:14:58.779 [info] Sync started.
2026-01-05 21:14:58.979 [info] Settings: No changes found during synchronizing settings.
2026-01-05 21:14:58.981 [info] Keybindings: No changes found during synchronizing keybindings.
2026-01-05 21:14:58.982 [info] Snippets: No changes found during synchronizing snippets.
2026-01-05 21:14:58.983 [info] Tasks: No changes found during synchronizing tasks.
2026-01-05 21:14:58.984 [info] Mcp: No changes found during synchronizing mcp.
2026-01-05 21:14:58.985 [info] GlobalState: No changes found during synchronizing ui state.
2026-01-05 21:14:59.012 [info] Extensions: No changes found during synchronizing extensions.
2026-01-05 21:14:59.013 [info] Prompts: No changes found during synchronizing prompts.
2026-01-05 21:14:59.013 [info] Profiles: No changes found during synchronizing profiles.
2026-01-05 21:14:59.014 [info] Sync done. Took 242ms
2026-01-05 21:15:13.445 [info] [AutoSync] Triggered by Activity
2026-01-05 21:15:13.446 [info] Sync started.
2026-01-05 21:15:13.662 [info] Settings: No changes found during synchronizing settings.
2026-01-05 21:15:13.666 [info] Keybindings: No changes found during synchronizing keybindings.
2026-01-05 21:15:13.668 [info] Snippets: No changes found during synchronizing snippets.
2026-01-05 21:15:13.670 [info] Tasks: No changes found during synchronizing tasks.
2026-01-05 21:15:13.673 [info] Mcp: No changes found during synchronizing mcp.
2026-01-05 21:15:13.676 [info] GlobalState: No changes found during synchronizing ui state.
2026-01-05 21:15:13.702 [info] Extensions: No changes found during synchronizing extensions.
2026-01-05 21:15:13.703 [info] Prompts: No changes found during synchronizing prompts.
2026-01-05 21:15:13.703 [info] Profiles: No changes found during synchronizing profiles.
2026-01-05 21:15:13.704 [info] Sync done. Took 261ms
2026-01-05 21:16:03.650 [info] [AutoSync] Triggered by Activity
2026-01-05 21:16:03.651 [info] Sync started.
2026-01-05 21:16:03.846 [info] Settings: No changes found during synchronizing settings.
2026-01-05 21:16:03.848 [info] Keybindings: No changes found during synchronizing keybindings.
2026-01-05 21:16:03.850 [info] Snippets: No changes found during synchronizing snippets.
2026-01-05 21:16:03.854 [info] Tasks: No changes found during synchronizing tasks.
2026-01-05 21:16:03.858 [info] Mcp: No changes found during synchronizing mcp.
2026-01-05 21:16:03.861 [info] GlobalState: No changes found during synchronizing ui state.
2026-01-05 21:16:03.921 [info] Extensions: No changes found during synchronizing extensions.
2026-01-05 21:16:03.922 [info] Prompts: No changes found during synchronizing prompts.
2026-01-05 21:16:03.923 [info] Profiles: No changes found during synchronizing profiles.
2026-01-05 21:16:03.924 [info] Sync done. Took 275ms
2026-01-05 21:17:17.302 [info] [AutoSync] Triggered by Activity
2026-01-05 21:17:17.303 [info] Sync started.
2026-01-05 21:17:17.467 [info] Settings: No changes found during synchronizing settings.
2026-01-05 21:17:17.469 [info] Keybindings: No changes found during synchronizing keybindings.
2026-01-05 21:17:17.470 [info] Snippets: No changes found during synchronizing snippets.
2026-01-05 21:17:17.476 [info] Tasks: No changes found during synchronizing tasks.
2026-01-05 21:17:17.478 [info] Mcp: No changes found during synchronizing mcp.
2026-01-05 21:17:17.480 [info] GlobalState: No changes found during synchronizing ui state.
2026-01-05 21:17:17.513 [info] Extensions: No changes found during synchronizing extensions.
2026-01-05 21:17:17.514 [info] Prompts: No changes found during synchronizing prompts.
2026-01-05 21:17:17.514 [info] Profiles: No changes found during synchronizing profiles.
2026-01-05 21:17:17.515 [info] Sync done. Took 216ms
2026-01-05 21:18:40.752 [info] [AutoSync] Triggered by Activity
2026-01-05 21:18:40.752 [info] Sync started.
2026-01-05 21:18:40.936 [info] Settings: No changes found during synchronizing settings.
2026-01-05 21:18:40.939 [info] Keybindings: No changes found during synchronizing keybindings.
2026-01-05 21:18:40.941 [info] Snippets: No changes found during synchronizing snippets.
2026-01-05 21:18:40.942 [info] Tasks: No changes found during synchronizing tasks.
2026-01-05 21:18:40.942 [info] Mcp: No changes found during synchronizing mcp.
2026-01-05 21:18:40.944 [info] GlobalState: No changes found during synchronizing ui state.
2026-01-05 21:18:40.972 [info] Extensions: No changes found during synchronizing extensions.
2026-01-05 21:18:40.973 [info] Prompts: No changes found during synchronizing prompts.
2026-01-05 21:18:40.974 [info] Profiles: No changes found during synchronizing profiles.
2026-01-05 21:18:40.974 [info] Sync done. Took 225ms
2026-01-05 21:23:40.977 [info] [AutoSync] Triggered by Interval
2026-01-05 21:23:40.977 [info] Sync started.
2026-01-05 21:23:41.668 [info] Settings: No changes found during synchronizing settings.
2026-01-05 21:23:41.670 [info] Keybindings: No changes found during synchronizing keybindings.
2026-01-05 21:23:41.673 [info] Snippets: No changes found during synchronizing snippets.
2026-01-05 21:23:41.675 [info] Tasks: No changes found during synchronizing tasks.
2026-01-05 21:23:41.675 [info] Mcp: No changes found during synchronizing mcp.
2026-01-05 21:23:41.677 [info] GlobalState: No changes found during synchronizing ui state.
2026-01-05 21:23:41.702 [info] Extensions: No changes found during synchronizing extensions.
2026-01-05 21:23:41.704 [info] Prompts: No changes found during synchronizing prompts.
2026-01-05 21:23:41.705 [info] Profiles: No changes found during synchronizing profiles.
2026-01-05 21:23:41.706 [info] Sync done. Took 730ms
2026-01-05 21:24:48.903 [info] [AutoSync] Triggered by Activity
2026-01-05 21:24:48.903 [info] Sync started.
2026-01-05 21:24:49.097 [info] Settings: No changes found during synchronizing settings.
2026-01-05 21:24:49.098 [info] Keybindings: No changes found during synchronizing keybindings.
2026-01-05 21:24:49.100 [info] Snippets: No changes found during synchronizing snippets.
2026-01-05 21:24:49.102 [info] Tasks: No changes found during synchronizing tasks.
2026-01-05 21:24:49.104 [info] Mcp: No changes found during synchronizing mcp.
2026-01-05 21:24:49.107 [info] GlobalState: No changes found during synchronizing ui state.
2026-01-05 21:24:49.134 [info] Extensions: No changes found during synchronizing extensions.
2026-01-05 21:24:49.135 [info] Prompts: No changes found during synchronizing prompts.
2026-01-05 21:24:49.135 [info] Profiles: No changes found during synchronizing profiles.
2026-01-05 21:24:49.136 [info] Sync done. Took 234ms
2026-01-05 21:29:49.161 [info] [AutoSync] Triggered by Interval
2026-01-05 21:29:49.162 [info] Sync started.
2026-01-05 21:29:49.848 [info] Settings: No changes found during synchronizing settings.
2026-01-05 21:29:49.850 [info] Keybindings: No changes found during synchronizing keybindings.
2026-01-05 21:29:49.852 [info] Snippets: No changes found during synchronizing snippets.
2026-01-05 21:29:49.854 [info] Tasks: No changes found during synchronizing tasks.
2026-01-05 21:29:49.855 [info] Mcp: No changes found during synchronizing mcp.
2026-01-05 21:29:49.858 [info] GlobalState: No changes found during synchronizing ui state.
2026-01-05 21:29:49.883 [info] Extensions: No changes found during synchronizing extensions.
2026-01-05 21:29:49.884 [info] Prompts: No changes found during synchronizing prompts.
2026-01-05 21:29:49.885 [info] Profiles: No changes found during synchronizing profiles.
2026-01-05 21:29:49.886 [info] Sync done. Took 727ms
2026-01-05 21:30:10.369 [info] [AutoSync] Triggered by Activity
2026-01-05 21:30:10.370 [info] Sync started.
2026-01-05 21:30:10.568 [info] Settings: No changes found during synchronizing settings.
2026-01-05 21:30:10.570 [info] Keybindings: No changes found during synchronizing keybindings.
2026-01-05 21:30:10.574 [info] Snippets: No changes found during synchronizing snippets.
2026-01-05 21:30:10.577 [info] Tasks: No changes found during synchronizing tasks.
2026-01-05 21:30:10.581 [info] Mcp: No changes found during synchronizing mcp.
2026-01-05 21:30:10.584 [info] GlobalState: No changes found during synchronizing ui state.
2026-01-05 21:30:10.619 [info] Extensions: No changes found during synchronizing extensions.
2026-01-05 21:30:10.620 [info] Prompts: No changes found during synchronizing prompts.
2026-01-05 21:30:10.620 [info] Profiles: No changes found during synchronizing profiles.
2026-01-05 21:30:10.621 [info] Sync done. Took 253ms
2026-01-05 21:35:10.644 [info] [AutoSync] Triggered by Interval
2026-01-05 21:35:10.645 [info] Sync started.
2026-01-05 21:35:11.315 [info] Settings: No changes found during synchronizing settings.
2026-01-05 21:35:11.316 [info] Keybindings: No changes found during synchronizing keybindings.
2026-01-05 21:35:11.317 [info] Snippets: No changes found during synchronizing snippets.
2026-01-05 21:35:11.318 [info] Tasks: No changes found during synchronizing tasks.
2026-01-05 21:35:11.319 [info] Mcp: No changes found during synchronizing mcp.
2026-01-05 21:35:11.320 [info] GlobalState: No changes found during synchronizing ui state.
2026-01-05 21:35:11.346 [info] Extensions: No changes found during synchronizing extensions.
2026-01-05 21:35:11.347 [info] Prompts: No changes found during synchronizing prompts.
2026-01-05 21:35:11.347 [info] Profiles: No changes found during synchronizing profiles.
2026-01-05 21:35:11.348 [info] Sync done. Took 706ms
2026-01-05 21:35:44.400 [info] [AutoSync] Triggered by Activity
2026-01-05 21:35:44.400 [info] Sync started.
2026-01-05 21:35:44.589 [info] Settings: No changes found during synchronizing settings.
2026-01-05 21:35:44.594 [info] Keybindings: No changes found during synchronizing keybindings.
2026-01-05 21:35:44.598 [info] Snippets: No changes found during synchronizing snippets.
2026-01-05 21:35:44.601 [info] Tasks: No changes found during synchronizing tasks.
2026-01-05 21:35:44.602 [info] Mcp: No changes found during synchronizing mcp.
2026-01-05 21:35:44.604 [info] GlobalState: No changes found during synchronizing ui state.
2026-01-05 21:35:44.637 [info] Extensions: No changes found during synchronizing extensions.
2026-01-05 21:35:44.638 [info] Prompts: No changes found during synchronizing prompts.
2026-01-05 21:35:44.638 [info] Profiles: No changes found during synchronizing profiles.
2026-01-05 21:35:44.639 [info] Sync done. Took 241ms
2026-01-05 21:36:32.394 [info] [AutoSync] Triggered by Activity
2026-01-05 21:36:32.394 [info] Sync started.
2026-01-05 21:36:32.552 [info] Settings: No changes found during synchronizing settings.
2026-01-05 21:36:32.553 [info] Keybindings: No changes found during synchronizing keybindings.
2026-01-05 21:36:32.554 [info] Snippets: No changes found during synchronizing snippets.
2026-01-05 21:36:32.555 [info] Tasks: No changes found during synchronizing tasks.
2026-01-05 21:36:32.556 [info] Mcp: No changes found during synchronizing mcp.
2026-01-05 21:36:32.558 [info] GlobalState: No changes found during synchronizing ui state.
2026-01-05 21:36:32.586 [info] Extensions: No changes found during synchronizing extensions.
2026-01-05 21:36:32.587 [info] Prompts: No changes found during synchronizing prompts.
2026-01-05 21:36:32.587 [info] Profiles: No changes found during synchronizing profiles.
2026-01-05 21:36:32.588 [info] Sync done. Took 195ms
2026-01-05 21:36:48.174 [info] [AutoSync] Triggered by Activity
2026-01-05 21:36:48.174 [info] Sync started.
2026-01-05 21:36:48.358 [info] Settings: No changes found during synchronizing settings.
2026-01-05 21:36:48.364 [info] Keybindings: No changes found during synchronizing keybindings.
2026-01-05 21:36:48.371 [info] Snippets: No changes found during synchronizing snippets.
2026-01-05 21:36:48.375 [info] Tasks: No changes found during synchronizing tasks.
2026-01-05 21:36:48.378 [info] Mcp: No changes found during synchronizing mcp.
2026-01-05 21:36:48.381 [info] GlobalState: No changes found during synchronizing ui state.
2026-01-05 21:36:48.412 [info] Extensions: No changes found during synchronizing extensions.
2026-01-05 21:36:48.413 [info] Prompts: No changes found during synchronizing prompts.
2026-01-05 21:36:48.413 [info] Profiles: No changes found during synchronizing profiles.
2026-01-05 21:36:48.414 [info] Sync done. Took 244ms
2026-01-05 21:38:29.049 [info] [AutoSync] Triggered by Activity
2026-01-05 21:38:29.049 [info] Sync started.
2026-01-05 21:38:29.239 [info] Settings: No changes found during synchronizing settings.
2026-01-05 21:38:29.242 [info] Keybindings: No changes found during synchronizing keybindings.
2026-01-05 21:38:29.244 [info] Snippets: No changes found during synchronizing snippets.
2026-01-05 21:38:29.245 [info] Tasks: No changes found during synchronizing tasks.
2026-01-05 21:38:29.246 [info] Mcp: No changes found during synchronizing mcp.
2026-01-05 21:38:29.248 [info] GlobalState: No changes found during synchronizing ui state.
2026-01-05 21:38:29.274 [info] Extensions: No changes found during synchronizing extensions.
2026-01-05 21:38:29.275 [info] Prompts: No changes found during synchronizing prompts.
2026-01-05 21:38:29.275 [info] Profiles: No changes found during synchronizing profiles.
2026-01-05 21:38:29.276 [info] Sync done. Took 228ms
2026-01-05 21:38:54.173 [info] [AutoSync] Triggered by Activity
2026-01-05 21:38:54.174 [info] Sync started.
2026-01-05 21:38:54.353 [info] Settings: No changes found during synchronizing settings.
2026-01-05 21:38:54.360 [info] Keybindings: No changes found during synchronizing keybindings.
2026-01-05 21:38:54.367 [info] Snippets: No changes found during synchronizing snippets.
2026-01-05 21:38:54.374 [info] Tasks: No changes found during synchronizing tasks.
2026-01-05 21:38:54.380 [info] Mcp: No changes found during synchronizing mcp.
2026-01-05 21:38:54.384 [info] GlobalState: No changes found during synchronizing ui state.
2026-01-05 21:38:54.411 [info] Extensions: No changes found during synchronizing extensions.
2026-01-05 21:38:54.411 [info] Prompts: No changes found during synchronizing prompts.
2026-01-05 21:38:54.412 [info] Profiles: No changes found during synchronizing profiles.
2026-01-05 21:38:54.412 [info] Sync done. Took 242ms
2026-01-05 21:39:19.539 [info] [AutoSync] Triggered by Activity
2026-01-05 21:39:19.540 [info] Sync started.
2026-01-05 21:39:19.743 [info] Settings: No changes found during synchronizing settings.
2026-01-05 21:39:19.744 [info] Keybindings: No changes found during synchronizing keybindings.
2026-01-05 21:39:19.747 [info] Snippets: No changes found during synchronizing snippets.
2026-01-05 21:39:19.748 [info] Tasks: No changes found during synchronizing tasks.
2026-01-05 21:39:19.749 [info] Mcp: No changes found during synchronizing mcp.
2026-01-05 21:39:19.751 [info] GlobalState: No changes found during synchronizing ui state.
2026-01-05 21:39:19.776 [info] Extensions: No changes found during synchronizing extensions.
2026-01-05 21:39:19.778 [info] Prompts: No changes found during synchronizing prompts.
2026-01-05 21:39:19.778 [info] Profiles: No changes found during synchronizing profiles.
2026-01-05 21:39:19.778 [info] Sync done. Took 242ms
2026-01-05 21:39:31.779 [info] [AutoSync] Triggered by Activity
2026-01-05 21:39:31.780 [info] Sync started.
2026-01-05 21:39:31.952 [info] Settings: No changes found during synchronizing settings.
2026-01-05 21:39:31.953 [info] Keybindings: No changes found during synchronizing keybindings.
2026-01-05 21:39:31.956 [info] Snippets: No changes found during synchronizing snippets.
2026-01-05 21:39:31.957 [info] Tasks: No changes found during synchronizing tasks.
2026-01-05 21:39:31.959 [info] Mcp: No changes found during synchronizing mcp.
2026-01-05 21:39:31.961 [info] GlobalState: No changes found during synchronizing ui state.
2026-01-05 21:39:31.990 [info] Extensions: No changes found during synchronizing extensions.
2026-01-05 21:39:31.992 [info] Prompts: No changes found during synchronizing prompts.
2026-01-05 21:39:31.992 [info] Profiles: No changes found during synchronizing profiles.
2026-01-05 21:39:31.993 [info] Sync done. Took 217ms
2026-01-05 21:39:42.607 [info] [AutoSync] Triggered by Activity
2026-01-05 21:39:42.607 [info] Sync started.
2026-01-05 21:39:42.807 [info] Settings: No changes found during synchronizing settings.
2026-01-05 21:39:42.809 [info] Keybindings: No changes found during synchronizing keybindings.
2026-01-05 21:39:42.810 [info] Snippets: No changes found during synchronizing snippets.
2026-01-05 21:39:42.811 [info] Tasks: No changes found during synchronizing tasks.
2026-01-05 21:39:42.812 [info] Mcp: No changes found during synchronizing mcp.
2026-01-05 21:39:42.814 [info] GlobalState: No changes found during synchronizing ui state.
2026-01-05 21:39:42.842 [info] Extensions: No changes found during synchronizing extensions.
2026-01-05 21:39:42.842 [info] Prompts: No changes found during synchronizing prompts.
2026-01-05 21:39:42.843 [info] Profiles: No changes found during synchronizing profiles.
2026-01-05 21:39:42.843 [info] Sync done. Took 240ms
2026-01-05 21:44:42.861 [info] [AutoSync] Triggered by Interval
2026-01-05 21:44:42.862 [info] Sync started.
2026-01-05 21:44:43.622 [info] Settings: No changes found during synchronizing settings.
2026-01-05 21:44:43.624 [info] Keybindings: No changes found during synchronizing keybindings.
2026-01-05 21:44:43.626 [info] Snippets: No changes found during synchronizing snippets.
2026-01-05 21:44:43.627 [info] Tasks: No changes found during synchronizing tasks.
2026-01-05 21:44:43.628 [info] Mcp: No changes found during synchronizing mcp.
2026-01-05 21:44:43.629 [info] GlobalState: No changes found during synchronizing ui state.
2026-01-05 21:44:43.653 [info] Extensions: No changes found during synchronizing extensions.
2026-01-05 21:44:43.653 [info] Prompts: No changes found during synchronizing prompts.
2026-01-05 21:44:43.654 [info] Profiles: No changes found during synchronizing profiles.
2026-01-05 21:44:43.654 [info] Sync done. Took 795ms
2026-01-05 21:49:43.674 [info] [AutoSync] Triggered by Interval
2026-01-05 21:49:43.675 [info] Sync started.
2026-01-05 21:49:44.425 [info] Settings: No changes found during synchronizing settings.
2026-01-05 21:49:44.427 [info] Keybindings: No changes found during synchronizing keybindings.
2026-01-05 21:49:44.428 [info] Snippets: No changes found during synchronizing snippets.
2026-01-05 21:49:44.429 [info] Tasks: No changes found during synchronizing tasks.
2026-01-05 21:49:44.430 [info] Mcp: No changes found during synchronizing mcp.
2026-01-05 21:49:44.432 [info] GlobalState: No changes found during synchronizing ui state.
2026-01-05 21:49:44.460 [info] Extensions: No changes found during synchronizing extensions.
2026-01-05 21:49:44.461 [info] Prompts: No changes found during synchronizing prompts.
2026-01-05 21:49:44.462 [info] Profiles: No changes found during synchronizing profiles.
2026-01-05 21:49:44.462 [info] Sync done. Took 791ms
2026-01-05 21:54:44.481 [info] [AutoSync] Triggered by Interval
2026-01-05 21:54:44.482 [info] Sync started.
2026-01-05 21:54:45.176 [info] Settings: No changes found during synchronizing settings.
2026-01-05 21:54:45.177 [info] Keybindings: No changes found during synchronizing keybindings.
2026-01-05 21:54:45.178 [info] Snippets: No changes found during synchronizing snippets.
2026-01-05 21:54:45.179 [info] Tasks: No changes found during synchronizing tasks.
2026-01-05 21:54:45.180 [info] Mcp: No changes found during synchronizing mcp.
2026-01-05 21:54:45.181 [info] GlobalState: No changes found during synchronizing ui state.
2026-01-05 21:54:45.205 [info] Extensions: No changes found during synchronizing extensions.
2026-01-05 21:54:45.206 [info] Prompts: No changes found during synchronizing prompts.
2026-01-05 21:54:45.206 [info] Profiles: No changes found during synchronizing profiles.
2026-01-05 21:54:45.207 [info] Sync done. Took 728ms
2026-01-05 21:59:45.227 [info] [AutoSync] Triggered by Interval
2026-01-05 21:59:45.227 [info] Sync started.
2026-01-05 21:59:46.197 [info] Settings: No changes found during synchronizing settings.
2026-01-05 21:59:46.198 [info] Keybindings: No changes found during synchronizing keybindings.
2026-01-05 21:59:46.200 [info] Snippets: No changes found during synchronizing snippets.
2026-01-05 21:59:46.202 [info] Tasks: No changes found during synchronizing tasks.
2026-01-05 21:59:46.203 [info] Mcp: No changes found during synchronizing mcp.
2026-01-05 21:59:46.204 [info] GlobalState: No changes found during synchronizing ui state.
2026-01-05 21:59:46.228 [info] Extensions: No changes found during synchronizing extensions.
2026-01-05 21:59:46.230 [info] Prompts: No changes found during synchronizing prompts.
2026-01-05 21:59:46.231 [info] Profiles: No changes found during synchronizing profiles.
2026-01-05 21:59:46.231 [info] Sync done. Took 1007ms
2026-01-05 22:04:46.253 [info] [AutoSync] Triggered by Interval
2026-01-05 22:04:46.253 [info] Sync started.
2026-01-05 22:04:47.153 [info] Settings: No changes found during synchronizing settings.
2026-01-05 22:04:47.155 [info] Keybindings: No changes found during synchronizing keybindings.
2026-01-05 22:04:47.157 [info] Snippets: No changes found during synchronizing snippets.
2026-01-05 22:04:47.159 [info] Tasks: No changes found during synchronizing tasks.
2026-01-05 22:04:47.160 [info] Mcp: No changes found during synchronizing mcp.
2026-01-05 22:04:47.162 [info] GlobalState: No changes found during synchronizing ui state.
2026-01-05 22:04:47.183 [info] Extensions: No changes found during synchronizing extensions.
2026-01-05 22:04:47.185 [info] Prompts: No changes found during synchronizing prompts.
2026-01-05 22:04:47.185 [info] Profiles: No changes found during synchronizing profiles.
2026-01-05 22:04:47.186 [info] Sync done. Took 935ms
2026-01-05 22:09:47.207 [info] [AutoSync] Triggered by Interval
2026-01-05 22:09:47.208 [info] Sync started.
2026-01-05 22:09:48.101 [info] Settings: No changes found during synchronizing settings.
2026-01-05 22:09:48.103 [info] Keybindings: No changes found during synchronizing keybindings.
2026-01-05 22:09:48.105 [info] Snippets: No changes found during synchronizing snippets.
2026-01-05 22:09:48.105 [info] Tasks: No changes found during synchronizing tasks.
2026-01-05 22:09:48.106 [info] Mcp: No changes found during synchronizing mcp.
2026-01-05 22:09:48.108 [info] GlobalState: No changes found during synchronizing ui state.
2026-01-05 22:09:48.130 [info] Extensions: No changes found during synchronizing extensions.
2026-01-05 22:09:48.132 [info] Prompts: No changes found during synchronizing prompts.
2026-01-05 22:09:48.132 [info] Profiles: No changes found during synchronizing profiles.
2026-01-05 22:09:48.133 [info] Sync done. Took 928ms
2026-01-05 22:14:48.144 [info] [AutoSync] Triggered by Interval
2026-01-05 22:14:48.145 [info] Sync started.
2026-01-05 22:14:49.014 [info] Settings: No changes found during synchronizing settings.
2026-01-05 22:14:49.015 [info] Keybindings: No changes found during synchronizing keybindings.
2026-01-05 22:14:49.016 [info] Snippets: No changes found during synchronizing snippets.
2026-01-05 22:14:49.017 [info] Tasks: No changes found during synchronizing tasks.
2026-01-05 22:14:49.018 [info] Mcp: No changes found during synchronizing mcp.
2026-01-05 22:14:49.020 [info] GlobalState: No changes found during synchronizing ui state.
2026-01-05 22:14:49.040 [info] Extensions: No changes found during synchronizing extensions.
2026-01-05 22:14:49.041 [info] Prompts: No changes found during synchronizing prompts.
2026-01-05 22:14:49.042 [info] Profiles: No changes found during synchronizing profiles.
2026-01-05 22:14:49.042 [info] Sync done. Took 901ms
2026-01-05 22:19:49.065 [info] [AutoSync] Triggered by Interval
2026-01-05 22:19:49.066 [info] Sync started.
2026-01-05 22:19:49.798 [info] Settings: No changes found during synchronizing settings.
2026-01-05 22:19:49.800 [info] Keybindings: No changes found during synchronizing keybindings.
2026-01-05 22:19:49.802 [info] Snippets: No changes found during synchronizing snippets.
2026-01-05 22:19:49.803 [info] Tasks: No changes found during synchronizing tasks.
2026-01-05 22:19:49.804 [info] Mcp: No changes found during synchronizing mcp.
2026-01-05 22:19:49.807 [info] GlobalState: No changes found during synchronizing ui state.
2026-01-05 22:19:49.834 [info] Extensions: No changes found during synchronizing extensions.
2026-01-05 22:19:49.835 [info] Prompts: No changes found during synchronizing prompts.
2026-01-05 22:19:49.835 [info] Profiles: No changes found during synchronizing profiles.
2026-01-05 22:19:49.836 [info] Sync done. Took 774ms
2026-01-05 22:24:49.860 [info] [AutoSync] Triggered by Interval
2026-01-05 22:24:49.860 [info] Sync started.
2026-01-05 22:24:50.621 [info] Settings: No changes found during synchronizing settings.
2026-01-05 22:24:50.622 [info] Keybindings: No changes found during synchronizing keybindings.
2026-01-05 22:24:50.624 [info] Snippets: No changes found during synchronizing snippets.
2026-01-05 22:24:50.625 [info] Tasks: No changes found during synchronizing tasks.
2026-01-05 22:24:50.626 [info] Mcp: No changes found during synchronizing mcp.
2026-01-05 22:24:50.627 [info] GlobalState: No changes found during synchronizing ui state.
2026-01-05 22:24:50.647 [info] Extensions: No changes found during synchronizing extensions.
2026-01-05 22:24:50.649 [info] Prompts: No changes found during synchronizing prompts.
2026-01-05 22:24:50.649 [info] Profiles: No changes found during synchronizing profiles.
2026-01-05 22:24:50.650 [info] Sync done. Took 792ms
2026-01-05 22:29:50.654 [info] [AutoSync] Triggered by Interval
2026-01-05 22:29:50.655 [info] Sync started.
2026-01-05 22:29:51.415 [info] Settings: No changes found during synchronizing settings.
2026-01-05 22:29:51.417 [info] Keybindings: No changes found during synchronizing keybindings.
2026-01-05 22:29:51.418 [info] Snippets: No changes found during synchronizing snippets.
2026-01-05 22:29:51.419 [info] Tasks: No changes found during synchronizing tasks.
2026-01-05 22:29:51.422 [info] Mcp: No changes found during synchronizing mcp.
2026-01-05 22:29:51.423 [info] GlobalState: No changes found during synchronizing ui state.
2026-01-05 22:29:51.446 [info] Extensions: No changes found during synchronizing extensions.
2026-01-05 22:29:51.448 [info] Prompts: No changes found during synchronizing prompts.
2026-01-05 22:29:51.448 [info] Profiles: No changes found during synchronizing profiles.
2026-01-05 22:29:51.449 [info] Sync done. Took 798ms
2026-01-05 22:34:51.473 [info] [AutoSync] Triggered by Interval
2026-01-05 22:34:51.474 [info] Sync started.
2026-01-05 22:34:52.258 [info] Settings: No changes found during synchronizing settings.
2026-01-05 22:34:52.261 [info] Keybindings: No changes found during synchronizing keybindings.
2026-01-05 22:34:52.264 [info] Snippets: No changes found during synchronizing snippets.
2026-01-05 22:34:52.266 [info] Tasks: No changes found during synchronizing tasks.
2026-01-05 22:34:52.271 [info] Mcp: No changes found during synchronizing mcp.
2026-01-05 22:34:52.275 [info] GlobalState: No changes found during synchronizing ui state.
2026-01-05 22:34:52.296 [info] Extensions: No changes found during synchronizing extensions.
2026-01-05 22:34:52.298 [info] Prompts: No changes found during synchronizing prompts.
2026-01-05 22:34:52.299 [info] Profiles: No changes found during synchronizing profiles.
2026-01-05 22:34:52.299 [info] Sync done. Took 829ms
2026-01-05 22:39:52.326 [info] [AutoSync] Triggered by Interval
2026-01-05 22:39:52.326 [info] Sync started.
2026-01-05 22:39:53.047 [info] Settings: No changes found during synchronizing settings.
2026-01-05 22:39:53.048 [info] Keybindings: No changes found during synchronizing keybindings.
2026-01-05 22:39:53.049 [info] Snippets: No changes found during synchronizing snippets.
2026-01-05 22:39:53.050 [info] Tasks: No changes found during synchronizing tasks.
2026-01-05 22:39:53.052 [info] Mcp: No changes found during synchronizing mcp.
2026-01-05 22:39:53.054 [info] GlobalState: No changes found during synchronizing ui state.
2026-01-05 22:39:53.077 [info] Extensions: No changes found during synchronizing extensions.
2026-01-05 22:39:53.079 [info] Prompts: No changes found during synchronizing prompts.
2026-01-05 22:39:53.080 [info] Profiles: No changes found during synchronizing profiles.
2026-01-05 22:39:53.080 [info] Sync done. Took 759ms
2026-01-05 22:44:53.106 [info] [AutoSync] Triggered by Interval
2026-01-05 22:44:53.107 [info] Sync started.
2026-01-05 22:44:53.934 [info] Settings: No changes found during synchronizing settings.
2026-01-05 22:44:53.942 [info] Keybindings: No changes found during synchronizing keybindings.
2026-01-05 22:44:53.951 [info] Snippets: No changes found during synchronizing snippets.
2026-01-05 22:44:53.958 [info] Tasks: No changes found during synchronizing tasks.
2026-01-05 22:44:53.966 [info] Mcp: No changes found during synchronizing mcp.
2026-01-05 22:44:53.971 [info] GlobalState: No changes found during synchronizing ui state.
2026-01-05 22:44:53.992 [info] Extensions: No changes found during synchronizing extensions.
2026-01-05 22:44:53.994 [info] Prompts: No changes found during synchronizing prompts.
2026-01-05 22:44:53.994 [info] Profiles: No changes found during synchronizing profiles.
2026-01-05 22:44:53.994 [info] Sync done. Took 891ms
2026-01-05 22:49:54.020 [info] [AutoSync] Triggered by Interval
2026-01-05 22:49:54.020 [info] Sync started.
2026-01-05 22:49:54.842 [info] Settings: No changes found during synchronizing settings.
2026-01-05 22:49:54.846 [info] Keybindings: No changes found during synchronizing keybindings.
2026-01-05 22:49:54.850 [info] Snippets: No changes found during synchronizing snippets.
2026-01-05 22:49:54.851 [info] Tasks: No changes found during synchronizing tasks.
2026-01-05 22:49:54.851 [info] Mcp: No changes found during synchronizing mcp.
2026-01-05 22:49:54.853 [info] GlobalState: No changes found during synchronizing ui state.
2026-01-05 22:49:54.876 [info] Extensions: No changes found during synchronizing extensions.
2026-01-05 22:49:54.878 [info] Prompts: No changes found during synchronizing prompts.
2026-01-05 22:49:54.878 [info] Profiles: No changes found during synchronizing profiles.
2026-01-05 22:49:54.881 [info] Sync done. Took 863ms
2026-01-05 22:54:54.909 [info] [AutoSync] Triggered by Interval
2026-01-05 22:54:54.909 [info] Sync started.
2026-01-05 22:54:55.717 [info] Settings: No changes found during synchronizing settings.
2026-01-05 22:54:55.718 [info] Keybindings: No changes found during synchronizing keybindings.
2026-01-05 22:54:55.720 [info] Snippets: No changes found during synchronizing snippets.
2026-01-05 22:54:55.721 [info] Tasks: No changes found during synchronizing tasks.
2026-01-05 22:54:55.722 [info] Mcp: No changes found during synchronizing mcp.
2026-01-05 22:54:55.723 [info] GlobalState: No changes found during synchronizing ui state.
2026-01-05 22:54:55.745 [info] Extensions: No changes found during synchronizing extensions.
2026-01-05 22:54:55.747 [info] Prompts: No changes found during synchronizing prompts.
2026-01-05 22:54:55.747 [info] Profiles: No changes found during synchronizing profiles.
2026-01-05 22:54:55.748 [info] Sync done. Took 842ms
2026-01-05 22:57:52.294 [info] [AutoSync] Triggered by Activity
2026-01-05 22:57:52.295 [info] Sync started.
2026-01-05 22:57:53.086 [info] Settings: No changes found during synchronizing settings.
2026-01-05 22:57:53.087 [info] Keybindings: No changes found during synchronizing keybindings.
2026-01-05 22:57:53.089 [info] Snippets: No changes found during synchronizing snippets.
2026-01-05 22:57:53.090 [info] Tasks: No changes found during synchronizing tasks.
2026-01-05 22:57:53.091 [info] Mcp: No changes found during synchronizing mcp.
2026-01-05 22:57:53.092 [info] GlobalState: No changes found during synchronizing ui state.
2026-01-05 22:57:53.118 [info] Extensions: No changes found during synchronizing extensions.
2026-01-05 22:57:53.120 [info] Prompts: No changes found during synchronizing prompts.
2026-01-05 22:57:53.120 [info] Profiles: No changes found during synchronizing profiles.
2026-01-05 22:57:53.121 [info] Sync done. Took 829ms
2026-01-05 22:59:19.264 [info] [AutoSync] Triggered by Activity
2026-01-05 22:59:19.265 [info] Sync started.
2026-01-05 22:59:19.475 [info] Settings: No changes found during synchronizing settings.
2026-01-05 22:59:19.477 [info] Keybindings: No changes found during synchronizing keybindings.
2026-01-05 22:59:19.479 [info] Snippets: No changes found during synchronizing snippets.
2026-01-05 22:59:19.480 [info] Tasks: No changes found during synchronizing tasks.
2026-01-05 22:59:19.481 [info] Mcp: No changes found during synchronizing mcp.
2026-01-05 22:59:19.483 [info] GlobalState: No changes found during synchronizing ui state.
2026-01-05 22:59:19.505 [info] Extensions: No changes found during synchronizing extensions.
2026-01-05 22:59:19.506 [info] Prompts: No changes found during synchronizing prompts.
2026-01-05 22:59:19.507 [info] Profiles: No changes found during synchronizing profiles.
2026-01-05 22:59:19.507 [info] Sync done. Took 246ms
2026-01-05 23:02:23.088 [info] [AutoSync] Triggered by Activity
2026-01-05 23:02:23.088 [info] Sync started.
2026-01-05 23:02:23.928 [info] Settings: No changes found during synchronizing settings.
2026-01-05 23:02:23.930 [info] Keybindings: No changes found during synchronizing keybindings.
2026-01-05 23:02:23.936 [info] Snippets: No changes found during synchronizing snippets.
2026-01-05 23:02:23.938 [info] Tasks: No changes found during synchronizing tasks.
2026-01-05 23:02:23.939 [info] Mcp: No changes found during synchronizing mcp.
2026-01-05 23:02:23.941 [info] GlobalState: No changes found during synchronizing ui state.
2026-01-05 23:02:23.964 [info] Extensions: No changes found during synchronizing extensions.
2026-01-05 23:02:23.966 [info] Prompts: No changes found during synchronizing prompts.
2026-01-05 23:02:23.967 [info] Profiles: No changes found during synchronizing profiles.
2026-01-05 23:02:23.967 [info] Sync done. Took 883ms
2026-01-05 23:06:41.604 [info] [AutoSync] Triggered by Activity
2026-01-05 23:06:41.604 [info] Sync started.
2026-01-05 23:06:42.374 [info] Settings: No changes found during synchronizing settings.
2026-01-05 23:06:42.377 [info] Keybindings: No changes found during synchronizing keybindings.
2026-01-05 23:06:42.380 [info] Snippets: No changes found during synchronizing snippets.
2026-01-05 23:06:42.384 [info] Tasks: No changes found during synchronizing tasks.
2026-01-05 23:06:42.388 [info] Mcp: No changes found during synchronizing mcp.
2026-01-05 23:06:42.391 [info] GlobalState: No changes found during synchronizing ui state.
2026-01-05 23:06:42.413 [info] Extensions: No changes found during synchronizing extensions.
2026-01-05 23:06:42.414 [info] Prompts: No changes found during synchronizing prompts.
2026-01-05 23:06:42.415 [info] Profiles: No changes found during synchronizing profiles.
2026-01-05 23:06:42.415 [info] Sync done. Took 812ms
2026-01-05 23:07:04.175 [info] [AutoSync] Triggered by Activity
2026-01-05 23:07:04.175 [info] Sync started.
2026-01-05 23:07:04.364 [info] Settings: No changes found during synchronizing settings.
2026-01-05 23:07:04.365 [info] Keybindings: No changes found during synchronizing keybindings.
2026-01-05 23:07:04.366 [info] Snippets: No changes found during synchronizing snippets.
2026-01-05 23:07:04.367 [info] Tasks: No changes found during synchronizing tasks.
2026-01-05 23:07:04.368 [info] Mcp: No changes found during synchronizing mcp.
2026-01-05 23:07:04.369 [info] GlobalState: No changes found during synchronizing ui state.
2026-01-05 23:07:04.393 [info] Extensions: No changes found during synchronizing extensions.
2026-01-05 23:07:04.394 [info] Prompts: No changes found during synchronizing prompts.
2026-01-05 23:07:04.394 [info] Profiles: No changes found during synchronizing profiles.
2026-01-05 23:07:04.395 [info] Sync done. Took 223ms
2026-01-05 23:07:20.499 [info] [AutoSync] Triggered by Activity
2026-01-05 23:07:20.499 [info] Sync started.
2026-01-05 23:07:20.701 [info] Settings: No changes found during synchronizing settings.
2026-01-05 23:07:20.702 [info] Keybindings: No changes found during synchronizing keybindings.
2026-01-05 23:07:20.706 [info] Snippets: No changes found during synchronizing snippets.
2026-01-05 23:07:20.707 [info] Tasks: No changes found during synchronizing tasks.
2026-01-05 23:07:20.708 [info] Mcp: No changes found during synchronizing mcp.
2026-01-05 23:07:20.709 [info] GlobalState: No changes found during synchronizing ui state.
2026-01-05 23:07:20.732 [info] Extensions: No changes found during synchronizing extensions.
2026-01-05 23:07:20.733 [info] Prompts: No changes found during synchronizing prompts.
2026-01-05 23:07:20.733 [info] Profiles: No changes found during synchronizing profiles.
2026-01-05 23:07:20.734 [info] Sync done. Took 239ms
2026-01-05 23:12:20.750 [info] [AutoSync] Triggered by Interval
2026-01-05 23:12:20.751 [info] Sync started.
2026-01-05 23:12:21.609 [info] Settings: No changes found during synchronizing settings.
2026-01-05 23:12:21.611 [info] Keybindings: No changes found during synchronizing keybindings.
2026-01-05 23:12:21.612 [info] Snippets: No changes found during synchronizing snippets.
2026-01-05 23:12:21.613 [info] Tasks: No changes found during synchronizing tasks.
2026-01-05 23:12:21.614 [info] Mcp: No changes found during synchronizing mcp.
2026-01-05 23:12:21.615 [info] GlobalState: No changes found during synchronizing ui state.
2026-01-05 23:12:21.642 [info] Extensions: No changes found during synchronizing extensions.
2026-01-05 23:12:21.643 [info] Prompts: No changes found during synchronizing prompts.
2026-01-05 23:12:21.644 [info] Profiles: No changes found during synchronizing profiles.
2026-01-05 23:12:21.644 [info] Sync done. Took 897ms
2026-01-05 23:17:21.650 [info] [AutoSync] Triggered by Interval
2026-01-05 23:17:21.651 [info] Sync started.
2026-01-05 23:17:22.484 [info] Settings: No changes found during synchronizing settings.
2026-01-05 23:17:22.486 [info] Keybindings: No changes found during synchronizing keybindings.
2026-01-05 23:17:22.489 [info] Snippets: No changes found during synchronizing snippets.
2026-01-05 23:17:22.491 [info] Tasks: No changes found during synchronizing tasks.
2026-01-05 23:17:22.492 [info] Mcp: No changes found during synchronizing mcp.
2026-01-05 23:17:22.496 [info] GlobalState: No changes found during synchronizing ui state.
2026-01-05 23:17:22.531 [info] Extensions: No changes found during synchronizing extensions.
2026-01-05 23:17:22.532 [info] Prompts: No changes found during synchronizing prompts.
2026-01-05 23:17:22.533 [info] Profiles: No changes found during synchronizing profiles.
2026-01-05 23:17:22.533 [info] Sync done. Took 886ms
2026-01-05 23:17:47.925 [info] [AutoSync] Triggered by Activity
2026-01-05 23:17:47.926 [info] Sync started.
2026-01-05 23:17:48.142 [info] Settings: No changes found during synchronizing settings.
2026-01-05 23:17:48.145 [info] Keybindings: No changes found during synchronizing keybindings.
2026-01-05 23:17:48.149 [info] Snippets: No changes found during synchronizing snippets.
2026-01-05 23:17:48.151 [info] Tasks: No changes found during synchronizing tasks.
2026-01-05 23:17:48.153 [info] Mcp: No changes found during synchronizing mcp.
2026-01-05 23:17:48.155 [info] GlobalState: No changes found during synchronizing ui state.
2026-01-05 23:17:48.190 [info] Extensions: No changes found during synchronizing extensions.
2026-01-05 23:17:48.192 [info] Prompts: No changes found during synchronizing prompts.
2026-01-05 23:17:48.192 [info] Profiles: No changes found during synchronizing profiles.
2026-01-05 23:17:48.193 [info] Sync done. Took 270ms
2026-01-05 23:19:49.764 [info] [AutoSync] Triggered by Activity
2026-01-05 23:19:49.765 [info] Sync started.
2026-01-05 23:19:49.951 [info] Settings: No changes found during synchronizing settings.
2026-01-05 23:19:49.954 [info] Keybindings: No changes found during synchronizing keybindings.
2026-01-05 23:19:49.957 [info] Snippets: No changes found during synchronizing snippets.
2026-01-05 23:19:49.958 [info] Tasks: No changes found during synchronizing tasks.
2026-01-05 23:19:49.959 [info] Mcp: No changes found during synchronizing mcp.
2026-01-05 23:19:49.961 [info] GlobalState: No changes found during synchronizing ui state.
2026-01-05 23:19:49.985 [info] Extensions: No changes found during synchronizing extensions.
2026-01-05 23:19:49.989 [info] Prompts: No changes found during synchronizing prompts.
2026-01-05 23:19:49.989 [info] Profiles: No changes found during synchronizing profiles.
2026-01-05 23:19:49.990 [info] Sync done. Took 229ms
2026-01-05 23:20:12.138 [info] [AutoSync] Triggered by Activity
2026-01-05 23:20:12.139 [info] Sync started.
2026-01-05 23:20:12.356 [info] Settings: No changes found during synchronizing settings.
2026-01-05 23:20:12.362 [info] Keybindings: No changes found during synchronizing keybindings.
2026-01-05 23:20:12.370 [info] Snippets: No changes found during synchronizing snippets.
2026-01-05 23:20:12.372 [info] Tasks: No changes found during synchronizing tasks.
2026-01-05 23:20:12.373 [info] Mcp: No changes found during synchronizing mcp.
2026-01-05 23:20:12.375 [info] GlobalState: No changes found during synchronizing ui state.
2026-01-05 23:20:12.400 [info] Extensions: No changes found during synchronizing extensions.
2026-01-05 23:20:12.400 [info] Prompts: No changes found during synchronizing prompts.
2026-01-05 23:20:12.401 [info] Profiles: No changes found during synchronizing profiles.
2026-01-05 23:20:12.401 [info] Sync done. Took 266ms
2026-01-05 23:21:24.078 [info] [AutoSync] Triggered by Activity
2026-01-05 23:21:24.079 [info] Sync started.
2026-01-05 23:21:24.269 [info] Settings: No changes found during synchronizing settings.
2026-01-05 23:21:24.270 [info] Keybindings: No changes found during synchronizing keybindings.
2026-01-05 23:21:24.272 [info] Snippets: No changes found during synchronizing snippets.
2026-01-05 23:21:24.273 [info] Tasks: No changes found during synchronizing tasks.
2026-01-05 23:21:24.274 [info] Mcp: No changes found during synchronizing mcp.
2026-01-05 23:21:24.275 [info] GlobalState: No changes found during synchronizing ui state.
2026-01-05 23:21:24.301 [info] Extensions: No changes found during synchronizing extensions.
2026-01-05 23:21:24.302 [info] Prompts: No changes found during synchronizing prompts.
2026-01-05 23:21:24.302 [info] Profiles: No changes found during synchronizing profiles.
2026-01-05 23:21:24.303 [info] Sync done. Took 226ms
2026-01-05 23:21:46.076 [info] [AutoSync] Triggered by Activity
2026-01-05 23:21:46.077 [info] Sync started.
2026-01-05 23:21:46.335 [info] Settings: No changes found during synchronizing settings.
2026-01-05 23:21:46.342 [info] Keybindings: No changes found during synchronizing keybindings.
2026-01-05 23:21:46.345 [info] Snippets: No changes found during synchronizing snippets.
2026-01-05 23:21:46.347 [info] Tasks: No changes found during synchronizing tasks.
2026-01-05 23:21:46.349 [info] Mcp: No changes found during synchronizing mcp.
2026-01-05 23:21:46.352 [info] GlobalState: No changes found during synchronizing ui state.
2026-01-05 23:21:46.381 [info] Extensions: No changes found during synchronizing extensions.
2026-01-05 23:21:46.382 [info] Prompts: No changes found during synchronizing prompts.
2026-01-05 23:21:46.382 [info] Profiles: No changes found during synchronizing profiles.
2026-01-05 23:21:46.383 [info] Sync done. Took 309ms
2026-01-05 23:24:02.276 [info] [AutoSync] Triggered by Activity
2026-01-05 23:24:02.277 [info] Sync started.
2026-01-05 23:24:03.062 [info] Settings: No changes found during synchronizing settings.
2026-01-05 23:24:03.064 [info] Keybindings: No changes found during synchronizing keybindings.
2026-01-05 23:24:03.065 [info] Snippets: No changes found during synchronizing snippets.
2026-01-05 23:24:03.066 [info] Tasks: No changes found during synchronizing tasks.
2026-01-05 23:24:03.067 [info] Mcp: No changes found during synchronizing mcp.
2026-01-05 23:24:03.068 [info] GlobalState: No changes found during synchronizing ui state.
2026-01-05 23:24:03.092 [info] Extensions: No changes found during synchronizing extensions.
2026-01-05 23:24:03.094 [info] Prompts: No changes found during synchronizing prompts.
2026-01-05 23:24:03.094 [info] Profiles: No changes found during synchronizing profiles.
2026-01-05 23:24:03.095 [info] Sync done. Took 821ms
2026-01-05 23:25:23.283 [info] [AutoSync] Triggered by Activity
2026-01-05 23:25:23.284 [info] Sync started.
2026-01-05 23:25:23.468 [info] Settings: No changes found during synchronizing settings.
2026-01-05 23:25:23.470 [info] Keybindings: No changes found during synchronizing keybindings.
2026-01-05 23:25:23.473 [info] Snippets: No changes found during synchronizing snippets.
2026-01-05 23:25:23.475 [info] Tasks: No changes found during synchronizing tasks.
2026-01-05 23:25:23.476 [info] Mcp: No changes found during synchronizing mcp.
2026-01-05 23:25:23.479 [info] GlobalState: No changes found during synchronizing ui state.
2026-01-05 23:25:23.499 [info] Extensions: No changes found during synchronizing extensions.
2026-01-05 23:25:23.500 [info] Prompts: No changes found during synchronizing prompts.
2026-01-05 23:25:23.501 [info] Profiles: No changes found during synchronizing profiles.
2026-01-05 23:25:23.501 [info] Sync done. Took 221ms
2026-01-05 23:26:14.051 [info] [AutoSync] Triggered by Activity
2026-01-05 23:26:14.052 [info] Sync started.
2026-01-05 23:26:14.246 [info] Settings: No changes found during synchronizing settings.
2026-01-05 23:26:14.247 [info] Keybindings: No changes found during synchronizing keybindings.
2026-01-05 23:26:14.249 [info] Snippets: No changes found during synchronizing snippets.
2026-01-05 23:26:14.250 [info] Tasks: No changes found during synchronizing tasks.
2026-01-05 23:26:14.251 [info] Mcp: No changes found during synchronizing mcp.
2026-01-05 23:26:14.253 [info] GlobalState: No changes found during synchronizing ui state.
2026-01-05 23:26:14.281 [info] Extensions: No changes found during synchronizing extensions.
2026-01-05 23:26:14.282 [info] Prompts: No changes found during synchronizing prompts.
2026-01-05 23:26:14.282 [info] Profiles: No changes found during synchronizing profiles.
2026-01-05 23:26:14.283 [info] Sync done. Took 234ms
2026-01-05 23:30:38.149 [info] [AutoSync] Triggered by Activity
2026-01-05 23:30:38.150 [info] Sync started.
2026-01-05 23:30:38.853 [info] Settings: No changes found during synchronizing settings.
2026-01-05 23:30:38.854 [info] Keybindings: No changes found during synchronizing keybindings.
2026-01-05 23:30:38.855 [info] Snippets: No changes found during synchronizing snippets.
2026-01-05 23:30:38.856 [info] Tasks: No changes found during synchronizing tasks.
2026-01-05 23:30:38.857 [info] Mcp: No changes found during synchronizing mcp.
2026-01-05 23:30:38.858 [info] GlobalState: No changes found during synchronizing ui state.
2026-01-05 23:30:38.881 [info] Extensions: No changes found during synchronizing extensions.
2026-01-05 23:30:38.882 [info] Prompts: No changes found during synchronizing prompts.
2026-01-05 23:30:38.882 [info] Profiles: No changes found during synchronizing profiles.
2026-01-05 23:30:38.883 [info] Sync done. Took 736ms
2026-01-05 23:31:36.279 [info] [AutoSync] Triggered by Activity
2026-01-05 23:31:36.279 [info] Sync started.
2026-01-05 23:31:36.472 [info] Settings: No changes found during synchronizing settings.
2026-01-05 23:31:36.478 [info] Keybindings: No changes found during synchronizing keybindings.
2026-01-05 23:31:36.487 [info] Snippets: No changes found during synchronizing snippets.
2026-01-05 23:31:36.493 [info] Tasks: No changes found during synchronizing tasks.
2026-01-05 23:31:36.494 [info] Mcp: No changes found during synchronizing mcp.
2026-01-05 23:31:36.499 [info] GlobalState: No changes found during synchronizing ui state.
2026-01-05 23:31:36.532 [info] Extensions: No changes found during synchronizing extensions.
2026-01-05 23:31:36.533 [info] Prompts: No changes found during synchronizing prompts.
2026-01-05 23:31:36.533 [info] Profiles: No changes found during synchronizing profiles.
2026-01-05 23:31:36.534 [info] Sync done. Took 258ms
2026-01-05 23:32:25.199 [info] [AutoSync] Triggered by Activity
2026-01-05 23:32:25.200 [info] Sync started.
2026-01-05 23:32:25.427 [info] Settings: No changes found during synchronizing settings.
2026-01-05 23:32:25.431 [info] Keybindings: No changes found during synchronizing keybindings.
2026-01-05 23:32:25.432 [info] Snippets: No changes found during synchronizing snippets.
2026-01-05 23:32:25.433 [info] Tasks: No changes found during synchronizing tasks.
2026-01-05 23:32:25.433 [info] Mcp: No changes found during synchronizing mcp.
2026-01-05 23:32:25.435 [info] GlobalState: No changes found during synchronizing ui state.
2026-01-05 23:32:25.466 [info] Extensions: No changes found during synchronizing extensions.
2026-01-05 23:32:25.467 [info] Prompts: No changes found during synchronizing prompts.
2026-01-05 23:32:25.468 [info] Profiles: No changes found during synchronizing profiles.
2026-01-05 23:32:25.468 [info] Sync done. Took 272ms
2026-01-05 23:32:37.894 [info] [AutoSync] Triggered by Activity
2026-01-05 23:32:37.894 [info] Sync started.
2026-01-05 23:32:38.077 [info] Settings: No changes found during synchronizing settings.
2026-01-05 23:32:38.083 [info] Keybindings: No changes found during synchronizing keybindings.
2026-01-05 23:32:38.087 [info] Snippets: No changes found during synchronizing snippets.
2026-01-05 23:32:38.089 [info] Tasks: No changes found during synchronizing tasks.
2026-01-05 23:32:38.091 [info] Mcp: No changes found during synchronizing mcp.
2026-01-05 23:32:38.093 [info] GlobalState: No changes found during synchronizing ui state.
2026-01-05 23:32:38.128 [info] Extensions: No changes found during synchronizing extensions.
2026-01-05 23:32:38.129 [info] Prompts: No changes found during synchronizing prompts.
2026-01-05 23:32:38.129 [info] Profiles: No changes found during synchronizing profiles.
2026-01-05 23:32:38.130 [info] Sync done. Took 238ms
2026-01-05 23:33:42.896 [info] [AutoSync] Triggered by Activity
2026-01-05 23:33:42.897 [info] Sync started.
2026-01-05 23:33:43.125 [info] Settings: No changes found during synchronizing settings.
2026-01-05 23:33:43.127 [info] Keybindings: No changes found during synchronizing keybindings.
2026-01-05 23:33:43.129 [info] Snippets: No changes found during synchronizing snippets.
2026-01-05 23:33:43.130 [info] Tasks: No changes found during synchronizing tasks.
2026-01-05 23:33:43.131 [info] Mcp: No changes found during synchronizing mcp.
2026-01-05 23:33:43.132 [info] GlobalState: No changes found during synchronizing ui state.
2026-01-05 23:33:43.156 [info] Extensions: No changes found during synchronizing extensions.
2026-01-05 23:33:43.156 [info] Prompts: No changes found during synchronizing prompts.
2026-01-05 23:33:43.157 [info] Profiles: No changes found during synchronizing profiles.
2026-01-05 23:33:43.157 [info] Sync done. Took 264ms
2026-01-05 23:34:57.180 [info] [AutoSync] Triggered by Activity
2026-01-05 23:34:57.181 [info] Sync started.
2026-01-05 23:34:57.359 [info] Settings: No changes found during synchronizing settings.
2026-01-05 23:34:57.364 [info] Keybindings: No changes found during synchronizing keybindings.
2026-01-05 23:34:57.368 [info] Snippets: No changes found during synchronizing snippets.
2026-01-05 23:34:57.370 [info] Tasks: No changes found during synchronizing tasks.
2026-01-05 23:34:57.371 [info] Mcp: No changes found during synchronizing mcp.
2026-01-05 23:34:57.374 [info] GlobalState: No changes found during synchronizing ui state.
2026-01-05 23:34:57.400 [info] Extensions: No changes found during synchronizing extensions.
2026-01-05 23:34:57.402 [info] Prompts: No changes found during synchronizing prompts.
2026-01-05 23:34:57.402 [info] Profiles: No changes found during synchronizing profiles.
2026-01-05 23:34:57.402 [info] Sync done. Took 225ms
2026-01-05 23:36:02.362 [info] [AutoSync] Triggered by Activity
2026-01-05 23:36:02.362 [info] Sync started.
2026-01-05 23:36:02.553 [info] Settings: No changes found during synchronizing settings.
2026-01-05 23:36:02.554 [info] Keybindings: No changes found during synchronizing keybindings.
2026-01-05 23:36:02.555 [info] Snippets: No changes found during synchronizing snippets.
2026-01-05 23:36:02.556 [info] Tasks: No changes found during synchronizing tasks.
2026-01-05 23:36:02.557 [info] Mcp: No changes found during synchronizing mcp.
2026-01-05 23:36:02.558 [info] GlobalState: No changes found during synchronizing ui state.
2026-01-05 23:36:02.582 [info] Extensions: No changes found during synchronizing extensions.
2026-01-05 23:36:02.582 [info] Prompts: No changes found during synchronizing prompts.
2026-01-05 23:36:02.583 [info] Profiles: No changes found during synchronizing profiles.
2026-01-05 23:36:02.583 [info] Sync done. Took 224ms
2026-01-05 23:37:02.287 [info] [AutoSync] Triggered by Activity
2026-01-05 23:37:02.287 [info] Sync started.
2026-01-05 23:37:02.478 [info] Settings: No changes found during synchronizing settings.
2026-01-05 23:37:02.481 [info] Keybindings: No changes found during synchronizing keybindings.
2026-01-05 23:37:02.483 [info] Snippets: No changes found during synchronizing snippets.
2026-01-05 23:37:02.484 [info] Tasks: No changes found during synchronizing tasks.
2026-01-05 23:37:02.485 [info] Mcp: No changes found during synchronizing mcp.
2026-01-05 23:37:02.487 [info] GlobalState: No changes found during synchronizing ui state.
2026-01-05 23:37:02.510 [info] Extensions: No changes found during synchronizing extensions.
2026-01-05 23:37:02.511 [info] Prompts: No changes found during synchronizing prompts.
2026-01-05 23:37:02.511 [info] Profiles: No changes found during synchronizing profiles.
2026-01-05 23:37:02.511 [info] Sync done. Took 225ms
2026-01-05 23:38:36.289 [info] [AutoSync] Triggered by Activity
2026-01-05 23:38:36.289 [info] Sync started.
2026-01-05 23:38:36.471 [info] Settings: No changes found during synchronizing settings.
2026-01-05 23:38:36.472 [info] Keybindings: No changes found during synchronizing keybindings.
2026-01-05 23:38:36.473 [info] Snippets: No changes found during synchronizing snippets.
2026-01-05 23:38:36.475 [info] Tasks: No changes found during synchronizing tasks.
2026-01-05 23:38:36.476 [info] Mcp: No changes found during synchronizing mcp.
2026-01-05 23:38:36.479 [info] GlobalState: No changes found during synchronizing ui state.
2026-01-05 23:38:36.505 [info] Extensions: No changes found during synchronizing extensions.
2026-01-05 23:38:36.507 [info] Prompts: No changes found during synchronizing prompts.
2026-01-05 23:38:36.507 [info] Profiles: No changes found during synchronizing profiles.
2026-01-05 23:38:36.508 [info] Sync done. Took 219ms
2026-01-05 23:40:04.970 [info] [AutoSync] Triggered by Activity
2026-01-05 23:40:04.970 [info] Sync started.
2026-01-05 23:40:05.159 [info] Settings: No changes found during synchronizing settings.
2026-01-05 23:40:05.164 [info] Keybindings: No changes found during synchronizing keybindings.
2026-01-05 23:40:05.168 [info] Snippets: No changes found during synchronizing snippets.
2026-01-05 23:40:05.169 [info] Tasks: No changes found during synchronizing tasks.
2026-01-05 23:40:05.171 [info] Mcp: No changes found during synchronizing mcp.
2026-01-05 23:40:05.172 [info] GlobalState: No changes found during synchronizing ui state.
2026-01-05 23:40:05.192 [info] Extensions: No changes found during synchronizing extensions.
2026-01-05 23:40:05.193 [info] Prompts: No changes found during synchronizing prompts.
2026-01-05 23:40:05.194 [info] Profiles: No changes found during synchronizing profiles.
2026-01-05 23:40:05.194 [info] Sync done. Took 227ms
2026-01-05 23:43:11.077 [info] [AutoSync] Triggered by Activity
2026-01-05 23:43:11.078 [info] Sync started.
2026-01-05 23:43:11.792 [info] Settings: No changes found during synchronizing settings.
2026-01-05 23:43:11.793 [info] Keybindings: No changes found during synchronizing keybindings.
2026-01-05 23:43:11.795 [info] Snippets: No changes found during synchronizing snippets.
2026-01-05 23:43:11.796 [info] Tasks: No changes found during synchronizing tasks.
2026-01-05 23:43:11.796 [info] Mcp: No changes found during synchronizing mcp.
2026-01-05 23:43:11.798 [info] GlobalState: No changes found during synchronizing ui state.
2026-01-05 23:43:11.821 [info] Extensions: No changes found during synchronizing extensions.
2026-01-05 23:43:11.823 [info] Prompts: No changes found during synchronizing prompts.
2026-01-05 23:43:11.823 [info] Profiles: No changes found during synchronizing profiles.
2026-01-05 23:43:11.824 [info] Sync done. Took 748ms
2026-01-05 23:46:01.604 [info] [AutoSync] Triggered by Activity
2026-01-05 23:46:01.605 [info] Sync started.
2026-01-05 23:46:02.425 [info] Settings: No changes found during synchronizing settings.
2026-01-05 23:46:02.427 [info] Keybindings: No changes found during synchronizing keybindings.
2026-01-05 23:46:02.429 [info] Snippets: No changes found during synchronizing snippets.
2026-01-05 23:46:02.430 [info] Tasks: No changes found during synchronizing tasks.
2026-01-05 23:46:02.432 [info] Mcp: No changes found during synchronizing mcp.
2026-01-05 23:46:02.436 [info] GlobalState: No changes found during synchronizing ui state.
2026-01-05 23:46:02.463 [info] Extensions: No changes found during synchronizing extensions.
2026-01-05 23:46:02.466 [info] Prompts: No changes found during synchronizing prompts.
2026-01-05 23:46:02.466 [info] Profiles: No changes found during synchronizing profiles.
2026-01-05 23:46:02.467 [info] Sync done. Took 864ms
2026-01-05 23:50:21.503 [info] [AutoSync] Triggered by Activity
2026-01-05 23:50:21.503 [info] Sync started.
2026-01-05 23:50:22.344 [info] Settings: No changes found during synchronizing settings.
2026-01-05 23:50:22.345 [info] Keybindings: No changes found during synchronizing keybindings.
2026-01-05 23:50:22.346 [info] Snippets: No changes found during synchronizing snippets.
2026-01-05 23:50:22.347 [info] Tasks: No changes found during synchronizing tasks.
2026-01-05 23:50:22.348 [info] Mcp: No changes found during synchronizing mcp.
2026-01-05 23:50:22.349 [info] GlobalState: No changes found during synchronizing ui state.
2026-01-05 23:50:22.372 [info] Extensions: No changes found during synchronizing extensions.
2026-01-05 23:50:22.375 [info] Prompts: No changes found during synchronizing prompts.
2026-01-05 23:50:22.375 [info] Profiles: No changes found during synchronizing profiles.
2026-01-05 23:50:22.376 [info] Sync done. Took 875ms
2026-01-05 23:52:34.468 [info] [AutoSync] Triggered by Activity
2026-01-05 23:52:34.469 [info] Sync started.
2026-01-05 23:52:35.223 [info] Settings: No changes found during synchronizing settings.
2026-01-05 23:52:35.224 [info] Keybindings: No changes found during synchronizing keybindings.
2026-01-05 23:52:35.227 [info] Snippets: No changes found during synchronizing snippets.
2026-01-05 23:52:35.228 [info] Tasks: No changes found during synchronizing tasks.
2026-01-05 23:52:35.230 [info] Mcp: No changes found during synchronizing mcp.
2026-01-05 23:52:35.233 [info] GlobalState: No changes found during synchronizing ui state.
2026-01-05 23:52:35.254 [info] Extensions: No changes found during synchronizing extensions.
2026-01-05 23:52:35.256 [info] Prompts: No changes found during synchronizing prompts.
2026-01-05 23:52:35.256 [info] Profiles: No changes found during synchronizing profiles.
2026-01-05 23:52:35.256 [info] Sync done. Took 791ms
2026-01-05 23:56:41.611 [info] [AutoSync] Triggered by Activity
2026-01-05 23:56:41.612 [info] Sync started.
2026-01-05 23:56:42.447 [info] Settings: No changes found during synchronizing settings.
2026-01-05 23:56:42.452 [info] Keybindings: No changes found during synchronizing keybindings.
2026-01-05 23:56:42.457 [info] Snippets: No changes found during synchronizing snippets.
2026-01-05 23:56:42.461 [info] Tasks: No changes found during synchronizing tasks.
2026-01-05 23:56:42.464 [info] Mcp: No changes found during synchronizing mcp.
2026-01-05 23:56:42.467 [info] GlobalState: No changes found during synchronizing ui state.
2026-01-05 23:56:42.492 [info] Extensions: No changes found during synchronizing extensions.
2026-01-05 23:56:42.493 [info] Prompts: No changes found during synchronizing prompts.
2026-01-05 23:56:42.493 [info] Profiles: No changes found during synchronizing profiles.
2026-01-05 23:56:42.494 [info] Sync done. Took 885ms
2026-01-05 23:57:16.800 [info] [AutoSync] Triggered by Activity
2026-01-05 23:57:16.800 [info] Sync started.
2026-01-05 23:57:17.011 [info] Settings: No changes found during synchronizing settings.
2026-01-05 23:57:17.012 [info] Keybindings: No changes found during synchronizing keybindings.
2026-01-05 23:57:17.013 [info] Snippets: No changes found during synchronizing snippets.
2026-01-05 23:57:17.014 [info] Tasks: No changes found during synchronizing tasks.
2026-01-05 23:57:17.015 [info] Mcp: No changes found during synchronizing mcp.
2026-01-05 23:57:17.016 [info] GlobalState: No changes found during synchronizing ui state.
2026-01-05 23:57:17.050 [info] Extensions: No changes found during synchronizing extensions.
2026-01-05 23:57:17.051 [info] Prompts: No changes found during synchronizing prompts.
2026-01-05 23:57:17.051 [info] Profiles: No changes found during synchronizing profiles.
2026-01-05 23:57:17.052 [info] Sync done. Took 252ms
2026-01-05 23:57:59.017 [info] [AutoSync] Triggered by Activity
2026-01-05 23:57:59.018 [info] Sync started.
2026-01-05 23:57:59.206 [info] Settings: No changes found during synchronizing settings.
2026-01-05 23:57:59.208 [info] Keybindings: No changes found during synchronizing keybindings.
2026-01-05 23:57:59.211 [info] Snippets: No changes found during synchronizing snippets.
2026-01-05 23:57:59.213 [info] Tasks: No changes found during synchronizing tasks.
2026-01-05 23:57:59.215 [info] Mcp: No changes found during synchronizing mcp.
2026-01-05 23:57:59.217 [info] GlobalState: No changes found during synchronizing ui state.
2026-01-05 23:57:59.247 [info] Extensions: No changes found during synchronizing extensions.
2026-01-05 23:57:59.248 [info] Prompts: No changes found during synchronizing prompts.
2026-01-05 23:57:59.249 [info] Profiles: No changes found during synchronizing profiles.
2026-01-05 23:57:59.249 [info] Sync done. Took 235ms
2026-01-06 00:01:32.014 [info] [AutoSync] Triggered by Activity
2026-01-06 00:01:32.014 [info] Sync started.
2026-01-06 00:01:32.872 [info] Settings: No changes found during synchronizing settings.
2026-01-06 00:01:32.874 [info] Keybindings: No changes found during synchronizing keybindings.
2026-01-06 00:01:32.875 [info] Snippets: No changes found during synchronizing snippets.
2026-01-06 00:01:32.876 [info] Tasks: No changes found during synchronizing tasks.
2026-01-06 00:01:32.876 [info] Mcp: No changes found during synchronizing mcp.
2026-01-06 00:01:32.878 [info] GlobalState: No changes found during synchronizing ui state.
2026-01-06 00:01:32.904 [info] Extensions: No changes found during synchronizing extensions.
2026-01-06 00:01:32.905 [info] Prompts: No changes found during synchronizing prompts.
2026-01-06 00:01:32.905 [info] Profiles: No changes found during synchronizing profiles.
2026-01-06 00:01:32.906 [info] Sync done. Took 894ms
2026-01-06 00:05:07.607 [info] [AutoSync] Triggered by Activity
2026-01-06 00:05:07.608 [info] Sync started.
2026-01-06 00:05:09.177 [info] Settings: No changes found during synchronizing settings.
2026-01-06 00:05:09.180 [info] Keybindings: No changes found during synchronizing keybindings.
2026-01-06 00:05:09.182 [info] Snippets: No changes found during synchronizing snippets.
2026-01-06 00:05:09.183 [info] Tasks: No changes found during synchronizing tasks.
2026-01-06 00:05:09.185 [info] Mcp: No changes found during synchronizing mcp.
2026-01-06 00:05:09.187 [info] GlobalState: No changes found during synchronizing ui state.
2026-01-06 00:05:09.210 [info] Extensions: No changes found during synchronizing extensions.
2026-01-06 00:05:09.212 [info] Prompts: No changes found during synchronizing prompts.
2026-01-06 00:05:09.213 [info] Profiles: No changes found during synchronizing profiles.
2026-01-06 00:05:09.213 [info] Sync done. Took 1609ms
2026-01-06 00:05:30.208 [info] [AutoSync] Triggered by Activity
2026-01-06 00:05:30.209 [info] Sync started.
2026-01-06 00:05:30.401 [info] Settings: No changes found during synchronizing settings.
2026-01-06 00:05:30.403 [info] Keybindings: No changes found during synchronizing keybindings.
2026-01-06 00:05:30.405 [info] Snippets: No changes found during synchronizing snippets.
2026-01-06 00:05:30.407 [info] Tasks: No changes found during synchronizing tasks.
2026-01-06 00:05:30.410 [info] Mcp: No changes found during synchronizing mcp.
2026-01-06 00:05:30.413 [info] GlobalState: No changes found during synchronizing ui state.
2026-01-06 00:05:30.441 [info] Extensions: No changes found during synchronizing extensions.
2026-01-06 00:05:30.442 [info] Prompts: No changes found during synchronizing prompts.
2026-01-06 00:05:30.443 [info] Profiles: No changes found during synchronizing profiles.
2026-01-06 00:05:30.443 [info] Sync done. Took 238ms
2026-01-06 00:06:13.493 [info] [AutoSync] Triggered by Activity
2026-01-06 00:06:13.494 [info] Sync started.
2026-01-06 00:06:13.683 [info] Settings: No changes found during synchronizing settings.
2026-01-06 00:06:13.685 [info] Keybindings: No changes found during synchronizing keybindings.
2026-01-06 00:06:13.686 [info] Snippets: No changes found during synchronizing snippets.
2026-01-06 00:06:13.687 [info] Tasks: No changes found during synchronizing tasks.
2026-01-06 00:06:13.688 [info] Mcp: No changes found during synchronizing mcp.
2026-01-06 00:06:13.692 [info] GlobalState: No changes found during synchronizing ui state.
2026-01-06 00:06:13.731 [info] Extensions: No changes found during synchronizing extensions.
2026-01-06 00:06:13.738 [info] Prompts: No changes found during synchronizing prompts.
2026-01-06 00:06:13.739 [info] Profiles: No changes found during synchronizing profiles.
2026-01-06 00:06:13.739 [info] Sync done. Took 249ms
2026-01-06 00:06:38.057 [info] [AutoSync] Triggered by Activity
2026-01-06 00:06:38.058 [info] Sync started.
2026-01-06 00:06:38.229 [info] Settings: No changes found during synchronizing settings.
2026-01-06 00:06:38.231 [info] Keybindings: No changes found during synchronizing keybindings.
2026-01-06 00:06:38.232 [info] Snippets: No changes found during synchronizing snippets.
2026-01-06 00:06:38.233 [info] Tasks: No changes found during synchronizing tasks.
2026-01-06 00:06:38.234 [info] Mcp: No changes found during synchronizing mcp.
2026-01-06 00:06:38.236 [info] GlobalState: No changes found during synchronizing ui state.
2026-01-06 00:06:38.262 [info] Extensions: No changes found during synchronizing extensions.
2026-01-06 00:06:38.264 [info] Prompts: No changes found during synchronizing prompts.
2026-01-06 00:06:38.264 [info] Profiles: No changes found during synchronizing profiles.
2026-01-06 00:06:38.265 [info] Sync done. Took 211ms
2026-01-06 00:07:51.270 [info] [AutoSync] Triggered by Activity
2026-01-06 00:07:51.271 [info] Sync started.
2026-01-06 00:07:51.475 [info] Settings: No changes found during synchronizing settings.
2026-01-06 00:07:51.480 [info] Keybindings: No changes found during synchronizing keybindings.
2026-01-06 00:07:51.484 [info] Snippets: No changes found during synchronizing snippets.
2026-01-06 00:07:51.486 [info] Tasks: No changes found during synchronizing tasks.
2026-01-06 00:07:51.487 [info] Mcp: No changes found during synchronizing mcp.
2026-01-06 00:07:51.489 [info] GlobalState: No changes found during synchronizing ui state.
2026-01-06 00:07:51.524 [info] Extensions: No changes found during synchronizing extensions.
2026-01-06 00:07:51.525 [info] Prompts: No changes found during synchronizing prompts.
2026-01-06 00:07:51.525 [info] Profiles: No changes found during synchronizing profiles.
2026-01-06 00:07:51.526 [info] Sync done. Took 257ms
2026-01-06 00:08:23.763 [info] [AutoSync] Triggered by Activity
2026-01-06 00:08:23.763 [info] Sync started.
2026-01-06 00:08:23.936 [info] Settings: No changes found during synchronizing settings.
2026-01-06 00:08:23.937 [info] Keybindings: No changes found during synchronizing keybindings.
2026-01-06 00:08:23.939 [info] Snippets: No changes found during synchronizing snippets.
2026-01-06 00:08:23.940 [info] Tasks: No changes found during synchronizing tasks.
2026-01-06 00:08:23.941 [info] Mcp: No changes found during synchronizing mcp.
2026-01-06 00:08:23.944 [info] GlobalState: No changes found during synchronizing ui state.
2026-01-06 00:08:23.970 [info] Extensions: No changes found during synchronizing extensions.
2026-01-06 00:08:23.971 [info] Prompts: No changes found during synchronizing prompts.
2026-01-06 00:08:23.971 [info] Profiles: No changes found during synchronizing profiles.
2026-01-06 00:08:23.972 [info] Sync done. Took 212ms
2026-01-06 00:10:32.665 [info] [AutoSync] Triggered by Activity
2026-01-06 00:10:32.666 [info] Sync started.
2026-01-06 00:10:32.829 [info] Settings: No changes found during synchronizing settings.
2026-01-06 00:10:32.830 [info] Keybindings: No changes found during synchronizing keybindings.
2026-01-06 00:10:32.831 [info] Snippets: No changes found during synchronizing snippets.
2026-01-06 00:10:32.832 [info] Tasks: No changes found during synchronizing tasks.
2026-01-06 00:10:32.832 [info] Mcp: No changes found during synchronizing mcp.
2026-01-06 00:10:32.834 [info] GlobalState: No changes found during synchronizing ui state.
2026-01-06 00:10:32.855 [info] Extensions: No changes found during synchronizing extensions.
2026-01-06 00:10:32.856 [info] Prompts: No changes found during synchronizing prompts.
2026-01-06 00:10:32.857 [info] Profiles: No changes found during synchronizing profiles.
2026-01-06 00:10:32.857 [info] Sync done. Took 195ms
2026-01-06 00:12:10.459 [info] [AutoSync] Triggered by Activity
2026-01-06 00:12:10.460 [info] Sync started.
2026-01-06 00:12:10.667 [info] Settings: No changes found during synchronizing settings.
2026-01-06 00:12:10.668 [info] Keybindings: No changes found during synchronizing keybindings.
2026-01-06 00:12:10.669 [info] Snippets: No changes found during synchronizing snippets.
2026-01-06 00:12:10.670 [info] Tasks: No changes found during synchronizing tasks.
2026-01-06 00:12:10.671 [info] Mcp: No changes found during synchronizing mcp.
2026-01-06 00:12:10.672 [info] GlobalState: No changes found during synchronizing ui state.
2026-01-06 00:12:10.697 [info] Extensions: No changes found during synchronizing extensions.
2026-01-06 00:12:10.698 [info] Prompts: No changes found during synchronizing prompts.
2026-01-06 00:12:10.698 [info] Profiles: No changes found during synchronizing profiles.
2026-01-06 00:12:10.699 [info] Sync done. Took 241ms
2026-01-06 00:13:46.590 [info] [AutoSync] Triggered by Activity
2026-01-06 00:13:46.590 [info] Sync started.
2026-01-06 00:13:46.879 [info] Settings: No changes found during synchronizing settings.
2026-01-06 00:13:46.881 [info] Keybindings: No changes found during synchronizing keybindings.
2026-01-06 00:13:46.882 [info] Snippets: No changes found during synchronizing snippets.
2026-01-06 00:13:46.883 [info] Tasks: No changes found during synchronizing tasks.
2026-01-06 00:13:46.884 [info] Mcp: No changes found during synchronizing mcp.
2026-01-06 00:13:46.885 [info] GlobalState: No changes found during synchronizing ui state.
2026-01-06 00:13:46.909 [info] Extensions: No changes found during synchronizing extensions.
2026-01-06 00:13:46.910 [info] Prompts: No changes found during synchronizing prompts.
2026-01-06 00:13:46.910 [info] Profiles: No changes found during synchronizing profiles.
2026-01-06 00:13:46.911 [info] Sync done. Took 321ms
2026-01-06 00:15:07.248 [info] [AutoSync] Triggered by Activity
2026-01-06 00:15:07.248 [info] Sync started.
2026-01-06 00:15:07.472 [info] Settings: No changes found during synchronizing settings.
2026-01-06 00:15:07.478 [info] Keybindings: No changes found during synchronizing keybindings.
2026-01-06 00:15:07.482 [info] Snippets: No changes found during synchronizing snippets.
2026-01-06 00:15:07.484 [info] Tasks: No changes found during synchronizing tasks.
2026-01-06 00:15:07.488 [info] Mcp: No changes found during synchronizing mcp.
2026-01-06 00:15:07.492 [info] GlobalState: No changes found during synchronizing ui state.
2026-01-06 00:15:07.514 [info] Extensions: No changes found during synchronizing extensions.
2026-01-06 00:15:07.517 [info] Prompts: No changes found during synchronizing prompts.
2026-01-06 00:15:07.518 [info] Profiles: No changes found during synchronizing profiles.
2026-01-06 00:15:07.518 [info] Sync done. Took 271ms
2026-01-06 00:15:35.826 [info] [AutoSync] Triggered by Activity
2026-01-06 00:15:35.827 [info] Sync started.
2026-01-06 00:15:36.009 [info] Settings: No changes found during synchronizing settings.
2026-01-06 00:15:36.011 [info] Keybindings: No changes found during synchronizing keybindings.
2026-01-06 00:15:36.012 [info] Snippets: No changes found during synchronizing snippets.
2026-01-06 00:15:36.014 [info] Tasks: No changes found during synchronizing tasks.
2026-01-06 00:15:36.015 [info] Mcp: No changes found during synchronizing mcp.
2026-01-06 00:15:36.017 [info] GlobalState: No changes found during synchronizing ui state.
2026-01-06 00:15:36.038 [info] Extensions: No changes found during synchronizing extensions.
2026-01-06 00:15:36.039 [info] Prompts: No changes found during synchronizing prompts.
2026-01-06 00:15:36.039 [info] Profiles: No changes found during synchronizing profiles.
2026-01-06 00:15:36.039 [info] Sync done. Took 216ms
2026-01-06 00:15:51.023 [info] [AutoSync] Triggered by Activity
2026-01-06 00:15:51.023 [info] Sync started.
2026-01-06 00:15:51.229 [info] Settings: No changes found during synchronizing settings.
2026-01-06 00:15:51.231 [info] Keybindings: No changes found during synchronizing keybindings.
2026-01-06 00:15:51.233 [info] Snippets: No changes found during synchronizing snippets.
2026-01-06 00:15:51.234 [info] Tasks: No changes found during synchronizing tasks.
2026-01-06 00:15:51.235 [info] Mcp: No changes found during synchronizing mcp.
2026-01-06 00:15:51.237 [info] GlobalState: No changes found during synchronizing ui state.
2026-01-06 00:15:51.260 [info] Extensions: No changes found during synchronizing extensions.
2026-01-06 00:15:51.261 [info] Prompts: No changes found during synchronizing prompts.
2026-01-06 00:15:51.262 [info] Profiles: No changes found during synchronizing profiles.
2026-01-06 00:15:51.262 [info] Sync done. Took 241ms
2026-01-06 00:17:10.762 [info] [AutoSync] Triggered by Activity
2026-01-06 00:17:10.763 [info] Sync started.
2026-01-06 00:17:11.021 [info] Settings: No changes found during synchronizing settings.
2026-01-06 00:17:11.023 [info] Keybindings: No changes found during synchronizing keybindings.
2026-01-06 00:17:11.025 [info] Snippets: No changes found during synchronizing snippets.
2026-01-06 00:17:11.026 [info] Tasks: No changes found during synchronizing tasks.
2026-01-06 00:17:11.027 [info] Mcp: No changes found during synchronizing mcp.
2026-01-06 00:17:11.028 [info] GlobalState: No changes found during synchronizing ui state.
2026-01-06 00:17:11.052 [info] Extensions: No changes found during synchronizing extensions.
2026-01-06 00:17:11.054 [info] Prompts: No changes found during synchronizing prompts.
2026-01-06 00:17:11.054 [info] Profiles: No changes found during synchronizing profiles.
2026-01-06 00:17:11.055 [info] Sync done. Took 295ms
2026-01-06 00:19:24.150 [info] [AutoSync] Triggered by Activity
2026-01-06 00:19:24.151 [info] Sync started.
2026-01-06 00:19:24.900 [info] Settings: No changes found during synchronizing settings.
2026-01-06 00:19:24.902 [info] Keybindings: No changes found during synchronizing keybindings.
2026-01-06 00:19:24.904 [info] Snippets: No changes found during synchronizing snippets.
2026-01-06 00:19:24.905 [info] Tasks: No changes found during synchronizing tasks.
2026-01-06 00:19:24.906 [info] Mcp: No changes found during synchronizing mcp.
2026-01-06 00:19:24.910 [info] GlobalState: No changes found during synchronizing ui state.
2026-01-06 00:19:24.942 [info] Extensions: No changes found during synchronizing extensions.
2026-01-06 00:19:24.943 [info] Prompts: No changes found during synchronizing prompts.
2026-01-06 00:19:24.943 [info] Profiles: No changes found during synchronizing profiles.
2026-01-06 00:19:24.944 [info] Sync done. Took 798ms
2026-01-06 00:19:38.116 [info] [AutoSync] Triggered by Activity
2026-01-06 00:19:38.116 [info] Sync started.
2026-01-06 00:19:38.287 [info] Settings: No changes found during synchronizing settings.
2026-01-06 00:19:38.288 [info] Keybindings: No changes found during synchronizing keybindings.
2026-01-06 00:19:38.289 [info] Snippets: No changes found during synchronizing snippets.
2026-01-06 00:19:38.290 [info] Tasks: No changes found during synchronizing tasks.
2026-01-06 00:19:38.291 [info] Mcp: No changes found during synchronizing mcp.
2026-01-06 00:19:38.292 [info] GlobalState: No changes found during synchronizing ui state.
2026-01-06 00:19:38.318 [info] Extensions: No changes found during synchronizing extensions.
2026-01-06 00:19:38.318 [info] Prompts: No changes found during synchronizing prompts.
2026-01-06 00:19:38.319 [info] Profiles: No changes found during synchronizing profiles.
2026-01-06 00:19:38.319 [info] Sync done. Took 204ms
2026-01-06 00:22:28.335 [info] [AutoSync] Triggered by Activity
2026-01-06 00:22:28.335 [info] Sync started.
2026-01-06 00:22:29.038 [info] Settings: No changes found during synchronizing settings.
2026-01-06 00:22:29.041 [info] Keybindings: No changes found during synchronizing keybindings.
2026-01-06 00:22:29.043 [info] Snippets: No changes found during synchronizing snippets.
2026-01-06 00:22:29.044 [info] Tasks: No changes found during synchronizing tasks.
2026-01-06 00:22:29.045 [info] Mcp: No changes found during synchronizing mcp.
2026-01-06 00:22:29.047 [info] GlobalState: No changes found during synchronizing ui state.
2026-01-06 00:22:29.068 [info] Extensions: No changes found during synchronizing extensions.
2026-01-06 00:22:29.069 [info] Prompts: No changes found during synchronizing prompts.
2026-01-06 00:22:29.069 [info] Profiles: No changes found during synchronizing profiles.
2026-01-06 00:22:29.070 [info] Sync done. Took 736ms
2026-01-06 00:23:06.717 [info] [AutoSync] Triggered by Activity
2026-01-06 00:23:06.718 [info] Sync started.
2026-01-06 00:23:06.905 [info] Settings: No changes found during synchronizing settings.
2026-01-06 00:23:06.908 [info] Keybindings: No changes found during synchronizing keybindings.
2026-01-06 00:23:06.909 [info] Snippets: No changes found during synchronizing snippets.
2026-01-06 00:23:06.910 [info] Tasks: No changes found during synchronizing tasks.
2026-01-06 00:23:06.911 [info] Mcp: No changes found during synchronizing mcp.
2026-01-06 00:23:06.913 [info] GlobalState: No changes found during synchronizing ui state.
2026-01-06 00:23:06.942 [info] Extensions: No changes found during synchronizing extensions.
2026-01-06 00:23:06.943 [info] Prompts: No changes found during synchronizing prompts.
2026-01-06 00:23:06.943 [info] Profiles: No changes found during synchronizing profiles.
2026-01-06 00:23:06.944 [info] Sync done. Took 229ms
2026-01-06 00:23:33.123 [info] [AutoSync] Triggered by Activity
2026-01-06 00:23:33.124 [info] Sync started.
2026-01-06 00:23:33.317 [info] Settings: No changes found during synchronizing settings.
2026-01-06 00:23:33.319 [info] Keybindings: No changes found during synchronizing keybindings.
2026-01-06 00:23:33.321 [info] Snippets: No changes found during synchronizing snippets.
2026-01-06 00:23:33.322 [info] Tasks: No changes found during synchronizing tasks.
2026-01-06 00:23:33.324 [info] Mcp: No changes found during synchronizing mcp.
2026-01-06 00:23:33.326 [info] GlobalState: No changes found during synchronizing ui state.
2026-01-06 00:23:33.348 [info] Extensions: No changes found during synchronizing extensions.
2026-01-06 00:23:33.348 [info] Prompts: No changes found during synchronizing prompts.
2026-01-06 00:23:33.349 [info] Profiles: No changes found during synchronizing profiles.
2026-01-06 00:23:33.349 [info] Sync done. Took 227ms
2026-01-06 00:23:57.504 [info] [AutoSync] Triggered by Activity
2026-01-06 00:23:57.505 [info] Sync started.
2026-01-06 00:23:57.669 [info] Settings: No changes found during synchronizing settings.
2026-01-06 00:23:57.670 [info] Keybindings: No changes found during synchronizing keybindings.
2026-01-06 00:23:57.672 [info] Snippets: No changes found during synchronizing snippets.
2026-01-06 00:23:57.673 [info] Tasks: No changes found during synchronizing tasks.
2026-01-06 00:23:57.675 [info] Mcp: No changes found during synchronizing mcp.
2026-01-06 00:23:57.676 [info] GlobalState: No changes found during synchronizing ui state.
2026-01-06 00:23:57.716 [info] Extensions: No changes found during synchronizing extensions.
2026-01-06 00:23:57.716 [info] Prompts: No changes found during synchronizing prompts.
2026-01-06 00:23:57.717 [info] Profiles: No changes found during synchronizing profiles.
2026-01-06 00:23:57.717 [info] Sync done. Took 214ms
2026-01-06 00:26:19.926 [info] [AutoSync] Triggered by Activity
2026-01-06 00:26:19.926 [info] Sync started.
2026-01-06 00:26:20.731 [info] Settings: No changes found during synchronizing settings.
2026-01-06 00:26:20.732 [info] Keybindings: No changes found during synchronizing keybindings.
2026-01-06 00:26:20.733 [info] Snippets: No changes found during synchronizing snippets.
2026-01-06 00:26:20.734 [info] Tasks: No changes found during synchronizing tasks.
2026-01-06 00:26:20.735 [info] Mcp: No changes found during synchronizing mcp.
2026-01-06 00:26:20.736 [info] GlobalState: No changes found during synchronizing ui state.
2026-01-06 00:26:20.759 [info] Extensions: No changes found during synchronizing extensions.
2026-01-06 00:26:20.760 [info] Prompts: No changes found during synchronizing prompts.
2026-01-06 00:26:20.760 [info] Profiles: No changes found during synchronizing profiles.
2026-01-06 00:26:20.761 [info] Sync done. Took 835ms
2026-01-06 00:31:20.779 [info] [AutoSync] Triggered by Interval
2026-01-06 00:31:20.779 [info] Sync started.
2026-01-06 00:31:21.542 [info] Settings: No changes found during synchronizing settings.
2026-01-06 00:31:21.543 [info] Keybindings: No changes found during synchronizing keybindings.
2026-01-06 00:31:21.545 [info] Snippets: No changes found during synchronizing snippets.
2026-01-06 00:31:21.545 [info] Tasks: No changes found during synchronizing tasks.
2026-01-06 00:31:21.546 [info] Mcp: No changes found during synchronizing mcp.
2026-01-06 00:31:21.548 [info] GlobalState: No changes found during synchronizing ui state.
2026-01-06 00:31:21.572 [info] Extensions: No changes found during synchronizing extensions.
2026-01-06 00:31:21.572 [info] Prompts: No changes found during synchronizing prompts.
2026-01-06 00:31:21.573 [info] Profiles: No changes found during synchronizing profiles.
2026-01-06 00:31:21.573 [info] Sync done. Took 797ms
2026-01-06 00:31:33.312 [info] [AutoSync] Triggered by Activity
2026-01-06 00:31:33.312 [info] Sync started.
2026-01-06 00:31:33.491 [info] Settings: No changes found during synchronizing settings.
2026-01-06 00:31:33.493 [info] Keybindings: No changes found during synchronizing keybindings.
2026-01-06 00:31:33.494 [info] Snippets: No changes found during synchronizing snippets.
2026-01-06 00:31:33.495 [info] Tasks: No changes found during synchronizing tasks.
2026-01-06 00:31:33.497 [info] Mcp: No changes found during synchronizing mcp.
2026-01-06 00:31:33.498 [info] GlobalState: No changes found during synchronizing ui state.
2026-01-06 00:31:33.525 [info] Extensions: No changes found during synchronizing extensions.
2026-01-06 00:31:33.527 [info] Prompts: No changes found during synchronizing prompts.
2026-01-06 00:31:33.527 [info] Profiles: No changes found during synchronizing profiles.
2026-01-06 00:31:33.528 [info] Sync done. Took 217ms
2026-01-06 00:31:47.367 [info] [AutoSync] Triggered by Activity
2026-01-06 00:31:47.367 [info] Sync started.
2026-01-06 00:31:47.548 [info] Settings: No changes found during synchronizing settings.
2026-01-06 00:31:47.555 [info] Keybindings: No changes found during synchronizing keybindings.
2026-01-06 00:31:47.566 [info] Snippets: No changes found during synchronizing snippets.
2026-01-06 00:31:47.574 [info] Tasks: No changes found during synchronizing tasks.
2026-01-06 00:31:47.580 [info] Mcp: No changes found during synchronizing mcp.
2026-01-06 00:31:47.589 [info] GlobalState: No changes found during synchronizing ui state.
2026-01-06 00:31:47.613 [info] Extensions: No changes found during synchronizing extensions.
2026-01-06 00:31:47.614 [info] Prompts: No changes found during synchronizing prompts.
2026-01-06 00:31:47.614 [info] Profiles: No changes found during synchronizing profiles.
2026-01-06 00:31:47.614 [info] Sync done. Took 249ms
2026-01-06 00:31:58.877 [info] [AutoSync] Triggered by Activity
2026-01-06 00:31:58.878 [info] Sync started.
2026-01-06 00:31:59.036 [info] Settings: No changes found during synchronizing settings.
2026-01-06 00:31:59.037 [info] Keybindings: No changes found during synchronizing keybindings.
2026-01-06 00:31:59.038 [info] Snippets: No changes found during synchronizing snippets.
2026-01-06 00:31:59.039 [info] Tasks: No changes found during synchronizing tasks.
2026-01-06 00:31:59.039 [info] Mcp: No changes found during synchronizing mcp.
2026-01-06 00:31:59.041 [info] GlobalState: No changes found during synchronizing ui state.
2026-01-06 00:31:59.071 [info] Extensions: No changes found during synchronizing extensions.
2026-01-06 00:31:59.076 [info] Prompts: No changes found during synchronizing prompts.
2026-01-06 00:31:59.077 [info] Profiles: No changes found during synchronizing profiles.
2026-01-06 00:31:59.077 [info] Sync done. Took 202ms
2026-01-06 00:32:16.856 [info] [AutoSync] Triggered by Activity
2026-01-06 00:32:16.856 [info] Sync started.
2026-01-06 00:32:17.078 [info] Settings: No changes found during synchronizing settings.
2026-01-06 00:32:17.084 [info] Keybindings: No changes found during synchronizing keybindings.
2026-01-06 00:32:17.090 [info] Snippets: No changes found during synchronizing snippets.
2026-01-06 00:32:17.091 [info] Tasks: No changes found during synchronizing tasks.
2026-01-06 00:32:17.094 [info] Mcp: No changes found during synchronizing mcp.
2026-01-06 00:32:17.098 [info] GlobalState: No changes found during synchronizing ui state.
2026-01-06 00:32:17.122 [info] Extensions: No changes found during synchronizing extensions.
2026-01-06 00:32:17.123 [info] Prompts: No changes found during synchronizing prompts.
2026-01-06 00:32:17.123 [info] Profiles: No changes found during synchronizing profiles.
2026-01-06 00:32:17.124 [info] Sync done. Took 269ms
2026-01-06 00:32:32.801 [info] [AutoSync] Triggered by Activity
2026-01-06 00:32:32.802 [info] Sync started.
2026-01-06 00:32:32.980 [info] Settings: No changes found during synchronizing settings.
2026-01-06 00:32:32.982 [info] Keybindings: No changes found during synchronizing keybindings.
2026-01-06 00:32:32.986 [info] Snippets: No changes found during synchronizing snippets.
2026-01-06 00:32:32.988 [info] Tasks: No changes found during synchronizing tasks.
2026-01-06 00:32:32.989 [info] Mcp: No changes found during synchronizing mcp.
2026-01-06 00:32:32.991 [info] GlobalState: No changes found during synchronizing ui state.
2026-01-06 00:32:33.022 [info] Extensions: No changes found during synchronizing extensions.
2026-01-06 00:32:33.023 [info] Prompts: No changes found during synchronizing prompts.
2026-01-06 00:32:33.023 [info] Profiles: No changes found during synchronizing profiles.
2026-01-06 00:32:33.024 [info] Sync done. Took 224ms
2026-01-06 00:32:50.485 [info] [AutoSync] Triggered by Activity
2026-01-06 00:32:50.486 [info] Sync started.
2026-01-06 00:32:50.653 [info] Settings: No changes found during synchronizing settings.
2026-01-06 00:32:50.654 [info] Keybindings: No changes found during synchronizing keybindings.
2026-01-06 00:32:50.656 [info] Snippets: No changes found during synchronizing snippets.
2026-01-06 00:32:50.657 [info] Tasks: No changes found during synchronizing tasks.
2026-01-06 00:32:50.658 [info] Mcp: No changes found during synchronizing mcp.
2026-01-06 00:32:50.660 [info] GlobalState: No changes found during synchronizing ui state.
2026-01-06 00:32:50.686 [info] Extensions: No changes found during synchronizing extensions.
2026-01-06 00:32:50.687 [info] Prompts: No changes found during synchronizing prompts.
2026-01-06 00:32:50.687 [info] Profiles: No changes found during synchronizing profiles.
2026-01-06 00:32:50.688 [info] Sync done. Took 206ms
2026-01-06 00:33:00.802 [info] [AutoSync] Triggered by Activity
2026-01-06 00:33:00.802 [info] Sync started.
2026-01-06 00:33:00.999 [info] Settings: No changes found during synchronizing settings.
2026-01-06 00:33:01.000 [info] Keybindings: No changes found during synchronizing keybindings.
2026-01-06 00:33:01.002 [info] Snippets: No changes found during synchronizing snippets.
2026-01-06 00:33:01.003 [info] Tasks: No changes found during synchronizing tasks.
2026-01-06 00:33:01.004 [info] Mcp: No changes found during synchronizing mcp.
2026-01-06 00:33:01.007 [info] GlobalState: No changes found during synchronizing ui state.
2026-01-06 00:33:01.035 [info] Extensions: No changes found during synchronizing extensions.
2026-01-06 00:33:01.035 [info] Prompts: No changes found during synchronizing prompts.
2026-01-06 00:33:01.036 [info] Profiles: No changes found during synchronizing profiles.
2026-01-06 00:33:01.036 [info] Sync done. Took 235ms
2026-01-06 00:34:00.837 [info] [AutoSync] Triggered by Activity
2026-01-06 00:34:00.837 [info] Sync started.
2026-01-06 00:34:01.040 [info] Settings: No changes found during synchronizing settings.
2026-01-06 00:34:01.041 [info] Keybindings: No changes found during synchronizing keybindings.
2026-01-06 00:34:01.043 [info] Snippets: No changes found during synchronizing snippets.
2026-01-06 00:34:01.045 [info] Tasks: No changes found during synchronizing tasks.
2026-01-06 00:34:01.048 [info] Mcp: No changes found during synchronizing mcp.
2026-01-06 00:34:01.050 [info] GlobalState: No changes found during synchronizing ui state.
2026-01-06 00:34:01.076 [info] Extensions: No changes found during synchronizing extensions.
2026-01-06 00:34:01.077 [info] Prompts: No changes found during synchronizing prompts.
2026-01-06 00:34:01.077 [info] Profiles: No changes found during synchronizing profiles.
2026-01-06 00:34:01.078 [info] Sync done. Took 241ms
2026-01-06 00:34:16.038 [info] [AutoSync] Triggered by Activity
2026-01-06 00:34:16.038 [info] Sync started.
2026-01-06 00:34:16.283 [info] Settings: No changes found during synchronizing settings.
2026-01-06 00:34:16.286 [info] Keybindings: No changes found during synchronizing keybindings.
2026-01-06 00:34:16.289 [info] Snippets: No changes found during synchronizing snippets.
2026-01-06 00:34:16.292 [info] Tasks: No changes found during synchronizing tasks.
2026-01-06 00:34:16.293 [info] Mcp: No changes found during synchronizing mcp.
2026-01-06 00:34:16.296 [info] GlobalState: No changes found during synchronizing ui state.
2026-01-06 00:34:16.320 [info] Extensions: No changes found during synchronizing extensions.
2026-01-06 00:34:16.321 [info] Prompts: No changes found during synchronizing prompts.
2026-01-06 00:34:16.321 [info] Profiles: No changes found during synchronizing profiles.
2026-01-06 00:34:16.321 [info] Sync done. Took 284ms
2026-01-06 00:34:48.184 [info] [AutoSync] Triggered by Activity
2026-01-06 00:34:48.184 [info] Sync started.
2026-01-06 00:34:48.390 [info] Settings: No changes found during synchronizing settings.
2026-01-06 00:34:48.391 [info] Keybindings: No changes found during synchronizing keybindings.
2026-01-06 00:34:48.392 [info] Snippets: No changes found during synchronizing snippets.
2026-01-06 00:34:48.393 [info] Tasks: No changes found during synchronizing tasks.
2026-01-06 00:34:48.394 [info] Mcp: No changes found during synchronizing mcp.
2026-01-06 00:34:48.396 [info] GlobalState: No changes found during synchronizing ui state.
2026-01-06 00:34:48.421 [info] Extensions: No changes found during synchronizing extensions.
2026-01-06 00:34:48.422 [info] Prompts: No changes found during synchronizing prompts.
2026-01-06 00:34:48.423 [info] Profiles: No changes found during synchronizing profiles.
2026-01-06 00:34:48.423 [info] Sync done. Took 243ms
2026-01-06 00:39:48.438 [info] [AutoSync] Triggered by Interval
2026-01-06 00:39:48.439 [info] Sync started.
2026-01-06 00:39:49.242 [info] Settings: No changes found during synchronizing settings.
2026-01-06 00:39:49.244 [info] Keybindings: No changes found during synchronizing keybindings.
2026-01-06 00:39:49.245 [info] Snippets: No changes found during synchronizing snippets.
2026-01-06 00:39:49.246 [info] Tasks: No changes found during synchronizing tasks.
2026-01-06 00:39:49.247 [info] Mcp: No changes found during synchronizing mcp.
2026-01-06 00:39:49.249 [info] GlobalState: No changes found during synchronizing ui state.
2026-01-06 00:39:49.276 [info] Extensions: No changes found during synchronizing extensions.
2026-01-06 00:39:49.277 [info] Prompts: No changes found during synchronizing prompts.
2026-01-06 00:39:49.278 [info] Profiles: No changes found during synchronizing profiles.
2026-01-06 00:39:49.278 [info] Sync done. Took 841ms
2026-01-06 00:44:49.299 [info] [AutoSync] Triggered by Interval
2026-01-06 00:44:49.299 [info] Sync started.
2026-01-06 00:44:50.065 [info] Settings: No changes found during synchronizing settings.
2026-01-06 00:44:50.069 [info] Keybindings: No changes found during synchronizing keybindings.
2026-01-06 00:44:50.074 [info] Snippets: No changes found during synchronizing snippets.
2026-01-06 00:44:50.077 [info] Tasks: No changes found during synchronizing tasks.
2026-01-06 00:44:50.079 [info] Mcp: No changes found during synchronizing mcp.
2026-01-06 00:44:50.081 [info] GlobalState: No changes found during synchronizing ui state.
2026-01-06 00:44:50.116 [info] Extensions: No changes found during synchronizing extensions.
2026-01-06 00:44:50.116 [info] Prompts: No changes found during synchronizing prompts.
2026-01-06 00:44:50.117 [info] Profiles: No changes found during synchronizing profiles.
2026-01-06 00:44:50.117 [info] Sync done. Took 821ms
2026-01-06 00:49:50.135 [info] [AutoSync] Triggered by Interval
2026-01-06 00:49:50.135 [info] Sync started.
2026-01-06 00:49:51.010 [info] Settings: No changes found during synchronizing settings.
2026-01-06 00:49:51.011 [info] Keybindings: No changes found during synchronizing keybindings.
2026-01-06 00:49:51.012 [info] Snippets: No changes found during synchronizing snippets.
2026-01-06 00:49:51.013 [info] Tasks: No changes found during synchronizing tasks.
2026-01-06 00:49:51.013 [info] Mcp: No changes found during synchronizing mcp.
2026-01-06 00:49:51.015 [info] GlobalState: No changes found during synchronizing ui state.
2026-01-06 00:49:51.040 [info] Extensions: No changes found during synchronizing extensions.
2026-01-06 00:49:51.041 [info] Prompts: No changes found during synchronizing prompts.
2026-01-06 00:49:51.041 [info] Profiles: No changes found during synchronizing profiles.
2026-01-06 00:49:51.042 [info] Sync done. Took 908ms
2026-01-06 00:54:51.059 [info] [AutoSync] Triggered by Interval
2026-01-06 00:54:51.059 [info] Sync started.
2026-01-06 00:54:51.835 [info] Settings: No changes found during synchronizing settings.
2026-01-06 00:54:51.838 [info] Keybindings: No changes found during synchronizing keybindings.
2026-01-06 00:54:51.842 [info] Snippets: No changes found during synchronizing snippets.
2026-01-06 00:54:51.846 [info] Tasks: No changes found during synchronizing tasks.
2026-01-06 00:54:51.849 [info] Mcp: No changes found during synchronizing mcp.
2026-01-06 00:54:51.854 [info] GlobalState: No changes found during synchronizing ui state.
2026-01-06 00:54:51.885 [info] Extensions: No changes found during synchronizing extensions.
2026-01-06 00:54:51.886 [info] Prompts: No changes found during synchronizing prompts.
2026-01-06 00:54:51.887 [info] Profiles: No changes found during synchronizing profiles.
2026-01-06 00:54:51.887 [info] Sync done. Took 829ms
2026-01-06 00:59:51.908 [info] [AutoSync] Triggered by Interval
2026-01-06 00:59:51.909 [info] Sync started.
2026-01-06 00:59:52.672 [info] Settings: No changes found during synchronizing settings.
2026-01-06 00:59:52.675 [info] Keybindings: No changes found during synchronizing keybindings.
2026-01-06 00:59:52.678 [info] Snippets: No changes found during synchronizing snippets.
2026-01-06 00:59:52.679 [info] Tasks: No changes found during synchronizing tasks.
2026-01-06 00:59:52.680 [info] Mcp: No changes found during synchronizing mcp.
2026-01-06 00:59:52.683 [info] GlobalState: No changes found during synchronizing ui state.
2026-01-06 00:59:52.712 [info] Extensions: No changes found during synchronizing extensions.
2026-01-06 00:59:52.714 [info] Prompts: No changes found during synchronizing prompts.
2026-01-06 00:59:52.714 [info] Profiles: No changes found during synchronizing profiles.
2026-01-06 00:59:52.715 [info] Sync done. Took 809ms
2026-01-06 01:04:52.737 [info] [AutoSync] Triggered by Interval
2026-01-06 01:04:52.739 [info] Sync started.
2026-01-06 01:04:53.514 [info] Settings: No changes found during synchronizing settings.
2026-01-06 01:04:53.518 [info] Keybindings: No changes found during synchronizing keybindings.
2026-01-06 01:04:53.521 [info] Snippets: No changes found during synchronizing snippets.
2026-01-06 01:04:53.522 [info] Tasks: No changes found during synchronizing tasks.
2026-01-06 01:04:53.523 [info] Mcp: No changes found during synchronizing mcp.
2026-01-06 01:04:53.524 [info] GlobalState: No changes found during synchronizing ui state.
2026-01-06 01:04:53.551 [info] Extensions: No changes found during synchronizing extensions.
2026-01-06 01:04:53.552 [info] Prompts: No changes found during synchronizing prompts.
2026-01-06 01:04:53.552 [info] Profiles: No changes found during synchronizing profiles.
2026-01-06 01:04:53.553 [info] Sync done. Took 820ms
2026-01-06 01:09:53.575 [info] [AutoSync] Triggered by Interval
2026-01-06 01:09:53.576 [info] Sync started.
2026-01-06 01:09:54.400 [info] Settings: No changes found during synchronizing settings.
2026-01-06 01:09:54.401 [info] Keybindings: No changes found during synchronizing keybindings.
2026-01-06 01:09:54.402 [info] Snippets: No changes found during synchronizing snippets.
2026-01-06 01:09:54.403 [info] Tasks: No changes found during synchronizing tasks.
2026-01-06 01:09:54.404 [info] Mcp: No changes found during synchronizing mcp.
2026-01-06 01:09:54.406 [info] GlobalState: No changes found during synchronizing ui state.
2026-01-06 01:09:54.446 [info] Extensions: No changes found during synchronizing extensions.
2026-01-06 01:09:54.447 [info] Prompts: No changes found during synchronizing prompts.
2026-01-06 01:09:54.447 [info] Profiles: No changes found during synchronizing profiles.
2026-01-06 01:09:54.448 [info] Sync done. Took 875ms
2026-01-06 01:14:54.469 [info] [AutoSync] Triggered by Interval
2026-01-06 01:14:54.470 [info] Sync started.
2026-01-06 01:14:56.106 [info] Settings: No changes found during synchronizing settings.
2026-01-06 01:14:56.110 [info] Keybindings: No changes found during synchronizing keybindings.
2026-01-06 01:14:56.115 [info] Snippets: No changes found during synchronizing snippets.
2026-01-06 01:14:56.119 [info] Tasks: No changes found during synchronizing tasks.
2026-01-06 01:14:56.123 [info] Mcp: No changes found during synchronizing mcp.
2026-01-06 01:14:56.129 [info] GlobalState: No changes found during synchronizing ui state.
2026-01-06 01:14:56.171 [info] Extensions: No changes found during synchronizing extensions.
2026-01-06 01:14:56.172 [info] Prompts: No changes found during synchronizing prompts.
2026-01-06 01:14:56.173 [info] Profiles: No changes found during synchronizing profiles.
2026-01-06 01:14:56.173 [info] Sync done. Took 1706ms
2026-01-06 01:19:56.178 [info] [AutoSync] Triggered by Interval
2026-01-06 01:19:56.179 [info] Sync started.
2026-01-06 01:19:57.002 [info] Settings: No changes found during synchronizing settings.
2026-01-06 01:19:57.006 [info] Keybindings: No changes found during synchronizing keybindings.
2026-01-06 01:19:57.010 [info] Snippets: No changes found during synchronizing snippets.
2026-01-06 01:19:57.013 [info] Tasks: No changes found during synchronizing tasks.
2026-01-06 01:19:57.013 [info] Mcp: No changes found during synchronizing mcp.
2026-01-06 01:19:57.015 [info] GlobalState: No changes found during synchronizing ui state.
2026-01-06 01:19:57.040 [info] Extensions: No changes found during synchronizing extensions.
2026-01-06 01:19:57.040 [info] Prompts: No changes found during synchronizing prompts.
2026-01-06 01:19:57.041 [info] Profiles: No changes found during synchronizing profiles.
2026-01-06 01:19:57.041 [info] Sync done. Took 866ms
2026-01-06 01:24:57.065 [info] [AutoSync] Triggered by Interval
2026-01-06 01:24:57.066 [info] Sync started.
2026-01-06 01:24:57.888 [info] Settings: No changes found during synchronizing settings.
2026-01-06 01:24:57.892 [info] Keybindings: No changes found during synchronizing keybindings.
2026-01-06 01:24:57.899 [info] Snippets: No changes found during synchronizing snippets.
2026-01-06 01:24:57.905 [info] Tasks: No changes found during synchronizing tasks.
2026-01-06 01:24:57.911 [info] Mcp: No changes found during synchronizing mcp.
2026-01-06 01:24:57.922 [info] GlobalState: No changes found during synchronizing ui state.
2026-01-06 01:24:57.963 [info] Extensions: No changes found during synchronizing extensions.
2026-01-06 01:24:57.964 [info] Prompts: No changes found during synchronizing prompts.
2026-01-06 01:24:57.965 [info] Profiles: No changes found during synchronizing profiles.
2026-01-06 01:24:57.965 [info] Sync done. Took 903ms
2026-01-06 01:29:57.986 [info] [AutoSync] Triggered by Interval
2026-01-06 01:29:57.987 [info] Sync started.
2026-01-06 01:29:58.809 [info] Settings: No changes found during synchronizing settings.
2026-01-06 01:29:58.811 [info] Keybindings: No changes found during synchronizing keybindings.
2026-01-06 01:29:58.814 [info] Snippets: No changes found during synchronizing snippets.
2026-01-06 01:29:58.819 [info] Tasks: No changes found during synchronizing tasks.
2026-01-06 01:29:58.825 [info] Mcp: No changes found during synchronizing mcp.
2026-01-06 01:29:58.829 [info] GlobalState: No changes found during synchronizing ui state.
2026-01-06 01:29:58.855 [info] Extensions: No changes found during synchronizing extensions.
2026-01-06 01:29:58.856 [info] Prompts: No changes found during synchronizing prompts.
2026-01-06 01:29:58.856 [info] Profiles: No changes found during synchronizing profiles.
2026-01-06 01:29:58.857 [info] Sync done. Took 873ms
2026-01-06 01:34:58.883 [info] [AutoSync] Triggered by Interval
2026-01-06 01:34:58.884 [info] Sync started.
2026-01-06 01:34:59.738 [info] Settings: No changes found during synchronizing settings.
2026-01-06 01:34:59.743 [info] Keybindings: No changes found during synchronizing keybindings.
2026-01-06 01:34:59.750 [info] Snippets: No changes found during synchronizing snippets.
2026-01-06 01:34:59.754 [info] Tasks: No changes found during synchronizing tasks.
2026-01-06 01:34:59.756 [info] Mcp: No changes found during synchronizing mcp.
2026-01-06 01:34:59.760 [info] GlobalState: No changes found during synchronizing ui state.
2026-01-06 01:34:59.789 [info] Extensions: No changes found during synchronizing extensions.
2026-01-06 01:34:59.789 [info] Prompts: No changes found during synchronizing prompts.
2026-01-06 01:34:59.790 [info] Profiles: No changes found during synchronizing profiles.
2026-01-06 01:34:59.790 [info] Sync done. Took 910ms
2026-01-06 01:39:59.815 [info] [AutoSync] Triggered by Interval
2026-01-06 01:39:59.815 [info] Sync started.
2026-01-06 01:40:00.648 [info] Settings: No changes found during synchronizing settings.
2026-01-06 01:40:00.655 [info] Keybindings: No changes found during synchronizing keybindings.
2026-01-06 01:40:00.667 [info] Snippets: No changes found during synchronizing snippets.
2026-01-06 01:40:00.675 [info] Tasks: No changes found during synchronizing tasks.
2026-01-06 01:40:00.684 [info] Mcp: No changes found during synchronizing mcp.
2026-01-06 01:40:00.692 [info] GlobalState: No changes found during synchronizing ui state.
2026-01-06 01:40:00.729 [info] Extensions: No changes found during synchronizing extensions.
2026-01-06 01:40:00.731 [info] Prompts: No changes found during synchronizing prompts.
2026-01-06 01:40:00.731 [info] Profiles: No changes found during synchronizing profiles.
2026-01-06 01:40:00.732 [info] Sync done. Took 917ms
2026-01-06 01:45:00.759 [info] [AutoSync] Triggered by Interval
2026-01-06 01:45:00.760 [info] Sync started.
2026-01-06 01:45:01.737 [info] Settings: No changes found during synchronizing settings.
2026-01-06 01:45:01.738 [info] Keybindings: No changes found during synchronizing keybindings.
2026-01-06 01:45:01.739 [info] Snippets: No changes found during synchronizing snippets.
2026-01-06 01:45:01.740 [info] Tasks: No changes found during synchronizing tasks.
2026-01-06 01:45:01.741 [info] Mcp: No changes found during synchronizing mcp.
2026-01-06 01:45:01.742 [info] GlobalState: No changes found during synchronizing ui state.
2026-01-06 01:45:01.771 [info] Extensions: No changes found during synchronizing extensions.
2026-01-06 01:45:01.772 [info] Prompts: No changes found during synchronizing prompts.
2026-01-06 01:45:01.772 [info] Profiles: No changes found during synchronizing profiles.
2026-01-06 01:45:01.773 [info] Sync done. Took 1017ms
2026-01-06 01:50:01.775 [info] [AutoSync] Triggered by Interval
2026-01-06 01:50:01.777 [info] Sync started.
2026-01-06 01:50:02.601 [info] Settings: No changes found during synchronizing settings.
2026-01-06 01:50:02.604 [info] Keybindings: No changes found during synchronizing keybindings.
2026-01-06 01:50:02.605 [info] Snippets: No changes found during synchronizing snippets.
2026-01-06 01:50:02.606 [info] Tasks: No changes found during synchronizing tasks.
2026-01-06 01:50:02.607 [info] Mcp: No changes found during synchronizing mcp.
2026-01-06 01:50:02.608 [info] GlobalState: No changes found during synchronizing ui state.
2026-01-06 01:50:02.637 [info] Extensions: No changes found during synchronizing extensions.
2026-01-06 01:50:02.638 [info] Prompts: No changes found during synchronizing prompts.
2026-01-06 01:50:02.638 [info] Profiles: No changes found during synchronizing profiles.
2026-01-06 01:50:02.638 [info] Sync done. Took 865ms
2026-01-06 01:50:46.084 [info] [AutoSync] Triggered by Activity
2026-01-06 01:50:46.085 [info] Sync started.
2026-01-06 01:50:46.282 [info] Settings: No changes found during synchronizing settings.
2026-01-06 01:50:46.283 [info] Keybindings: No changes found during synchronizing keybindings.
2026-01-06 01:50:46.284 [info] Snippets: No changes found during synchronizing snippets.
2026-01-06 01:50:46.285 [info] Tasks: No changes found during synchronizing tasks.
2026-01-06 01:50:46.286 [info] Mcp: No changes found during synchronizing mcp.
2026-01-06 01:50:46.288 [info] GlobalState: No changes found during synchronizing ui state.
2026-01-06 01:50:46.309 [info] Extensions: No changes found during synchronizing extensions.
2026-01-06 01:50:46.311 [info] Prompts: No changes found during synchronizing prompts.
2026-01-06 01:50:46.312 [info] Profiles: No changes found during synchronizing profiles.
2026-01-06 01:50:46.312 [info] Sync done. Took 229ms
2026-01-06 01:51:48.296 [info] [AutoSync] Triggered by Activity
2026-01-06 01:51:48.296 [info] Sync started.
2026-01-06 01:51:48.475 [info] Settings: No changes found during synchronizing settings.
2026-01-06 01:51:48.476 [info] Keybindings: No changes found during synchronizing keybindings.
2026-01-06 01:51:48.478 [info] Snippets: No changes found during synchronizing snippets.
2026-01-06 01:51:48.479 [info] Tasks: No changes found during synchronizing tasks.
2026-01-06 01:51:48.480 [info] Mcp: No changes found during synchronizing mcp.
2026-01-06 01:51:48.482 [info] GlobalState: No changes found during synchronizing ui state.
2026-01-06 01:51:48.510 [info] Extensions: No changes found during synchronizing extensions.
2026-01-06 01:51:48.511 [info] Prompts: No changes found during synchronizing prompts.
2026-01-06 01:51:48.511 [info] Profiles: No changes found during synchronizing profiles.
2026-01-06 01:51:48.511 [info] Sync done. Took 216ms
2026-01-06 01:52:22.409 [info] [AutoSync] Triggered by Activity
2026-01-06 01:52:22.409 [info] Sync started.
2026-01-06 01:52:22.594 [info] Settings: No changes found during synchronizing settings.
2026-01-06 01:52:22.596 [info] Keybindings: No changes found during synchronizing keybindings.
2026-01-06 01:52:22.597 [info] Snippets: No changes found during synchronizing snippets.
2026-01-06 01:52:22.598 [info] Tasks: No changes found during synchronizing tasks.
2026-01-06 01:52:22.599 [info] Mcp: No changes found during synchronizing mcp.
2026-01-06 01:52:22.601 [info] GlobalState: No changes found during synchronizing ui state.
2026-01-06 01:52:22.627 [info] Extensions: No changes found during synchronizing extensions.
2026-01-06 01:52:22.627 [info] Prompts: No changes found during synchronizing prompts.
2026-01-06 01:52:22.628 [info] Profiles: No changes found during synchronizing profiles.
2026-01-06 01:52:22.628 [info] Sync done. Took 223ms
2026-01-06 01:52:51.263 [info] [AutoSync] Triggered by Activity
2026-01-06 01:52:51.264 [info] Sync started.
2026-01-06 01:52:51.440 [info] Settings: No changes found during synchronizing settings.
2026-01-06 01:52:51.443 [info] Keybindings: No changes found during synchronizing keybindings.
2026-01-06 01:52:51.446 [info] Snippets: No changes found during synchronizing snippets.
2026-01-06 01:52:51.448 [info] Tasks: No changes found during synchronizing tasks.
2026-01-06 01:52:51.450 [info] Mcp: No changes found during synchronizing mcp.
2026-01-06 01:52:51.452 [info] GlobalState: No changes found during synchronizing ui state.
2026-01-06 01:52:51.473 [info] Extensions: No changes found during synchronizing extensions.
2026-01-06 01:52:51.474 [info] Prompts: No changes found during synchronizing prompts.
2026-01-06 01:52:51.474 [info] Profiles: No changes found during synchronizing profiles.
2026-01-06 01:52:51.475 [info] Sync done. Took 212ms
2026-01-06 01:53:11.775 [info] [AutoSync] Triggered by Activity
2026-01-06 01:53:11.775 [info] Sync started.
2026-01-06 01:53:11.961 [info] Settings: No changes found during synchronizing settings.
2026-01-06 01:53:11.962 [info] Keybindings: No changes found during synchronizing keybindings.
2026-01-06 01:53:11.964 [info] Snippets: No changes found during synchronizing snippets.
2026-01-06 01:53:11.965 [info] Tasks: No changes found during synchronizing tasks.
2026-01-06 01:53:11.966 [info] Mcp: No changes found during synchronizing mcp.
2026-01-06 01:53:11.967 [info] GlobalState: No changes found during synchronizing ui state.
2026-01-06 01:53:11.991 [info] Extensions: No changes found during synchronizing extensions.
2026-01-06 01:53:11.991 [info] Prompts: No changes found during synchronizing prompts.
2026-01-06 01:53:11.992 [info] Profiles: No changes found during synchronizing profiles.
2026-01-06 01:53:11.992 [info] Sync done. Took 221ms
2026-01-06 01:56:36.884 [info] [AutoSync] Triggered by Activity
2026-01-06 01:56:36.884 [info] Sync started.
2026-01-06 01:56:37.686 [info] Settings: No changes found during synchronizing settings.
2026-01-06 01:56:37.687 [info] Keybindings: No changes found during synchronizing keybindings.
2026-01-06 01:56:37.688 [info] Snippets: No changes found during synchronizing snippets.
2026-01-06 01:56:37.689 [info] Tasks: No changes found during synchronizing tasks.
2026-01-06 01:56:37.690 [info] Mcp: No changes found during synchronizing mcp.
2026-01-06 01:56:37.691 [info] GlobalState: No changes found during synchronizing ui state.
2026-01-06 01:56:37.712 [info] Extensions: No changes found during synchronizing extensions.
2026-01-06 01:56:37.713 [info] Prompts: No changes found during synchronizing prompts.
2026-01-06 01:56:37.714 [info] Profiles: No changes found during synchronizing profiles.
2026-01-06 01:56:37.714 [info] Sync done. Took 831ms
2026-01-06 01:57:14.463 [info] [AutoSync] Triggered by Activity
2026-01-06 01:57:14.464 [info] Sync started.
2026-01-06 01:57:14.636 [info] Settings: No changes found during synchronizing settings.
2026-01-06 01:57:14.640 [info] Keybindings: No changes found during synchronizing keybindings.
2026-01-06 01:57:14.644 [info] Snippets: No changes found during synchronizing snippets.
2026-01-06 01:57:14.646 [info] Tasks: No changes found during synchronizing tasks.
2026-01-06 01:57:14.648 [info] Mcp: No changes found during synchronizing mcp.
2026-01-06 01:57:14.651 [info] GlobalState: No changes found during synchronizing ui state.
2026-01-06 01:57:14.680 [info] Extensions: No changes found during synchronizing extensions.
2026-01-06 01:57:14.682 [info] Prompts: No changes found during synchronizing prompts.
2026-01-06 01:57:14.682 [info] Profiles: No changes found during synchronizing profiles.
2026-01-06 01:57:14.682 [info] Sync done. Took 222ms
2026-01-06 01:57:30.948 [info] [AutoSync] Triggered by Activity
2026-01-06 01:57:30.948 [info] Sync started.
2026-01-06 01:57:31.157 [info] Settings: No changes found during synchronizing settings.
2026-01-06 01:57:31.159 [info] Keybindings: No changes found during synchronizing keybindings.
2026-01-06 01:57:31.160 [info] Snippets: No changes found during synchronizing snippets.
2026-01-06 01:57:31.161 [info] Tasks: No changes found during synchronizing tasks.
2026-01-06 01:57:31.162 [info] Mcp: No changes found during synchronizing mcp.
2026-01-06 01:57:31.163 [info] GlobalState: No changes found during synchronizing ui state.
2026-01-06 01:57:31.190 [info] Extensions: No changes found during synchronizing extensions.
2026-01-06 01:57:31.191 [info] Prompts: No changes found during synchronizing prompts.
2026-01-06 01:57:31.191 [info] Profiles: No changes found during synchronizing profiles.
2026-01-06 01:57:31.192 [info] Sync done. Took 244ms
2026-01-06 01:58:20.696 [info] [AutoSync] Triggered by Activity
2026-01-06 01:58:20.696 [info] Sync started.
2026-01-06 01:58:20.881 [info] Settings: No changes found during synchronizing settings.
2026-01-06 01:58:20.886 [info] Keybindings: No changes found during synchronizing keybindings.
2026-01-06 01:58:20.889 [info] Snippets: No changes found during synchronizing snippets.
2026-01-06 01:58:20.890 [info] Tasks: No changes found during synchronizing tasks.
2026-01-06 01:58:20.891 [info] Mcp: No changes found during synchronizing mcp.
2026-01-06 01:58:20.893 [info] GlobalState: No changes found during synchronizing ui state.
2026-01-06 01:58:20.917 [info] Extensions: No changes found during synchronizing extensions.
2026-01-06 01:58:20.918 [info] Prompts: No changes found during synchronizing prompts.
2026-01-06 01:58:20.919 [info] Profiles: No changes found during synchronizing profiles.
2026-01-06 01:58:20.919 [info] Sync done. Took 224ms
2026-01-06 01:58:46.172 [info] [AutoSync] Triggered by Activity
2026-01-06 01:58:46.173 [info] Sync started.
2026-01-06 01:58:46.365 [info] Settings: No changes found during synchronizing settings.
2026-01-06 01:58:46.368 [info] Keybindings: No changes found during synchronizing keybindings.
2026-01-06 01:58:46.371 [info] Snippets: No changes found during synchronizing snippets.
2026-01-06 01:58:46.373 [info] Tasks: No changes found during synchronizing tasks.
2026-01-06 01:58:46.377 [info] Mcp: No changes found during synchronizing mcp.
2026-01-06 01:58:46.380 [info] GlobalState: No changes found during synchronizing ui state.
2026-01-06 01:58:46.414 [info] Extensions: No changes found during synchronizing extensions.
2026-01-06 01:58:46.415 [info] Prompts: No changes found during synchronizing prompts.
2026-01-06 01:58:46.416 [info] Profiles: No changes found during synchronizing profiles.
2026-01-06 01:58:46.416 [info] Sync done. Took 247ms
2026-01-06 01:59:09.637 [info] [AutoSync] Triggered by Activity
2026-01-06 01:59:09.637 [info] Sync started.
2026-01-06 01:59:09.837 [info] Settings: No changes found during synchronizing settings.
2026-01-06 01:59:09.841 [info] Keybindings: No changes found during synchronizing keybindings.
2026-01-06 01:59:09.843 [info] Snippets: No changes found during synchronizing snippets.
2026-01-06 01:59:09.844 [info] Tasks: No changes found during synchronizing tasks.
2026-01-06 01:59:09.845 [info] Mcp: No changes found during synchronizing mcp.
2026-01-06 01:59:09.850 [info] GlobalState: No changes found during synchronizing ui state.
2026-01-06 01:59:09.873 [info] Extensions: No changes found during synchronizing extensions.
2026-01-06 01:59:09.874 [info] Prompts: No changes found during synchronizing prompts.
2026-01-06 01:59:09.874 [info] Profiles: No changes found during synchronizing profiles.
2026-01-06 01:59:09.875 [info] Sync done. Took 240ms
2026-01-06 02:04:09.911 [info] [AutoSync] Triggered by Interval
2026-01-06 02:04:09.912 [info] Sync started.
2026-01-06 02:04:10.633 [info] Settings: No changes found during synchronizing settings.
2026-01-06 02:04:10.635 [info] Keybindings: No changes found during synchronizing keybindings.
2026-01-06 02:04:10.636 [info] Snippets: No changes found during synchronizing snippets.
2026-01-06 02:04:10.637 [info] Tasks: No changes found during synchronizing tasks.
2026-01-06 02:04:10.638 [info] Mcp: No changes found during synchronizing mcp.
2026-01-06 02:04:10.639 [info] GlobalState: No changes found during synchronizing ui state.
2026-01-06 02:04:10.662 [info] Extensions: No changes found during synchronizing extensions.
2026-01-06 02:04:10.662 [info] Prompts: No changes found during synchronizing prompts.
2026-01-06 02:04:10.663 [info] Profiles: No changes found during synchronizing profiles.
2026-01-06 02:04:10.663 [info] Sync done. Took 755ms
2026-01-06 02:05:02.356 [info] [AutoSync] Triggered by Activity
2026-01-06 02:05:02.357 [info] Sync started.
2026-01-06 02:05:02.537 [info] Settings: No changes found during synchronizing settings.
2026-01-06 02:05:02.538 [info] Keybindings: No changes found during synchronizing keybindings.
2026-01-06 02:05:02.539 [info] Snippets: No changes found during synchronizing snippets.
2026-01-06 02:05:02.540 [info] Tasks: No changes found during synchronizing tasks.
2026-01-06 02:05:02.541 [info] Mcp: No changes found during synchronizing mcp.
2026-01-06 02:05:02.543 [info] GlobalState: No changes found during synchronizing ui state.
2026-01-06 02:05:02.566 [info] Extensions: No changes found during synchronizing extensions.
2026-01-06 02:05:02.568 [info] Prompts: No changes found during synchronizing prompts.
2026-01-06 02:05:02.568 [info] Profiles: No changes found during synchronizing profiles.
2026-01-06 02:05:02.568 [info] Sync done. Took 215ms
2026-01-06 02:05:51.441 [info] [AutoSync] Triggered by Activity
2026-01-06 02:05:51.442 [info] Sync started.
2026-01-06 02:05:51.620 [info] Settings: No changes found during synchronizing settings.
2026-01-06 02:05:51.622 [info] Keybindings: No changes found during synchronizing keybindings.
2026-01-06 02:05:51.623 [info] Snippets: No changes found during synchronizing snippets.
2026-01-06 02:05:51.624 [info] Tasks: No changes found during synchronizing tasks.
2026-01-06 02:05:51.626 [info] Mcp: No changes found during synchronizing mcp.
2026-01-06 02:05:51.628 [info] GlobalState: No changes found during synchronizing ui state.
2026-01-06 02:05:51.655 [info] Extensions: No changes found during synchronizing extensions.
2026-01-06 02:05:51.656 [info] Prompts: No changes found during synchronizing prompts.
2026-01-06 02:05:51.656 [info] Profiles: No changes found during synchronizing profiles.
2026-01-06 02:05:51.657 [info] Sync done. Took 218ms
2026-01-06 02:06:06.367 [info] [AutoSync] Triggered by Activity
2026-01-06 02:06:06.368 [info] Sync started.
2026-01-06 02:06:06.550 [info] Settings: No changes found during synchronizing settings.
2026-01-06 02:06:06.552 [info] Keybindings: No changes found during synchronizing keybindings.
2026-01-06 02:06:06.553 [info] Snippets: No changes found during synchronizing snippets.
2026-01-06 02:06:06.554 [info] Tasks: No changes found during synchronizing tasks.
2026-01-06 02:06:06.555 [info] Mcp: No changes found during synchronizing mcp.
2026-01-06 02:06:06.557 [info] GlobalState: No changes found during synchronizing ui state.
2026-01-06 02:06:06.585 [info] Extensions: No changes found during synchronizing extensions.
2026-01-06 02:06:06.586 [info] Prompts: No changes found during synchronizing prompts.
2026-01-06 02:06:06.586 [info] Profiles: No changes found during synchronizing profiles.
2026-01-06 02:06:06.587 [info] Sync done. Took 222ms
2026-01-06 02:09:04.322 [info] [AutoSync] Triggered by Activity
2026-01-06 02:09:04.322 [info] Sync started.
2026-01-06 02:09:05.027 [info] Settings: No changes found during synchronizing settings.
2026-01-06 02:09:05.028 [info] Keybindings: No changes found during synchronizing keybindings.
2026-01-06 02:09:05.030 [info] Snippets: No changes found during synchronizing snippets.
2026-01-06 02:09:05.031 [info] Tasks: No changes found during synchronizing tasks.
2026-01-06 02:09:05.033 [info] Mcp: No changes found during synchronizing mcp.
2026-01-06 02:09:05.034 [info] GlobalState: No changes found during synchronizing ui state.
2026-01-06 02:09:05.060 [info] Extensions: No changes found during synchronizing extensions.
2026-01-06 02:09:05.061 [info] Prompts: No changes found during synchronizing prompts.
2026-01-06 02:09:05.061 [info] Profiles: No changes found during synchronizing profiles.
2026-01-06 02:09:05.061 [info] Sync done. Took 741ms
2026-01-06 02:09:30.665 [info] [AutoSync] Triggered by Activity
2026-01-06 02:09:30.665 [info] Sync started.
2026-01-06 02:09:30.835 [info] Settings: No changes found during synchronizing settings.
2026-01-06 02:09:30.840 [info] Keybindings: No changes found during synchronizing keybindings.
2026-01-06 02:09:30.845 [info] Snippets: No changes found during synchronizing snippets.
2026-01-06 02:09:30.847 [info] Tasks: No changes found during synchronizing tasks.
2026-01-06 02:09:30.849 [info] Mcp: No changes found during synchronizing mcp.
2026-01-06 02:09:30.851 [info] GlobalState: No changes found during synchronizing ui state.
2026-01-06 02:09:30.874 [info] Extensions: No changes found during synchronizing extensions.
2026-01-06 02:09:30.876 [info] Prompts: No changes found during synchronizing prompts.
2026-01-06 02:09:30.876 [info] Profiles: No changes found during synchronizing profiles.
2026-01-06 02:09:30.877 [info] Sync done. Took 214ms
2026-01-06 02:09:58.036 [info] [AutoSync] Triggered by Activity
2026-01-06 02:09:58.036 [info] Sync started.
2026-01-06 02:09:58.220 [info] Settings: No changes found during synchronizing settings.
2026-01-06 02:09:58.222 [info] Keybindings: No changes found during synchronizing keybindings.
2026-01-06 02:09:58.226 [info] Snippets: No changes found during synchronizing snippets.
2026-01-06 02:09:58.227 [info] Tasks: No changes found during synchronizing tasks.
2026-01-06 02:09:58.228 [info] Mcp: No changes found during synchronizing mcp.
2026-01-06 02:09:58.229 [info] GlobalState: No changes found during synchronizing ui state.
2026-01-06 02:09:58.257 [info] Extensions: No changes found during synchronizing extensions.
2026-01-06 02:09:58.258 [info] Prompts: No changes found during synchronizing prompts.
2026-01-06 02:09:58.258 [info] Profiles: No changes found during synchronizing profiles.
2026-01-06 02:09:58.259 [info] Sync done. Took 224ms
2026-01-06 02:10:59.805 [info] [AutoSync] Triggered by Activity
2026-01-06 02:10:59.805 [info] Sync started.
2026-01-06 02:10:59.989 [info] Settings: No changes found during synchronizing settings.
2026-01-06 02:10:59.991 [info] Keybindings: No changes found during synchronizing keybindings.
2026-01-06 02:10:59.993 [info] Snippets: No changes found during synchronizing snippets.
2026-01-06 02:10:59.995 [info] Tasks: No changes found during synchronizing tasks.
2026-01-06 02:10:59.996 [info] Mcp: No changes found during synchronizing mcp.
2026-01-06 02:10:59.999 [info] GlobalState: No changes found during synchronizing ui state.
2026-01-06 02:11:00.027 [info] Extensions: No changes found during synchronizing extensions.
2026-01-06 02:11:00.028 [info] Prompts: No changes found during synchronizing prompts.
2026-01-06 02:11:00.028 [info] Profiles: No changes found during synchronizing profiles.
2026-01-06 02:11:00.028 [info] Sync done. Took 226ms
2026-01-06 02:13:49.267 [info] [AutoSync] Triggered by Activity
2026-01-06 02:13:49.268 [info] Sync started.
2026-01-06 02:13:50.074 [info] Settings: No changes found during synchronizing settings.
2026-01-06 02:13:50.076 [info] Keybindings: No changes found during synchronizing keybindings.
2026-01-06 02:13:50.080 [info] Snippets: No changes found during synchronizing snippets.
2026-01-06 02:13:50.081 [info] Tasks: No changes found during synchronizing tasks.
2026-01-06 02:13:50.082 [info] Mcp: No changes found during synchronizing mcp.
2026-01-06 02:13:50.083 [info] GlobalState: No changes found during synchronizing ui state.
2026-01-06 02:13:50.108 [info] Extensions: No changes found during synchronizing extensions.
2026-01-06 02:13:50.108 [info] Prompts: No changes found during synchronizing prompts.
2026-01-06 02:13:50.109 [info] Profiles: No changes found during synchronizing profiles.
2026-01-06 02:13:50.109 [info] Sync done. Took 844ms
2026-01-06 02:14:06.341 [info] [AutoSync] Triggered by Activity
2026-01-06 02:14:06.342 [info] Sync started.
2026-01-06 02:14:06.518 [info] Settings: No changes found during synchronizing settings.
2026-01-06 02:14:06.520 [info] Keybindings: No changes found during synchronizing keybindings.
2026-01-06 02:14:06.527 [info] Snippets: No changes found during synchronizing snippets.
2026-01-06 02:14:06.530 [info] Tasks: No changes found during synchronizing tasks.
2026-01-06 02:14:06.532 [info] Mcp: No changes found during synchronizing mcp.
2026-01-06 02:14:06.534 [info] GlobalState: No changes found during synchronizing ui state.
2026-01-06 02:14:06.557 [info] Extensions: No changes found during synchronizing extensions.
2026-01-06 02:14:06.558 [info] Prompts: No changes found during synchronizing prompts.
2026-01-06 02:14:06.558 [info] Profiles: No changes found during synchronizing profiles.
2026-01-06 02:14:06.559 [info] Sync done. Took 220ms
2026-01-06 02:14:19.518 [info] [AutoSync] Triggered by Activity
2026-01-06 02:14:19.519 [info] Sync started.
2026-01-06 02:14:19.705 [info] Settings: No changes found during synchronizing settings.
2026-01-06 02:14:19.707 [info] Keybindings: No changes found during synchronizing keybindings.
2026-01-06 02:14:19.709 [info] Snippets: No changes found during synchronizing snippets.
2026-01-06 02:14:19.710 [info] Tasks: No changes found during synchronizing tasks.
2026-01-06 02:14:19.711 [info] Mcp: No changes found during synchronizing mcp.
2026-01-06 02:14:19.712 [info] GlobalState: No changes found during synchronizing ui state.
2026-01-06 02:14:19.735 [info] Extensions: No changes found during synchronizing extensions.
2026-01-06 02:14:19.736 [info] Prompts: No changes found during synchronizing prompts.
2026-01-06 02:14:19.736 [info] Profiles: No changes found during synchronizing profiles.
2026-01-06 02:14:19.736 [info] Sync done. Took 221ms
2026-01-06 02:14:39.394 [info] [AutoSync] Triggered by Activity
2026-01-06 02:14:39.394 [info] Sync started.
2026-01-06 02:14:39.560 [info] Settings: No changes found during synchronizing settings.
2026-01-06 02:14:39.564 [info] Keybindings: No changes found during synchronizing keybindings.
2026-01-06 02:14:39.574 [info] Snippets: No changes found during synchronizing snippets.
2026-01-06 02:14:39.579 [info] Tasks: No changes found during synchronizing tasks.
2026-01-06 02:14:39.581 [info] Mcp: No changes found during synchronizing mcp.
2026-01-06 02:14:39.584 [info] GlobalState: No changes found during synchronizing ui state.
2026-01-06 02:14:39.605 [info] Extensions: No changes found during synchronizing extensions.
2026-01-06 02:14:39.605 [info] Prompts: No changes found during synchronizing prompts.
2026-01-06 02:14:39.606 [info] Profiles: No changes found during synchronizing profiles.
2026-01-06 02:14:39.606 [info] Sync done. Took 214ms
2026-01-06 02:15:01.694 [info] [AutoSync] Triggered by Activity
2026-01-06 02:15:01.695 [info] Sync started.
2026-01-06 02:15:01.967 [info] Settings: No changes found during synchronizing settings.
2026-01-06 02:15:01.974 [info] Keybindings: No changes found during synchronizing keybindings.
2026-01-06 02:15:01.984 [info] Snippets: No changes found during synchronizing snippets.
2026-01-06 02:15:01.988 [info] Tasks: No changes found during synchronizing tasks.
2026-01-06 02:15:01.993 [info] Mcp: No changes found during synchronizing mcp.
2026-01-06 02:15:01.998 [info] GlobalState: No changes found during synchronizing ui state.
2026-01-06 02:15:02.022 [info] Extensions: No changes found during synchronizing extensions.
2026-01-06 02:15:02.023 [info] Prompts: No changes found during synchronizing prompts.
2026-01-06 02:15:02.023 [info] Profiles: No changes found during synchronizing profiles.
2026-01-06 02:15:02.024 [info] Sync done. Took 332ms
2026-01-06 02:15:12.769 [info] [AutoSync] Triggered by Activity
2026-01-06 02:15:12.769 [info] Sync started.
2026-01-06 02:15:12.973 [info] Settings: No changes found during synchronizing settings.
2026-01-06 02:15:12.975 [info] Keybindings: No changes found during synchronizing keybindings.
2026-01-06 02:15:12.976 [info] Snippets: No changes found during synchronizing snippets.
2026-01-06 02:15:12.977 [info] Tasks: No changes found during synchronizing tasks.
2026-01-06 02:15:12.977 [info] Mcp: No changes found during synchronizing mcp.
2026-01-06 02:15:12.979 [info] GlobalState: No changes found during synchronizing ui state.
2026-01-06 02:15:13.003 [info] Extensions: No changes found during synchronizing extensions.
2026-01-06 02:15:13.004 [info] Prompts: No changes found during synchronizing prompts.
2026-01-06 02:15:13.004 [info] Profiles: No changes found during synchronizing profiles.
2026-01-06 02:15:13.004 [info] Sync done. Took 238ms
2026-01-06 02:15:45.687 [info] [AutoSync] Triggered by Activity
2026-01-06 02:15:45.687 [info] Sync started.
2026-01-06 02:15:45.886 [info] Settings: No changes found during synchronizing settings.
2026-01-06 02:15:45.888 [info] Keybindings: No changes found during synchronizing keybindings.
2026-01-06 02:15:45.891 [info] Snippets: No changes found during synchronizing snippets.
2026-01-06 02:15:45.892 [info] Tasks: No changes found during synchronizing tasks.
2026-01-06 02:15:45.893 [info] Mcp: No changes found during synchronizing mcp.
2026-01-06 02:15:45.895 [info] GlobalState: No changes found during synchronizing ui state.
2026-01-06 02:15:45.917 [info] Extensions: No changes found during synchronizing extensions.
2026-01-06 02:15:45.918 [info] Prompts: No changes found during synchronizing prompts.
2026-01-06 02:15:45.919 [info] Profiles: No changes found during synchronizing profiles.
2026-01-06 02:15:45.921 [info] Sync done. Took 236ms
2026-01-06 02:18:56.868 [info] [AutoSync] Triggered by Activity
2026-01-06 02:18:56.869 [info] Sync started.
2026-01-06 02:18:57.680 [info] Settings: No changes found during synchronizing settings.
2026-01-06 02:18:57.682 [info] Keybindings: No changes found during synchronizing keybindings.
2026-01-06 02:18:57.684 [info] Snippets: No changes found during synchronizing snippets.
2026-01-06 02:18:57.685 [info] Tasks: No changes found during synchronizing tasks.
2026-01-06 02:18:57.685 [info] Mcp: No changes found during synchronizing mcp.
2026-01-06 02:18:57.687 [info] GlobalState: No changes found during synchronizing ui state.
2026-01-06 02:18:57.710 [info] Extensions: No changes found during synchronizing extensions.
2026-01-06 02:18:57.711 [info] Prompts: No changes found during synchronizing prompts.
2026-01-06 02:18:57.712 [info] Profiles: No changes found during synchronizing profiles.
2026-01-06 02:18:57.712 [info] Sync done. Took 845ms
2026-01-06 02:19:23.383 [info] [AutoSync] Triggered by Activity
2026-01-06 02:19:23.384 [info] Sync started.
2026-01-06 02:19:23.549 [info] Settings: No changes found during synchronizing settings.
2026-01-06 02:19:23.552 [info] Keybindings: No changes found during synchronizing keybindings.
2026-01-06 02:19:23.556 [info] Snippets: No changes found during synchronizing snippets.
2026-01-06 02:19:23.558 [info] Tasks: No changes found during synchronizing tasks.
2026-01-06 02:19:23.560 [info] Mcp: No changes found during synchronizing mcp.
2026-01-06 02:19:23.562 [info] GlobalState: No changes found during synchronizing ui state.
2026-01-06 02:19:23.588 [info] Extensions: No changes found during synchronizing extensions.
2026-01-06 02:19:23.589 [info] Prompts: No changes found during synchronizing prompts.
2026-01-06 02:19:23.589 [info] Profiles: No changes found during synchronizing profiles.
2026-01-06 02:19:23.590 [info] Sync done. Took 209ms
2026-01-06 02:20:14.240 [info] [AutoSync] Triggered by Activity
2026-01-06 02:20:14.241 [info] Sync started.
2026-01-06 02:20:14.428 [info] Settings: No changes found during synchronizing settings.
2026-01-06 02:20:14.429 [info] Keybindings: No changes found during synchronizing keybindings.
2026-01-06 02:20:14.431 [info] Snippets: No changes found during synchronizing snippets.
2026-01-06 02:20:14.432 [info] Tasks: No changes found during synchronizing tasks.
2026-01-06 02:20:14.433 [info] Mcp: No changes found during synchronizing mcp.
2026-01-06 02:20:14.436 [info] GlobalState: No changes found during synchronizing ui state.
2026-01-06 02:20:14.466 [info] Extensions: No changes found during synchronizing extensions.
2026-01-06 02:20:14.466 [info] Prompts: No changes found during synchronizing prompts.
2026-01-06 02:20:14.467 [info] Profiles: No changes found during synchronizing profiles.
2026-01-06 02:20:14.467 [info] Sync done. Took 230ms
2026-01-06 02:20:35.917 [info] [AutoSync] Triggered by Activity
2026-01-06 02:20:35.917 [info] Sync started.
2026-01-06 02:20:36.101 [info] Settings: No changes found during synchronizing settings.
2026-01-06 02:20:36.105 [info] Keybindings: No changes found during synchronizing keybindings.
2026-01-06 02:20:36.109 [info] Snippets: No changes found during synchronizing snippets.
2026-01-06 02:20:36.113 [info] Tasks: No changes found during synchronizing tasks.
2026-01-06 02:20:36.115 [info] Mcp: No changes found during synchronizing mcp.
2026-01-06 02:20:36.118 [info] GlobalState: No changes found during synchronizing ui state.
2026-01-06 02:20:36.140 [info] Extensions: No changes found during synchronizing extensions.
2026-01-06 02:20:36.141 [info] Prompts: No changes found during synchronizing prompts.
2026-01-06 02:20:36.142 [info] Profiles: No changes found during synchronizing profiles.
2026-01-06 02:20:36.142 [info] Sync done. Took 227ms
2026-01-06 02:20:56.039 [info] [AutoSync] Triggered by Activity
2026-01-06 02:20:56.040 [info] Sync started.
2026-01-06 02:20:56.206 [info] Settings: No changes found during synchronizing settings.
2026-01-06 02:20:56.209 [info] Keybindings: No changes found during synchronizing keybindings.
2026-01-06 02:20:56.211 [info] Snippets: No changes found during synchronizing snippets.
2026-01-06 02:20:56.212 [info] Tasks: No changes found during synchronizing tasks.
2026-01-06 02:20:56.214 [info] Mcp: No changes found during synchronizing mcp.
2026-01-06 02:20:56.216 [info] GlobalState: No changes found during synchronizing ui state.
2026-01-06 02:20:56.243 [info] Extensions: No changes found during synchronizing extensions.
2026-01-06 02:20:56.244 [info] Prompts: No changes found during synchronizing prompts.
2026-01-06 02:20:56.245 [info] Profiles: No changes found during synchronizing profiles.
2026-01-06 02:20:56.245 [info] Sync done. Took 207ms
2026-01-06 02:21:07.463 [info] [AutoSync] Triggered by Activity
2026-01-06 02:21:07.463 [info] Sync started.
2026-01-06 02:21:07.636 [info] Settings: No changes found during synchronizing settings.
2026-01-06 02:21:07.637 [info] Keybindings: No changes found during synchronizing keybindings.
2026-01-06 02:21:07.639 [info] Snippets: No changes found during synchronizing snippets.
2026-01-06 02:21:07.640 [info] Tasks: No changes found during synchronizing tasks.
2026-01-06 02:21:07.641 [info] Mcp: No changes found during synchronizing mcp.
2026-01-06 02:21:07.643 [info] GlobalState: No changes found during synchronizing ui state.
2026-01-06 02:21:07.667 [info] Extensions: No changes found during synchronizing extensions.
2026-01-06 02:21:07.669 [info] Prompts: No changes found during synchronizing prompts.
2026-01-06 02:21:07.669 [info] Profiles: No changes found during synchronizing profiles.
2026-01-06 02:21:07.669 [info] Sync done. Took 209ms
2026-01-06 02:26:07.689 [info] [AutoSync] Triggered by Interval
2026-01-06 02:26:07.690 [info] Sync started.
2026-01-06 02:26:08.541 [info] Settings: No changes found during synchronizing settings.
2026-01-06 02:26:08.543 [info] Keybindings: No changes found during synchronizing keybindings.
2026-01-06 02:26:08.545 [info] Snippets: No changes found during synchronizing snippets.
2026-01-06 02:26:08.546 [info] Tasks: No changes found during synchronizing tasks.
2026-01-06 02:26:08.547 [info] Mcp: No changes found during synchronizing mcp.
2026-01-06 02:26:08.549 [info] GlobalState: No changes found during synchronizing ui state.
2026-01-06 02:26:08.578 [info] Extensions: No changes found during synchronizing extensions.
2026-01-06 02:26:08.579 [info] Prompts: No changes found during synchronizing prompts.
2026-01-06 02:26:08.579 [info] Profiles: No changes found during synchronizing profiles.
2026-01-06 02:26:08.580 [info] Sync done. Took 892ms
2026-01-06 02:26:29.308 [info] [AutoSync] Triggered by Activity
2026-01-06 02:26:29.308 [info] Sync started.
2026-01-06 02:26:29.496 [info] Settings: No changes found during synchronizing settings.
2026-01-06 02:26:29.498 [info] Keybindings: No changes found during synchronizing keybindings.
2026-01-06 02:26:29.501 [info] Snippets: No changes found during synchronizing snippets.
2026-01-06 02:26:29.503 [info] Tasks: No changes found during synchronizing tasks.
2026-01-06 02:26:29.505 [info] Mcp: No changes found during synchronizing mcp.
2026-01-06 02:26:29.507 [info] GlobalState: No changes found during synchronizing ui state.
2026-01-06 02:26:29.538 [info] Extensions: No changes found during synchronizing extensions.
2026-01-06 02:26:29.541 [info] Prompts: No changes found during synchronizing prompts.
2026-01-06 02:26:29.542 [info] Profiles: No changes found during synchronizing profiles.
2026-01-06 02:26:29.542 [info] Sync done. Took 237ms
2026-01-06 02:26:54.804 [info] [AutoSync] Triggered by Activity
2026-01-06 02:26:54.804 [info] Sync started.
2026-01-06 02:26:55.020 [info] Settings: No changes found during synchronizing settings.
2026-01-06 02:26:55.022 [info] Keybindings: No changes found during synchronizing keybindings.
2026-01-06 02:26:55.024 [info] Snippets: No changes found during synchronizing snippets.
2026-01-06 02:26:55.024 [info] Tasks: No changes found during synchronizing tasks.
2026-01-06 02:26:55.025 [info] Mcp: No changes found during synchronizing mcp.
2026-01-06 02:26:55.027 [info] GlobalState: No changes found during synchronizing ui state.
2026-01-06 02:26:55.055 [info] Extensions: No changes found during synchronizing extensions.
2026-01-06 02:26:55.056 [info] Prompts: No changes found during synchronizing prompts.
2026-01-06 02:26:55.056 [info] Profiles: No changes found during synchronizing profiles.
2026-01-06 02:26:55.057 [info] Sync done. Took 254ms
2026-01-06 02:27:09.353 [info] [AutoSync] Triggered by Activity
2026-01-06 02:27:09.354 [info] Sync started.
2026-01-06 02:27:09.562 [info] Settings: No changes found during synchronizing settings.
2026-01-06 02:27:09.563 [info] Keybindings: No changes found during synchronizing keybindings.
2026-01-06 02:27:09.565 [info] Snippets: No changes found during synchronizing snippets.
2026-01-06 02:27:09.566 [info] Tasks: No changes found during synchronizing tasks.
2026-01-06 02:27:09.567 [info] Mcp: No changes found during synchronizing mcp.
2026-01-06 02:27:09.568 [info] GlobalState: No changes found during synchronizing ui state.
2026-01-06 02:27:09.593 [info] Extensions: No changes found during synchronizing extensions.
2026-01-06 02:27:09.594 [info] Prompts: No changes found during synchronizing prompts.
2026-01-06 02:27:09.594 [info] Profiles: No changes found during synchronizing profiles.
2026-01-06 02:27:09.595 [info] Sync done. Took 245ms
2026-01-06 02:27:24.151 [info] [AutoSync] Triggered by Activity
2026-01-06 02:27:24.152 [info] Sync started.
2026-01-06 02:27:24.334 [info] Settings: No changes found during synchronizing settings.
2026-01-06 02:27:24.336 [info] Keybindings: No changes found during synchronizing keybindings.
2026-01-06 02:27:24.339 [info] Snippets: No changes found during synchronizing snippets.
2026-01-06 02:27:24.343 [info] Tasks: No changes found during synchronizing tasks.
2026-01-06 02:27:24.347 [info] Mcp: No changes found during synchronizing mcp.
2026-01-06 02:27:24.351 [info] GlobalState: No changes found during synchronizing ui state.
2026-01-06 02:27:24.383 [info] Extensions: No changes found during synchronizing extensions.
2026-01-06 02:27:24.385 [info] Prompts: No changes found during synchronizing prompts.
2026-01-06 02:27:24.385 [info] Profiles: No changes found during synchronizing profiles.
2026-01-06 02:27:24.385 [info] Sync done. Took 237ms
2026-01-06 02:27:43.321 [info] [AutoSync] Triggered by Activity
2026-01-06 02:27:43.321 [info] Sync started.
2026-01-06 02:27:43.530 [info] Settings: No changes found during synchronizing settings.
2026-01-06 02:27:43.532 [info] Keybindings: No changes found during synchronizing keybindings.
2026-01-06 02:27:43.533 [info] Snippets: No changes found during synchronizing snippets.
2026-01-06 02:27:43.534 [info] Tasks: No changes found during synchronizing tasks.
2026-01-06 02:27:43.535 [info] Mcp: No changes found during synchronizing mcp.
2026-01-06 02:27:43.537 [info] GlobalState: No changes found during synchronizing ui state.
2026-01-06 02:27:43.580 [info] Extensions: No changes found during synchronizing extensions.
2026-01-06 02:27:43.581 [info] Prompts: No changes found during synchronizing prompts.
2026-01-06 02:27:43.582 [info] Profiles: No changes found during synchronizing profiles.
2026-01-06 02:27:43.582 [info] Sync done. Took 262ms
2026-01-06 02:27:59.323 [info] [AutoSync] Triggered by Activity
2026-01-06 02:27:59.323 [info] Sync started.
2026-01-06 02:27:59.515 [info] Settings: No changes found during synchronizing settings.
2026-01-06 02:27:59.517 [info] Keybindings: No changes found during synchronizing keybindings.
2026-01-06 02:27:59.522 [info] Snippets: No changes found during synchronizing snippets.
2026-01-06 02:27:59.525 [info] Tasks: No changes found during synchronizing tasks.
2026-01-06 02:27:59.527 [info] Mcp: No changes found during synchronizing mcp.
2026-01-06 02:27:59.530 [info] GlobalState: No changes found during synchronizing ui state.
2026-01-06 02:27:59.553 [info] Extensions: No changes found during synchronizing extensions.
2026-01-06 02:27:59.554 [info] Prompts: No changes found during synchronizing prompts.
2026-01-06 02:27:59.554 [info] Profiles: No changes found during synchronizing profiles.
2026-01-06 02:27:59.554 [info] Sync done. Took 233ms
2026-01-06 02:32:43.845 [info] [AutoSync] Triggered by Activity
2026-01-06 02:32:43.846 [info] Sync started.
2026-01-06 02:32:44.646 [info] Settings: No changes found during synchronizing settings.
2026-01-06 02:32:44.649 [info] Keybindings: No changes found during synchronizing keybindings.
2026-01-06 02:32:44.651 [info] Snippets: No changes found during synchronizing snippets.
2026-01-06 02:32:44.652 [info] Tasks: No changes found during synchronizing tasks.
2026-01-06 02:32:44.654 [info] Mcp: No changes found during synchronizing mcp.
2026-01-06 02:32:44.656 [info] GlobalState: No changes found during synchronizing ui state.
2026-01-06 02:32:44.678 [info] Extensions: No changes found during synchronizing extensions.
2026-01-06 02:32:44.678 [info] Prompts: No changes found during synchronizing prompts.
2026-01-06 02:32:44.679 [info] Profiles: No changes found during synchronizing profiles.
2026-01-06 02:32:44.679 [info] Sync done. Took 835ms
2026-01-06 02:33:01.270 [info] [AutoSync] Triggered by Activity
2026-01-06 02:33:01.271 [info] Sync started.
2026-01-06 02:33:01.468 [info] Settings: No changes found during synchronizing settings.
2026-01-06 02:33:01.469 [info] Keybindings: No changes found during synchronizing keybindings.
2026-01-06 02:33:01.470 [info] Snippets: No changes found during synchronizing snippets.
2026-01-06 02:33:01.471 [info] Tasks: No changes found during synchronizing tasks.
2026-01-06 02:33:01.472 [info] Mcp: No changes found during synchronizing mcp.
2026-01-06 02:33:01.473 [info] GlobalState: No changes found during synchronizing ui state.
2026-01-06 02:33:01.495 [info] Extensions: No changes found during synchronizing extensions.
2026-01-06 02:33:01.495 [info] Prompts: No changes found during synchronizing prompts.
2026-01-06 02:33:01.496 [info] Profiles: No changes found during synchronizing profiles.
2026-01-06 02:33:01.496 [info] Sync done. Took 228ms
2026-01-06 02:33:17.936 [info] [AutoSync] Triggered by Activity
2026-01-06 02:33:17.937 [info] Sync started.
2026-01-06 02:33:18.111 [info] Settings: No changes found during synchronizing settings.
2026-01-06 02:33:18.112 [info] Keybindings: No changes found during synchronizing keybindings.
2026-01-06 02:33:18.114 [info] Snippets: No changes found during synchronizing snippets.
2026-01-06 02:33:18.115 [info] Tasks: No changes found during synchronizing tasks.
2026-01-06 02:33:18.119 [info] Mcp: No changes found during synchronizing mcp.
2026-01-06 02:33:18.122 [info] GlobalState: No changes found during synchronizing ui state.
2026-01-06 02:33:18.144 [info] Extensions: No changes found during synchronizing extensions.
2026-01-06 02:33:18.146 [info] Prompts: No changes found during synchronizing prompts.
2026-01-06 02:33:18.146 [info] Profiles: No changes found during synchronizing profiles.
2026-01-06 02:33:18.147 [info] Sync done. Took 213ms
2026-01-06 02:33:30.561 [info] [AutoSync] Triggered by Activity
2026-01-06 02:33:30.561 [info] Sync started.
2026-01-06 02:33:30.721 [info] Settings: No changes found during synchronizing settings.
2026-01-06 02:33:30.725 [info] Keybindings: No changes found during synchronizing keybindings.
2026-01-06 02:33:30.729 [info] Snippets: No changes found during synchronizing snippets.
2026-01-06 02:33:30.733 [info] Tasks: No changes found during synchronizing tasks.
2026-01-06 02:33:30.737 [info] Mcp: No changes found during synchronizing mcp.
2026-01-06 02:33:30.743 [info] GlobalState: No changes found during synchronizing ui state.
2026-01-06 02:33:30.772 [info] Extensions: No changes found during synchronizing extensions.
2026-01-06 02:33:30.773 [info] Prompts: No changes found during synchronizing prompts.
2026-01-06 02:33:30.774 [info] Profiles: No changes found during synchronizing profiles.
2026-01-06 02:33:30.774 [info] Sync done. Took 216ms
2026-01-06 02:38:30.776 [info] [AutoSync] Triggered by Interval
2026-01-06 02:38:30.777 [info] Sync started.
2026-01-06 02:38:31.521 [info] Settings: No changes found during synchronizing settings.
2026-01-06 02:38:31.525 [info] Keybindings: No changes found during synchronizing keybindings.
2026-01-06 02:38:31.527 [info] Snippets: No changes found during synchronizing snippets.
2026-01-06 02:38:31.529 [info] Tasks: No changes found during synchronizing tasks.
2026-01-06 02:38:31.530 [info] Mcp: No changes found during synchronizing mcp.
2026-01-06 02:38:31.533 [info] GlobalState: No changes found during synchronizing ui state.
2026-01-06 02:38:31.562 [info] Extensions: No changes found during synchronizing extensions.
2026-01-06 02:38:31.562 [info] Prompts: No changes found during synchronizing prompts.
2026-01-06 02:38:31.563 [info] Profiles: No changes found during synchronizing profiles.
2026-01-06 02:38:31.563 [info] Sync done. Took 789ms
2026-01-06 02:39:21.102 [info] [AutoSync] Triggered by Activity
2026-01-06 02:39:21.103 [info] Sync started.
2026-01-06 02:39:21.281 [info] Settings: No changes found during synchronizing settings.
2026-01-06 02:39:21.282 [info] Keybindings: No changes found during synchronizing keybindings.
2026-01-06 02:39:21.284 [info] Snippets: No changes found during synchronizing snippets.
2026-01-06 02:39:21.285 [info] Tasks: No changes found during synchronizing tasks.
2026-01-06 02:39:21.287 [info] Mcp: No changes found during synchronizing mcp.
2026-01-06 02:39:21.289 [info] GlobalState: No changes found during synchronizing ui state.
2026-01-06 02:39:21.314 [info] Extensions: No changes found during synchronizing extensions.
2026-01-06 02:39:21.315 [info] Prompts: No changes found during synchronizing prompts.
2026-01-06 02:39:21.315 [info] Profiles: No changes found during synchronizing profiles.
2026-01-06 02:39:21.316 [info] Sync done. Took 216ms
2026-01-06 02:40:10.965 [info] [AutoSync] Triggered by Activity
2026-01-06 02:40:10.966 [info] Sync started.
2026-01-06 02:40:11.144 [info] Settings: No changes found during synchronizing settings.
2026-01-06 02:40:11.146 [info] Keybindings: No changes found during synchronizing keybindings.
2026-01-06 02:40:11.149 [info] Snippets: No changes found during synchronizing snippets.
2026-01-06 02:40:11.152 [info] Tasks: No changes found during synchronizing tasks.
2026-01-06 02:40:11.154 [info] Mcp: No changes found during synchronizing mcp.
2026-01-06 02:40:11.157 [info] GlobalState: No changes found during synchronizing ui state.
2026-01-06 02:40:11.185 [info] Extensions: No changes found during synchronizing extensions.
2026-01-06 02:40:11.186 [info] Prompts: No changes found during synchronizing prompts.
2026-01-06 02:40:11.186 [info] Profiles: No changes found during synchronizing profiles.
2026-01-06 02:40:11.187 [info] Sync done. Took 222ms
2026-01-06 02:40:47.932 [info] [AutoSync] Triggered by Activity
2026-01-06 02:40:47.933 [info] Sync started.
2026-01-06 02:40:48.115 [info] Settings: No changes found during synchronizing settings.
2026-01-06 02:40:48.116 [info] Keybindings: No changes found during synchronizing keybindings.
2026-01-06 02:40:48.117 [info] Snippets: No changes found during synchronizing snippets.
2026-01-06 02:40:48.118 [info] Tasks: No changes found during synchronizing tasks.
2026-01-06 02:40:48.119 [info] Mcp: No changes found during synchronizing mcp.
2026-01-06 02:40:48.120 [info] GlobalState: No changes found during synchronizing ui state.
2026-01-06 02:40:48.143 [info] Extensions: No changes found during synchronizing extensions.
2026-01-06 02:40:48.144 [info] Prompts: No changes found during synchronizing prompts.
2026-01-06 02:40:48.144 [info] Profiles: No changes found during synchronizing profiles.
2026-01-06 02:40:48.145 [info] Sync done. Took 215ms
2026-01-06 02:44:02.792 [info] [AutoSync] Triggered by Activity
2026-01-06 02:44:02.792 [info] Sync started.
2026-01-06 02:44:03.624 [info] Settings: No changes found during synchronizing settings.
2026-01-06 02:44:03.634 [info] Keybindings: No changes found during synchronizing keybindings.
2026-01-06 02:44:03.641 [info] Snippets: No changes found during synchronizing snippets.
2026-01-06 02:44:03.647 [info] Tasks: No changes found during synchronizing tasks.
2026-01-06 02:44:03.651 [info] Mcp: No changes found during synchronizing mcp.
2026-01-06 02:44:03.658 [info] GlobalState: No changes found during synchronizing ui state.
2026-01-06 02:44:03.699 [info] Extensions: No changes found during synchronizing extensions.
2026-01-06 02:44:03.703 [info] Prompts: No changes found during synchronizing prompts.
2026-01-06 02:44:03.703 [info] Profiles: No changes found during synchronizing profiles.
2026-01-06 02:44:03.704 [info] Sync done. Took 914ms
2026-01-06 02:44:35.094 [info] [AutoSync] Triggered by Activity
2026-01-06 02:44:35.095 [info] Sync started.
2026-01-06 02:44:35.300 [info] Settings: No changes found during synchronizing settings.
2026-01-06 02:44:35.301 [info] Keybindings: No changes found during synchronizing keybindings.
2026-01-06 02:44:35.303 [info] Snippets: No changes found during synchronizing snippets.
2026-01-06 02:44:35.305 [info] Tasks: No changes found during synchronizing tasks.
2026-01-06 02:44:35.306 [info] Mcp: No changes found during synchronizing mcp.
2026-01-06 02:44:35.308 [info] GlobalState: No changes found during synchronizing ui state.
2026-01-06 02:44:35.333 [info] Extensions: No changes found during synchronizing extensions.
2026-01-06 02:44:35.335 [info] Prompts: No changes found during synchronizing prompts.
2026-01-06 02:44:35.335 [info] Profiles: No changes found during synchronizing profiles.
2026-01-06 02:44:35.336 [info] Sync done. Took 244ms
2026-01-06 02:44:52.023 [info] [AutoSync] Triggered by Activity
2026-01-06 02:44:52.023 [info] Sync started.
2026-01-06 02:44:52.250 [info] Settings: No changes found during synchronizing settings.
2026-01-06 02:44:52.255 [info] Keybindings: No changes found during synchronizing keybindings.
2026-01-06 02:44:52.262 [info] Snippets: No changes found during synchronizing snippets.
2026-01-06 02:44:52.266 [info] Tasks: No changes found during synchronizing tasks.
2026-01-06 02:44:52.272 [info] Mcp: No changes found during synchronizing mcp.
2026-01-06 02:44:52.274 [info] GlobalState: No changes found during synchronizing ui state.
2026-01-06 02:44:52.296 [info] Extensions: No changes found during synchronizing extensions.
2026-01-06 02:44:52.298 [info] Prompts: No changes found during synchronizing prompts.
2026-01-06 02:44:52.298 [info] Profiles: No changes found during synchronizing profiles.
2026-01-06 02:44:52.299 [info] Sync done. Took 279ms
2026-01-06 02:45:06.694 [info] [AutoSync] Triggered by Activity
2026-01-06 02:45:06.695 [info] Sync started.
2026-01-06 02:45:06.889 [info] Settings: No changes found during synchronizing settings.
2026-01-06 02:45:06.892 [info] Keybindings: No changes found during synchronizing keybindings.
2026-01-06 02:45:06.893 [info] Snippets: No changes found during synchronizing snippets.
2026-01-06 02:45:06.894 [info] Tasks: No changes found during synchronizing tasks.
2026-01-06 02:45:06.895 [info] Mcp: No changes found during synchronizing mcp.
2026-01-06 02:45:06.897 [info] GlobalState: No changes found during synchronizing ui state.
2026-01-06 02:45:06.929 [info] Extensions: No changes found during synchronizing extensions.
2026-01-06 02:45:06.930 [info] Prompts: No changes found during synchronizing prompts.
2026-01-06 02:45:06.930 [info] Profiles: No changes found during synchronizing profiles.
2026-01-06 02:45:06.931 [info] Sync done. Took 240ms
2026-01-06 02:45:53.395 [info] [AutoSync] Triggered by Activity
2026-01-06 02:45:53.395 [info] Sync started.
2026-01-06 02:45:53.566 [info] Settings: No changes found during synchronizing settings.
2026-01-06 02:45:53.567 [info] Keybindings: No changes found during synchronizing keybindings.
2026-01-06 02:45:53.568 [info] Snippets: No changes found during synchronizing snippets.
2026-01-06 02:45:53.569 [info] Tasks: No changes found during synchronizing tasks.
2026-01-06 02:45:53.570 [info] Mcp: No changes found during synchronizing mcp.
2026-01-06 02:45:53.571 [info] GlobalState: No changes found during synchronizing ui state.
2026-01-06 02:45:53.597 [info] Extensions: No changes found during synchronizing extensions.
2026-01-06 02:45:53.597 [info] Prompts: No changes found during synchronizing prompts.
2026-01-06 02:45:53.598 [info] Profiles: No changes found during synchronizing profiles.
2026-01-06 02:45:53.598 [info] Sync done. Took 204ms
2026-01-06 02:50:22.083 [info] [AutoSync] Triggered by Activity
2026-01-06 02:50:22.083 [info] Sync started.
2026-01-06 02:50:22.888 [info] Settings: No changes found during synchronizing settings.
2026-01-06 02:50:22.892 [info] Keybindings: No changes found during synchronizing keybindings.
2026-01-06 02:50:22.895 [info] Snippets: No changes found during synchronizing snippets.
2026-01-06 02:50:22.896 [info] Tasks: No changes found during synchronizing tasks.
2026-01-06 02:50:22.897 [info] Mcp: No changes found during synchronizing mcp.
2026-01-06 02:50:22.899 [info] GlobalState: No changes found during synchronizing ui state.
2026-01-06 02:50:22.921 [info] Extensions: No changes found during synchronizing extensions.
2026-01-06 02:50:22.923 [info] Prompts: No changes found during synchronizing prompts.
2026-01-06 02:50:22.924 [info] Profiles: No changes found during synchronizing profiles.
2026-01-06 02:50:22.925 [info] Sync done. Took 844ms
2026-01-06 02:51:39.896 [info] [AutoSync] Triggered by Activity
2026-01-06 02:51:39.897 [info] Sync started.
2026-01-06 02:51:40.090 [info] Settings: No changes found during synchronizing settings.
2026-01-06 02:51:40.091 [info] Keybindings: No changes found during synchronizing keybindings.
2026-01-06 02:51:40.093 [info] Snippets: No changes found during synchronizing snippets.
2026-01-06 02:51:40.094 [info] Tasks: No changes found during synchronizing tasks.
2026-01-06 02:51:40.095 [info] Mcp: No changes found during synchronizing mcp.
2026-01-06 02:51:40.097 [info] GlobalState: No changes found during synchronizing ui state.
2026-01-06 02:51:40.118 [info] Extensions: No changes found during synchronizing extensions.
2026-01-06 02:51:40.120 [info] Prompts: No changes found during synchronizing prompts.
2026-01-06 02:51:40.120 [info] Profiles: No changes found during synchronizing profiles.
2026-01-06 02:51:40.120 [info] Sync done. Took 226ms
2026-01-06 02:52:49.579 [info] [AutoSync] Triggered by Activity
2026-01-06 02:52:49.580 [info] Sync started.
2026-01-06 02:52:49.749 [info] Settings: No changes found during synchronizing settings.
2026-01-06 02:52:49.755 [info] Keybindings: No changes found during synchronizing keybindings.
2026-01-06 02:52:49.758 [info] Snippets: No changes found during synchronizing snippets.
2026-01-06 02:52:49.759 [info] Tasks: No changes found during synchronizing tasks.
2026-01-06 02:52:49.759 [info] Mcp: No changes found during synchronizing mcp.
2026-01-06 02:52:49.761 [info] GlobalState: No changes found during synchronizing ui state.
2026-01-06 02:52:49.787 [info] Extensions: No changes found during synchronizing extensions.
2026-01-06 02:52:49.789 [info] Prompts: No changes found during synchronizing prompts.
2026-01-06 02:52:49.789 [info] Profiles: No changes found during synchronizing profiles.
2026-01-06 02:52:49.790 [info] Sync done. Took 213ms
2026-01-06 02:53:00.288 [info] [AutoSync] Triggered by Activity
2026-01-06 02:53:00.289 [info] Sync started.
2026-01-06 02:53:00.463 [info] Settings: No changes found during synchronizing settings.
2026-01-06 02:53:00.464 [info] Keybindings: No changes found during synchronizing keybindings.
2026-01-06 02:53:00.466 [info] Snippets: No changes found during synchronizing snippets.
2026-01-06 02:53:00.467 [info] Tasks: No changes found during synchronizing tasks.
2026-01-06 02:53:00.468 [info] Mcp: No changes found during synchronizing mcp.
2026-01-06 02:53:00.469 [info] GlobalState: No changes found during synchronizing ui state.
2026-01-06 02:53:00.493 [info] Extensions: No changes found during synchronizing extensions.
2026-01-06 02:53:00.495 [info] Prompts: No changes found during synchronizing prompts.
2026-01-06 02:53:00.495 [info] Profiles: No changes found during synchronizing profiles.
2026-01-06 02:53:00.496 [info] Sync done. Took 210ms
2026-01-06 02:53:26.738 [info] [AutoSync] Triggered by Activity
2026-01-06 02:53:26.738 [info] Sync started.
2026-01-06 02:53:26.940 [info] Settings: No changes found during synchronizing settings.
2026-01-06 02:53:26.943 [info] Keybindings: No changes found during synchronizing keybindings.
2026-01-06 02:53:26.945 [info] Snippets: No changes found during synchronizing snippets.
2026-01-06 02:53:26.946 [info] Tasks: No changes found during synchronizing tasks.
2026-01-06 02:53:26.947 [info] Mcp: No changes found during synchronizing mcp.
2026-01-06 02:53:26.949 [info] GlobalState: No changes found during synchronizing ui state.
2026-01-06 02:53:26.974 [info] Extensions: No changes found during synchronizing extensions.
2026-01-06 02:53:26.975 [info] Prompts: No changes found during synchronizing prompts.
2026-01-06 02:53:26.975 [info] Profiles: No changes found during synchronizing profiles.
2026-01-06 02:53:26.976 [info] Sync done. Took 237ms
2026-01-06 02:53:45.457 [info] [AutoSync] Triggered by Activity
2026-01-06 02:53:45.458 [info] Sync started.
2026-01-06 02:53:45.638 [info] Settings: No changes found during synchronizing settings.
2026-01-06 02:53:45.639 [info] Keybindings: No changes found during synchronizing keybindings.
2026-01-06 02:53:45.642 [info] Snippets: No changes found during synchronizing snippets.
2026-01-06 02:53:45.643 [info] Tasks: No changes found during synchronizing tasks.
2026-01-06 02:53:45.644 [info] Mcp: No changes found during synchronizing mcp.
2026-01-06 02:53:45.646 [info] GlobalState: No changes found during synchronizing ui state.
2026-01-06 02:53:45.672 [info] Extensions: No changes found during synchronizing extensions.
2026-01-06 02:53:45.675 [info] Prompts: No changes found during synchronizing prompts.
2026-01-06 02:53:45.676 [info] Profiles: No changes found during synchronizing profiles.
2026-01-06 02:53:45.676 [info] Sync done. Took 221ms
2026-01-06 02:53:59.937 [info] [AutoSync] Triggered by Activity
2026-01-06 02:53:59.937 [info] Sync started.
2026-01-06 02:54:00.111 [info] Settings: No changes found during synchronizing settings.
2026-01-06 02:54:00.112 [info] Keybindings: No changes found during synchronizing keybindings.
2026-01-06 02:54:00.114 [info] Snippets: No changes found during synchronizing snippets.
2026-01-06 02:54:00.115 [info] Tasks: No changes found during synchronizing tasks.
2026-01-06 02:54:00.117 [info] Mcp: No changes found during synchronizing mcp.
2026-01-06 02:54:00.121 [info] GlobalState: No changes found during synchronizing ui state.
2026-01-06 02:54:00.171 [info] Extensions: No changes found during synchronizing extensions.
2026-01-06 02:54:00.171 [info] Prompts: No changes found during synchronizing prompts.
2026-01-06 02:54:00.171 [info] Profiles: No changes found during synchronizing profiles.
2026-01-06 02:54:00.172 [info] Sync done. Took 236ms
2026-01-06 02:54:17.905 [info] [AutoSync] Triggered by Activity
2026-01-06 02:54:17.906 [info] Sync started.
2026-01-06 02:54:18.095 [info] Settings: No changes found during synchronizing settings.
2026-01-06 02:54:18.096 [info] Keybindings: No changes found during synchronizing keybindings.
2026-01-06 02:54:18.098 [info] Snippets: No changes found during synchronizing snippets.
2026-01-06 02:54:18.099 [info] Tasks: No changes found during synchronizing tasks.
2026-01-06 02:54:18.100 [info] Mcp: No changes found during synchronizing mcp.
2026-01-06 02:54:18.101 [info] GlobalState: No changes found during synchronizing ui state.
2026-01-06 02:54:18.127 [info] Extensions: No changes found during synchronizing extensions.
2026-01-06 02:54:18.128 [info] Prompts: No changes found during synchronizing prompts.
2026-01-06 02:54:18.128 [info] Profiles: No changes found during synchronizing profiles.
2026-01-06 02:54:18.128 [info] Sync done. Took 225ms
2026-01-06 02:54:38.331 [info] [AutoSync] Triggered by Activity
2026-01-06 02:54:38.331 [info] Sync started.
2026-01-06 02:54:38.508 [info] Settings: No changes found during synchronizing settings.
2026-01-06 02:54:38.512 [info] Keybindings: No changes found during synchronizing keybindings.
2026-01-06 02:54:38.514 [info] Snippets: No changes found during synchronizing snippets.
2026-01-06 02:54:38.515 [info] Tasks: No changes found during synchronizing tasks.
2026-01-06 02:54:38.516 [info] Mcp: No changes found during synchronizing mcp.
2026-01-06 02:54:38.519 [info] GlobalState: No changes found during synchronizing ui state.
2026-01-06 02:54:38.539 [info] Extensions: No changes found during synchronizing extensions.
2026-01-06 02:54:38.541 [info] Prompts: No changes found during synchronizing prompts.
2026-01-06 02:54:38.541 [info] Profiles: No changes found during synchronizing profiles.
2026-01-06 02:54:38.541 [info] Sync done. Took 212ms
2026-01-06 02:59:12.339 [info] [AutoSync] Triggered by Activity
2026-01-06 02:59:12.339 [info] Sync started.
2026-01-06 02:59:13.187 [info] Settings: No changes found during synchronizing settings.
2026-01-06 02:59:13.189 [info] Keybindings: No changes found during synchronizing keybindings.
2026-01-06 02:59:13.191 [info] Snippets: No changes found during synchronizing snippets.
2026-01-06 02:59:13.194 [info] Tasks: No changes found during synchronizing tasks.
2026-01-06 02:59:13.195 [info] Mcp: No changes found during synchronizing mcp.
2026-01-06 02:59:13.197 [info] GlobalState: No changes found during synchronizing ui state.
2026-01-06 02:59:13.220 [info] Extensions: No changes found during synchronizing extensions.
2026-01-06 02:59:13.221 [info] Prompts: No changes found during synchronizing prompts.
2026-01-06 02:59:13.221 [info] Profiles: No changes found during synchronizing profiles.
2026-01-06 02:59:13.222 [info] Sync done. Took 885ms
2026-01-06 02:59:55.679 [info] [AutoSync] Triggered by Activity
2026-01-06 02:59:55.680 [info] Sync started.
2026-01-06 02:59:55.874 [info] Settings: No changes found during synchronizing settings.
2026-01-06 02:59:55.877 [info] Keybindings: No changes found during synchronizing keybindings.
2026-01-06 02:59:55.879 [info] Snippets: No changes found during synchronizing snippets.
2026-01-06 02:59:55.881 [info] Tasks: No changes found during synchronizing tasks.
2026-01-06 02:59:55.882 [info] Mcp: No changes found during synchronizing mcp.
2026-01-06 02:59:55.884 [info] GlobalState: No changes found during synchronizing ui state.
2026-01-06 02:59:55.917 [info] Extensions: No changes found during synchronizing extensions.
2026-01-06 02:59:55.918 [info] Prompts: No changes found during synchronizing prompts.
2026-01-06 02:59:55.918 [info] Profiles: No changes found during synchronizing profiles.
2026-01-06 02:59:55.919 [info] Sync done. Took 241ms
2026-01-06 03:00:13.234 [info] [AutoSync] Triggered by Activity
2026-01-06 03:00:13.235 [info] Sync started.
2026-01-06 03:00:13.418 [info] Settings: No changes found during synchronizing settings.
2026-01-06 03:00:13.425 [info] Keybindings: No changes found during synchronizing keybindings.
2026-01-06 03:00:13.431 [info] Snippets: No changes found during synchronizing snippets.
2026-01-06 03:00:13.433 [info] Tasks: No changes found during synchronizing tasks.
2026-01-06 03:00:13.436 [info] Mcp: No changes found during synchronizing mcp.
2026-01-06 03:00:13.443 [info] GlobalState: No changes found during synchronizing ui state.
2026-01-06 03:00:13.485 [info] Extensions: No changes found during synchronizing extensions.
2026-01-06 03:00:13.486 [info] Prompts: No changes found during synchronizing prompts.
2026-01-06 03:00:13.487 [info] Profiles: No changes found during synchronizing profiles.
2026-01-06 03:00:13.487 [info] Sync done. Took 255ms
2026-01-06 03:00:37.335 [info] [AutoSync] Triggered by Activity
2026-01-06 03:00:37.335 [info] Sync started.
2026-01-06 03:00:37.557 [info] Settings: No changes found during synchronizing settings.
2026-01-06 03:00:37.558 [info] Keybindings: No changes found during synchronizing keybindings.
2026-01-06 03:00:37.559 [info] Snippets: No changes found during synchronizing snippets.
2026-01-06 03:00:37.560 [info] Tasks: No changes found during synchronizing tasks.
2026-01-06 03:00:37.560 [info] Mcp: No changes found during synchronizing mcp.
2026-01-06 03:00:37.562 [info] GlobalState: No changes found during synchronizing ui state.
2026-01-06 03:00:37.586 [info] Extensions: No changes found during synchronizing extensions.
2026-01-06 03:00:37.587 [info] Prompts: No changes found during synchronizing prompts.
2026-01-06 03:00:37.587 [info] Profiles: No changes found during synchronizing profiles.
2026-01-06 03:00:37.588 [info] Sync done. Took 253ms
2026-01-06 03:00:57.407 [info] [AutoSync] Triggered by Activity
2026-01-06 03:00:57.407 [info] Sync started.
2026-01-06 03:00:57.597 [info] Settings: No changes found during synchronizing settings.
2026-01-06 03:00:57.601 [info] Keybindings: No changes found during synchronizing keybindings.
2026-01-06 03:00:57.603 [info] Snippets: No changes found during synchronizing snippets.
2026-01-06 03:00:57.604 [info] Tasks: No changes found during synchronizing tasks.
2026-01-06 03:00:57.605 [info] Mcp: No changes found during synchronizing mcp.
2026-01-06 03:00:57.607 [info] GlobalState: No changes found during synchronizing ui state.
2026-01-06 03:00:57.632 [info] Extensions: No changes found during synchronizing extensions.
2026-01-06 03:00:57.632 [info] Prompts: No changes found during synchronizing prompts.
2026-01-06 03:00:57.633 [info] Profiles: No changes found during synchronizing profiles.
2026-01-06 03:00:57.633 [info] Sync done. Took 228ms
2026-01-06 03:01:23.522 [info] [AutoSync] Triggered by Activity
2026-01-06 03:01:23.522 [info] Sync started.
2026-01-06 03:01:23.744 [info] Settings: No changes found during synchronizing settings.
2026-01-06 03:01:23.748 [info] Keybindings: No changes found during synchronizing keybindings.
2026-01-06 03:01:23.752 [info] Snippets: No changes found during synchronizing snippets.
2026-01-06 03:01:23.755 [info] Tasks: No changes found during synchronizing tasks.
2026-01-06 03:01:23.758 [info] Mcp: No changes found during synchronizing mcp.
2026-01-06 03:01:23.766 [info] GlobalState: No changes found during synchronizing ui state.
2026-01-06 03:01:23.797 [info] Extensions: No changes found during synchronizing extensions.
2026-01-06 03:01:23.798 [info] Prompts: No changes found during synchronizing prompts.
2026-01-06 03:01:23.798 [info] Profiles: No changes found during synchronizing profiles.
2026-01-06 03:01:23.799 [info] Sync done. Took 278ms
2026-01-06 03:01:52.530 [info] [AutoSync] Triggered by Activity
2026-01-06 03:01:52.530 [info] Sync started.
2026-01-06 03:01:52.733 [info] Settings: No changes found during synchronizing settings.
2026-01-06 03:01:52.735 [info] Keybindings: No changes found during synchronizing keybindings.
2026-01-06 03:01:52.736 [info] Snippets: No changes found during synchronizing snippets.
2026-01-06 03:01:52.737 [info] Tasks: No changes found during synchronizing tasks.
2026-01-06 03:01:52.738 [info] Mcp: No changes found during synchronizing mcp.
2026-01-06 03:01:52.739 [info] GlobalState: No changes found during synchronizing ui state.
2026-01-06 03:01:52.770 [info] Extensions: No changes found during synchronizing extensions.
2026-01-06 03:01:52.771 [info] Prompts: No changes found during synchronizing prompts.
2026-01-06 03:01:52.771 [info] Profiles: No changes found during synchronizing profiles.
2026-01-06 03:01:52.771 [info] Sync done. Took 242ms
2026-01-06 03:02:18.974 [info] [AutoSync] Triggered by Activity
2026-01-06 03:02:18.975 [info] Sync started.
2026-01-06 03:02:19.188 [info] Settings: No changes found during synchronizing settings.
2026-01-06 03:02:19.190 [info] Keybindings: No changes found during synchronizing keybindings.
2026-01-06 03:02:19.192 [info] Snippets: No changes found during synchronizing snippets.
2026-01-06 03:02:19.194 [info] Tasks: No changes found during synchronizing tasks.
2026-01-06 03:02:19.195 [info] Mcp: No changes found during synchronizing mcp.
2026-01-06 03:02:19.199 [info] GlobalState: No changes found during synchronizing ui state.
2026-01-06 03:02:19.224 [info] Extensions: No changes found during synchronizing extensions.
2026-01-06 03:02:19.224 [info] Prompts: No changes found during synchronizing prompts.
2026-01-06 03:02:19.225 [info] Profiles: No changes found during synchronizing profiles.
2026-01-06 03:02:19.225 [info] Sync done. Took 253ms
2026-01-06 03:02:37.032 [info] [AutoSync] Triggered by Activity
2026-01-06 03:02:37.033 [info] Sync started.
2026-01-06 03:02:37.252 [info] Settings: No changes found during synchronizing settings.
2026-01-06 03:02:37.254 [info] Keybindings: No changes found during synchronizing keybindings.
2026-01-06 03:02:37.255 [info] Snippets: No changes found during synchronizing snippets.
2026-01-06 03:02:37.256 [info] Tasks: No changes found during synchronizing tasks.
2026-01-06 03:02:37.257 [info] Mcp: No changes found during synchronizing mcp.
2026-01-06 03:02:37.259 [info] GlobalState: No changes found during synchronizing ui state.
2026-01-06 03:02:37.286 [info] Extensions: No changes found during synchronizing extensions.
2026-01-06 03:02:37.287 [info] Prompts: No changes found during synchronizing prompts.
2026-01-06 03:02:37.287 [info] Profiles: No changes found during synchronizing profiles.
2026-01-06 03:02:37.288 [info] Sync done. Took 258ms
2026-01-06 03:06:20.333 [info] [AutoSync] Triggered by Activity
2026-01-06 03:06:20.334 [info] Sync started.
2026-01-06 03:06:21.149 [info] Settings: No changes found during synchronizing settings.
2026-01-06 03:06:21.151 [info] Keybindings: No changes found during synchronizing keybindings.
2026-01-06 03:06:21.153 [info] Snippets: No changes found during synchronizing snippets.
2026-01-06 03:06:21.155 [info] Tasks: No changes found during synchronizing tasks.
2026-01-06 03:06:21.156 [info] Mcp: No changes found during synchronizing mcp.
2026-01-06 03:06:21.158 [info] GlobalState: No changes found during synchronizing ui state.
2026-01-06 03:06:21.181 [info] Extensions: No changes found during synchronizing extensions.
2026-01-06 03:06:21.183 [info] Prompts: No changes found during synchronizing prompts.
2026-01-06 03:06:21.183 [info] Profiles: No changes found during synchronizing profiles.
2026-01-06 03:06:21.184 [info] Sync done. Took 853ms
2026-01-06 03:06:38.754 [info] [AutoSync] Triggered by Activity
2026-01-06 03:06:38.754 [info] Sync started.
2026-01-06 03:06:38.935 [info] Settings: No changes found during synchronizing settings.
2026-01-06 03:06:38.937 [info] Keybindings: No changes found during synchronizing keybindings.
2026-01-06 03:06:38.938 [info] Snippets: No changes found during synchronizing snippets.
2026-01-06 03:06:38.940 [info] Tasks: No changes found during synchronizing tasks.
2026-01-06 03:06:38.941 [info] Mcp: No changes found during synchronizing mcp.
2026-01-06 03:06:38.943 [info] GlobalState: No changes found during synchronizing ui state.
2026-01-06 03:06:38.964 [info] Extensions: No changes found during synchronizing extensions.
2026-01-06 03:06:38.965 [info] Prompts: No changes found during synchronizing prompts.
2026-01-06 03:06:38.966 [info] Profiles: No changes found during synchronizing profiles.
2026-01-06 03:06:38.966 [info] Sync done. Took 214ms
2026-01-06 03:07:07.041 [info] [AutoSync] Triggered by Activity
2026-01-06 03:07:07.042 [info] Sync started.
2026-01-06 03:07:07.265 [info] Settings: No changes found during synchronizing settings.
2026-01-06 03:07:07.267 [info] Keybindings: No changes found during synchronizing keybindings.
2026-01-06 03:07:07.270 [info] Snippets: No changes found during synchronizing snippets.
2026-01-06 03:07:07.271 [info] Tasks: No changes found during synchronizing tasks.
2026-01-06 03:07:07.271 [info] Mcp: No changes found during synchronizing mcp.
2026-01-06 03:07:07.273 [info] GlobalState: No changes found during synchronizing ui state.
2026-01-06 03:07:07.296 [info] Extensions: No changes found during synchronizing extensions.
2026-01-06 03:07:07.296 [info] Prompts: No changes found during synchronizing prompts.
2026-01-06 03:07:07.297 [info] Profiles: No changes found during synchronizing profiles.
2026-01-06 03:07:07.297 [info] Sync done. Took 259ms
2026-01-06 03:07:20.082 [info] [AutoSync] Triggered by Activity
2026-01-06 03:07:20.083 [info] Sync started.
2026-01-06 03:07:20.255 [info] Settings: No changes found during synchronizing settings.
2026-01-06 03:07:20.257 [info] Keybindings: No changes found during synchronizing keybindings.
2026-01-06 03:07:20.259 [info] Snippets: No changes found during synchronizing snippets.
2026-01-06 03:07:20.260 [info] Tasks: No changes found during synchronizing tasks.
2026-01-06 03:07:20.261 [info] Mcp: No changes found during synchronizing mcp.
2026-01-06 03:07:20.263 [info] GlobalState: No changes found during synchronizing ui state.
2026-01-06 03:07:20.291 [info] Extensions: No changes found during synchronizing extensions.
2026-01-06 03:07:20.292 [info] Prompts: No changes found during synchronizing prompts.
2026-01-06 03:07:20.292 [info] Profiles: No changes found during synchronizing profiles.
2026-01-06 03:07:20.293 [info] Sync done. Took 214ms
2026-01-06 03:07:36.603 [info] [AutoSync] Triggered by Activity
2026-01-06 03:07:36.604 [info] Sync started.
2026-01-06 03:07:36.788 [info] Settings: No changes found during synchronizing settings.
2026-01-06 03:07:36.791 [info] Keybindings: No changes found during synchronizing keybindings.
2026-01-06 03:07:36.793 [info] Snippets: No changes found during synchronizing snippets.
2026-01-06 03:07:36.794 [info] Tasks: No changes found during synchronizing tasks.
2026-01-06 03:07:36.797 [info] Mcp: No changes found during synchronizing mcp.
2026-01-06 03:07:36.800 [info] GlobalState: No changes found during synchronizing ui state.
2026-01-06 03:07:36.821 [info] Extensions: No changes found during synchronizing extensions.
2026-01-06 03:07:36.823 [info] Prompts: No changes found during synchronizing prompts.
2026-01-06 03:07:36.823 [info] Profiles: No changes found during synchronizing profiles.
2026-01-06 03:07:36.823 [info] Sync done. Took 221ms
2026-01-06 03:08:29.085 [info] [AutoSync] Triggered by Activity
2026-01-06 03:08:29.086 [info] Sync started.
2026-01-06 03:08:29.270 [info] Settings: No changes found during synchronizing settings.
2026-01-06 03:08:29.271 [info] Keybindings: No changes found during synchronizing keybindings.
2026-01-06 03:08:29.272 [info] Snippets: No changes found during synchronizing snippets.
2026-01-06 03:08:29.273 [info] Tasks: No changes found during synchronizing tasks.
2026-01-06 03:08:29.275 [info] Mcp: No changes found during synchronizing mcp.
2026-01-06 03:08:29.276 [info] GlobalState: No changes found during synchronizing ui state.
2026-01-06 03:08:29.301 [info] Extensions: No changes found during synchronizing extensions.
2026-01-06 03:08:29.302 [info] Prompts: No changes found during synchronizing prompts.
2026-01-06 03:08:29.302 [info] Profiles: No changes found during synchronizing profiles.
2026-01-06 03:08:29.303 [info] Sync done. Took 220ms
2026-01-06 03:13:29.306 [info] [AutoSync] Triggered by Interval
2026-01-06 03:13:29.307 [info] Sync started.
2026-01-06 03:13:30.115 [info] Settings: No changes found during synchronizing settings.
2026-01-06 03:13:30.118 [info] Keybindings: No changes found during synchronizing keybindings.
2026-01-06 03:13:30.120 [info] Snippets: No changes found during synchronizing snippets.
2026-01-06 03:13:30.121 [info] Tasks: No changes found during synchronizing tasks.
2026-01-06 03:13:30.122 [info] Mcp: No changes found during synchronizing mcp.
2026-01-06 03:13:30.123 [info] GlobalState: No changes found during synchronizing ui state.
2026-01-06 03:13:30.146 [info] Extensions: No changes found during synchronizing extensions.
2026-01-06 03:13:30.147 [info] Prompts: No changes found during synchronizing prompts.
2026-01-06 03:13:30.148 [info] Profiles: No changes found during synchronizing profiles.
2026-01-06 03:13:30.148 [info] Sync done. Took 844ms
2026-01-06 03:15:08.032 [info] [AutoSync] Triggered by Activity
2026-01-06 03:15:08.032 [info] Sync started.
2026-01-06 03:15:08.216 [info] Settings: No changes found during synchronizing settings.
2026-01-06 03:15:08.218 [info] Keybindings: No changes found during synchronizing keybindings.
2026-01-06 03:15:08.219 [info] Snippets: No changes found during synchronizing snippets.
2026-01-06 03:15:08.220 [info] Tasks: No changes found during synchronizing tasks.
2026-01-06 03:15:08.221 [info] Mcp: No changes found during synchronizing mcp.
2026-01-06 03:15:08.222 [info] GlobalState: No changes found during synchronizing ui state.
2026-01-06 03:15:08.245 [info] Extensions: No changes found during synchronizing extensions.
2026-01-06 03:15:08.247 [info] Prompts: No changes found during synchronizing prompts.
2026-01-06 03:15:08.247 [info] Profiles: No changes found during synchronizing profiles.
2026-01-06 03:15:08.248 [info] Sync done. Took 218ms
2026-01-06 03:15:18.753 [info] [AutoSync] Triggered by Activity
2026-01-06 03:15:18.754 [info] Sync started.
2026-01-06 03:15:18.952 [info] Settings: No changes found during synchronizing settings.
2026-01-06 03:15:18.953 [info] Keybindings: No changes found during synchronizing keybindings.
2026-01-06 03:15:18.954 [info] Snippets: No changes found during synchronizing snippets.
2026-01-06 03:15:18.955 [info] Tasks: No changes found during synchronizing tasks.
2026-01-06 03:15:18.956 [info] Mcp: No changes found during synchronizing mcp.
2026-01-06 03:15:18.958 [info] GlobalState: No changes found during synchronizing ui state.
2026-01-06 03:15:18.982 [info] Extensions: No changes found during synchronizing extensions.
2026-01-06 03:15:18.982 [info] Prompts: No changes found during synchronizing prompts.
2026-01-06 03:15:18.983 [info] Profiles: No changes found during synchronizing profiles.
2026-01-06 03:15:18.983 [info] Sync done. Took 232ms
2026-01-06 03:15:36.180 [info] [AutoSync] Triggered by Activity
2026-01-06 03:15:36.180 [info] Sync started.
2026-01-06 03:15:36.369 [info] Settings: No changes found during synchronizing settings.
2026-01-06 03:15:36.371 [info] Keybindings: No changes found during synchronizing keybindings.
2026-01-06 03:15:36.374 [info] Snippets: No changes found during synchronizing snippets.
2026-01-06 03:15:36.375 [info] Tasks: No changes found during synchronizing tasks.
2026-01-06 03:15:36.375 [info] Mcp: No changes found during synchronizing mcp.
2026-01-06 03:15:36.377 [info] GlobalState: No changes found during synchronizing ui state.
2026-01-06 03:15:36.400 [info] Extensions: No changes found during synchronizing extensions.
2026-01-06 03:15:36.401 [info] Prompts: No changes found during synchronizing prompts.
2026-01-06 03:15:36.401 [info] Profiles: No changes found during synchronizing profiles.
2026-01-06 03:15:36.402 [info] Sync done. Took 224ms
2026-01-06 03:16:49.304 [info] [AutoSync] Triggered by Activity
2026-01-06 03:16:49.304 [info] Sync started.
2026-01-06 03:16:49.507 [info] Settings: No changes found during synchronizing settings.
2026-01-06 03:16:49.508 [info] Keybindings: No changes found during synchronizing keybindings.
2026-01-06 03:16:49.511 [info] Snippets: No changes found during synchronizing snippets.
2026-01-06 03:16:49.512 [info] Tasks: No changes found during synchronizing tasks.
2026-01-06 03:16:49.513 [info] Mcp: No changes found during synchronizing mcp.
2026-01-06 03:16:49.515 [info] GlobalState: No changes found during synchronizing ui state.
2026-01-06 03:16:49.538 [info] Extensions: No changes found during synchronizing extensions.
2026-01-06 03:16:49.539 [info] Prompts: No changes found during synchronizing prompts.
2026-01-06 03:16:49.539 [info] Profiles: No changes found during synchronizing profiles.
2026-01-06 03:16:49.540 [info] Sync done. Took 236ms
2026-01-06 03:17:12.664 [info] [AutoSync] Triggered by Activity
2026-01-06 03:17:12.664 [info] Sync started.
2026-01-06 03:17:12.866 [info] Settings: No changes found during synchronizing settings.
2026-01-06 03:17:12.870 [info] Keybindings: No changes found during synchronizing keybindings.
2026-01-06 03:17:12.873 [info] Snippets: No changes found during synchronizing snippets.
2026-01-06 03:17:12.874 [info] Tasks: No changes found during synchronizing tasks.
2026-01-06 03:17:12.875 [info] Mcp: No changes found during synchronizing mcp.
2026-01-06 03:17:12.876 [info] GlobalState: No changes found during synchronizing ui state.
2026-01-06 03:17:12.900 [info] Extensions: No changes found during synchronizing extensions.
2026-01-06 03:17:12.901 [info] Prompts: No changes found during synchronizing prompts.
2026-01-06 03:17:12.901 [info] Profiles: No changes found during synchronizing profiles.
2026-01-06 03:17:12.902 [info] Sync done. Took 240ms
2026-01-06 03:17:26.472 [info] [AutoSync] Triggered by Activity
2026-01-06 03:17:26.472 [info] Sync started.
2026-01-06 03:17:26.641 [info] Settings: No changes found during synchronizing settings.
2026-01-06 03:17:26.643 [info] Keybindings: No changes found during synchronizing keybindings.
2026-01-06 03:17:26.644 [info] Snippets: No changes found during synchronizing snippets.
2026-01-06 03:17:26.645 [info] Tasks: No changes found during synchronizing tasks.
2026-01-06 03:17:26.646 [info] Mcp: No changes found during synchronizing mcp.
2026-01-06 03:17:26.648 [info] GlobalState: No changes found during synchronizing ui state.
2026-01-06 03:17:26.672 [info] Extensions: No changes found during synchronizing extensions.
2026-01-06 03:17:26.673 [info] Prompts: No changes found during synchronizing prompts.
2026-01-06 03:17:26.673 [info] Profiles: No changes found during synchronizing profiles.
2026-01-06 03:17:26.673 [info] Sync done. Took 205ms
2026-01-06 03:19:27.890 [info] [AutoSync] Triggered by Activity
2026-01-06 03:19:27.890 [info] Sync started.
2026-01-06 03:19:28.074 [info] Settings: No changes found during synchronizing settings.
2026-01-06 03:19:28.075 [info] Keybindings: No changes found during synchronizing keybindings.
2026-01-06 03:19:28.076 [info] Snippets: No changes found during synchronizing snippets.
2026-01-06 03:19:28.077 [info] Tasks: No changes found during synchronizing tasks.
2026-01-06 03:19:28.077 [info] Mcp: No changes found during synchronizing mcp.
2026-01-06 03:19:28.079 [info] GlobalState: No changes found during synchronizing ui state.
2026-01-06 03:19:28.103 [info] Extensions: No changes found during synchronizing extensions.
2026-01-06 03:19:28.104 [info] Prompts: No changes found during synchronizing prompts.
2026-01-06 03:19:28.104 [info] Profiles: No changes found during synchronizing profiles.
2026-01-06 03:19:28.105 [info] Sync done. Took 215ms
2026-01-06 03:19:46.492 [info] [AutoSync] Triggered by Activity
2026-01-06 03:19:46.492 [info] Sync started.
2026-01-06 03:19:46.694 [info] Settings: No changes found during synchronizing settings.
2026-01-06 03:19:46.699 [info] Keybindings: No changes found during synchronizing keybindings.
2026-01-06 03:19:46.708 [info] Snippets: No changes found during synchronizing snippets.
2026-01-06 03:19:46.712 [info] Tasks: No changes found during synchronizing tasks.
2026-01-06 03:19:46.715 [info] Mcp: No changes found during synchronizing mcp.
2026-01-06 03:19:46.719 [info] GlobalState: No changes found during synchronizing ui state.
2026-01-06 03:19:46.739 [info] Extensions: No changes found during synchronizing extensions.
2026-01-06 03:19:46.741 [info] Prompts: No changes found during synchronizing prompts.
2026-01-06 03:19:46.741 [info] Profiles: No changes found during synchronizing profiles.
2026-01-06 03:19:46.742 [info] Sync done. Took 251ms
2026-01-06 03:20:16.130 [info] [AutoSync] Triggered by Activity
2026-01-06 03:20:16.131 [info] Sync started.
2026-01-06 03:20:16.308 [info] Settings: No changes found during synchronizing settings.
2026-01-06 03:20:16.309 [info] Keybindings: No changes found during synchronizing keybindings.
2026-01-06 03:20:16.310 [info] Snippets: No changes found during synchronizing snippets.
2026-01-06 03:20:16.311 [info] Tasks: No changes found during synchronizing tasks.
2026-01-06 03:20:16.312 [info] Mcp: No changes found during synchronizing mcp.
2026-01-06 03:20:16.313 [info] GlobalState: No changes found during synchronizing ui state.
2026-01-06 03:20:16.339 [info] Extensions: No changes found during synchronizing extensions.
2026-01-06 03:20:16.340 [info] Prompts: No changes found during synchronizing prompts.
2026-01-06 03:20:16.341 [info] Profiles: No changes found during synchronizing profiles.
2026-01-06 03:20:16.341 [info] Sync done. Took 214ms
2026-01-06 03:21:10.236 [info] [AutoSync] Triggered by Activity
2026-01-06 03:21:10.237 [info] Sync started.
2026-01-06 03:21:10.463 [info] Settings: No changes found during synchronizing settings.
2026-01-06 03:21:10.467 [info] Keybindings: No changes found during synchronizing keybindings.
2026-01-06 03:21:10.470 [info] Snippets: No changes found during synchronizing snippets.
2026-01-06 03:21:10.472 [info] Tasks: No changes found during synchronizing tasks.
2026-01-06 03:21:10.474 [info] Mcp: No changes found during synchronizing mcp.
2026-01-06 03:21:10.477 [info] GlobalState: No changes found during synchronizing ui state.
2026-01-06 03:21:10.504 [info] Extensions: No changes found during synchronizing extensions.
2026-01-06 03:21:10.506 [info] Prompts: No changes found during synchronizing prompts.
2026-01-06 03:21:10.507 [info] Profiles: No changes found during synchronizing profiles.
2026-01-06 03:21:10.507 [info] Sync done. Took 274ms
2026-01-06 03:23:15.170 [info] [AutoSync] Triggered by Activity
2026-01-06 03:23:15.170 [info] Sync started.
2026-01-06 03:23:15.348 [info] Settings: No changes found during synchronizing settings.
2026-01-06 03:23:15.350 [info] Keybindings: No changes found during synchronizing keybindings.
2026-01-06 03:23:15.352 [info] Snippets: No changes found during synchronizing snippets.
2026-01-06 03:23:15.353 [info] Tasks: No changes found during synchronizing tasks.
2026-01-06 03:23:15.353 [info] Mcp: No changes found during synchronizing mcp.
2026-01-06 03:23:15.355 [info] GlobalState: No changes found during synchronizing ui state.
2026-01-06 03:23:15.378 [info] Extensions: No changes found during synchronizing extensions.
2026-01-06 03:23:15.379 [info] Prompts: No changes found during synchronizing prompts.
2026-01-06 03:23:15.379 [info] Profiles: No changes found during synchronizing profiles.
2026-01-06 03:23:15.380 [info] Sync done. Took 213ms
2026-01-06 03:25:15.935 [info] [AutoSync] Triggered by Activity
2026-01-06 03:25:15.935 [info] Sync started.
2026-01-06 03:25:16.123 [info] Settings: No changes found during synchronizing settings.
2026-01-06 03:25:16.125 [info] Keybindings: No changes found during synchronizing keybindings.
2026-01-06 03:25:16.126 [info] Snippets: No changes found during synchronizing snippets.
2026-01-06 03:25:16.127 [info] Tasks: No changes found during synchronizing tasks.
2026-01-06 03:25:16.128 [info] Mcp: No changes found during synchronizing mcp.
2026-01-06 03:25:16.129 [info] GlobalState: No changes found during synchronizing ui state.
2026-01-06 03:25:16.158 [info] Extensions: No changes found during synchronizing extensions.
2026-01-06 03:25:16.160 [info] Prompts: No changes found during synchronizing prompts.
2026-01-06 03:25:16.160 [info] Profiles: No changes found during synchronizing profiles.
2026-01-06 03:25:16.160 [info] Sync done. Took 227ms
2026-01-06 03:26:09.727 [info] [AutoSync] Triggered by Activity
2026-01-06 03:26:09.727 [info] Sync started.
2026-01-06 03:26:09.901 [info] Settings: No changes found during synchronizing settings.
2026-01-06 03:26:09.904 [info] Keybindings: No changes found during synchronizing keybindings.
2026-01-06 03:26:09.908 [info] Snippets: No changes found during synchronizing snippets.
2026-01-06 03:26:09.911 [info] Tasks: No changes found during synchronizing tasks.
2026-01-06 03:26:09.914 [info] Mcp: No changes found during synchronizing mcp.
2026-01-06 03:26:09.917 [info] GlobalState: No changes found during synchronizing ui state.
2026-01-06 03:26:09.937 [info] Extensions: No changes found during synchronizing extensions.
2026-01-06 03:26:09.939 [info] Prompts: No changes found during synchronizing prompts.
2026-01-06 03:26:09.940 [info] Profiles: No changes found during synchronizing profiles.
2026-01-06 03:26:09.940 [info] Sync done. Took 216ms
2026-01-06 03:27:01.842 [info] [AutoSync] Triggered by Activity
2026-01-06 03:27:01.842 [info] Sync started.
2026-01-06 03:27:02.033 [info] Settings: No changes found during synchronizing settings.
2026-01-06 03:27:02.039 [info] Keybindings: No changes found during synchronizing keybindings.
2026-01-06 03:27:02.046 [info] Snippets: No changes found during synchronizing snippets.
2026-01-06 03:27:02.048 [info] Tasks: No changes found during synchronizing tasks.
2026-01-06 03:27:02.051 [info] Mcp: No changes found during synchronizing mcp.
2026-01-06 03:27:02.053 [info] GlobalState: No changes found during synchronizing ui state.
2026-01-06 03:27:02.083 [info] Extensions: No changes found during synchronizing extensions.
2026-01-06 03:27:02.083 [info] Prompts: No changes found during synchronizing prompts.
2026-01-06 03:27:02.084 [info] Profiles: No changes found during synchronizing profiles.
2026-01-06 03:27:02.084 [info] Sync done. Took 245ms
2026-01-06 03:32:02.110 [info] [AutoSync] Triggered by Interval
2026-01-06 03:32:02.111 [info] Sync started.
2026-01-06 03:32:03.691 [info] Settings: No changes found during synchronizing settings.
2026-01-06 03:32:03.695 [info] Keybindings: No changes found during synchronizing keybindings.
2026-01-06 03:32:03.700 [info] Snippets: No changes found during synchronizing snippets.
2026-01-06 03:32:03.701 [info] Tasks: No changes found during synchronizing tasks.
2026-01-06 03:32:03.703 [info] Mcp: No changes found during synchronizing mcp.
2026-01-06 03:32:03.706 [info] GlobalState: No changes found during synchronizing ui state.
2026-01-06 03:32:03.739 [info] Extensions: No changes found during synchronizing extensions.
2026-01-06 03:32:03.740 [info] Prompts: No changes found during synchronizing prompts.
2026-01-06 03:32:03.741 [info] Profiles: No changes found during synchronizing profiles.
2026-01-06 03:32:03.741 [info] Sync done. Took 1633ms
2026-01-06 03:37:03.768 [info] [AutoSync] Triggered by Interval
2026-01-06 03:37:03.768 [info] Sync started.
2026-01-06 03:37:04.638 [info] Settings: No changes found during synchronizing settings.
2026-01-06 03:37:04.640 [info] Keybindings: No changes found during synchronizing keybindings.
2026-01-06 03:37:04.643 [info] Snippets: No changes found during synchronizing snippets.
2026-01-06 03:37:04.645 [info] Tasks: No changes found during synchronizing tasks.
2026-01-06 03:37:04.647 [info] Mcp: No changes found during synchronizing mcp.
2026-01-06 03:37:04.650 [info] GlobalState: No changes found during synchronizing ui state.
2026-01-06 03:37:04.676 [info] Extensions: No changes found during synchronizing extensions.
2026-01-06 03:37:04.676 [info] Prompts: No changes found during synchronizing prompts.
2026-01-06 03:37:04.677 [info] Profiles: No changes found during synchronizing profiles.
2026-01-06 03:37:04.677 [info] Sync done. Took 911ms
2026-01-06 03:42:04.695 [info] [AutoSync] Triggered by Interval
2026-01-06 03:42:04.695 [info] Sync started.
2026-01-06 03:42:05.495 [info] Settings: No changes found during synchronizing settings.
2026-01-06 03:42:05.498 [info] Keybindings: No changes found during synchronizing keybindings.
2026-01-06 03:42:05.500 [info] Snippets: No changes found during synchronizing snippets.
2026-01-06 03:42:05.501 [info] Tasks: No changes found during synchronizing tasks.
2026-01-06 03:42:05.502 [info] Mcp: No changes found during synchronizing mcp.
2026-01-06 03:42:05.504 [info] GlobalState: No changes found during synchronizing ui state.
2026-01-06 03:42:05.526 [info] Extensions: No changes found during synchronizing extensions.
2026-01-06 03:42:05.527 [info] Prompts: No changes found during synchronizing prompts.
2026-01-06 03:42:05.527 [info] Profiles: No changes found during synchronizing profiles.
2026-01-06 03:42:05.528 [info] Sync done. Took 836ms
2026-01-06 03:47:05.557 [info] [AutoSync] Triggered by Interval
2026-01-06 03:47:05.558 [info] Sync started.
2026-01-06 03:47:06.466 [info] Settings: No changes found during synchronizing settings.
2026-01-06 03:47:06.468 [info] Keybindings: No changes found during synchronizing keybindings.
2026-01-06 03:47:06.470 [info] Snippets: No changes found during synchronizing snippets.
2026-01-06 03:47:06.471 [info] Tasks: No changes found during synchronizing tasks.
2026-01-06 03:47:06.472 [info] Mcp: No changes found during synchronizing mcp.
2026-01-06 03:47:06.473 [info] GlobalState: No changes found during synchronizing ui state.
2026-01-06 03:47:06.496 [info] Extensions: No changes found during synchronizing extensions.
2026-01-06 03:47:06.496 [info] Prompts: No changes found during synchronizing prompts.
2026-01-06 03:47:06.497 [info] Profiles: No changes found during synchronizing profiles.
2026-01-06 03:47:06.497 [info] Sync done. Took 942ms
2026-01-06 03:52:06.525 [info] [AutoSync] Triggered by Interval
2026-01-06 03:52:06.525 [info] Sync started.
2026-01-06 03:52:07.383 [info] Settings: No changes found during synchronizing settings.
2026-01-06 03:52:07.385 [info] Keybindings: No changes found during synchronizing keybindings.
2026-01-06 03:52:07.388 [info] Snippets: No changes found during synchronizing snippets.
2026-01-06 03:52:07.389 [info] Tasks: No changes found during synchronizing tasks.
2026-01-06 03:52:07.391 [info] Mcp: No changes found during synchronizing mcp.
2026-01-06 03:52:07.393 [info] GlobalState: No changes found during synchronizing ui state.
2026-01-06 03:52:07.423 [info] Extensions: No changes found during synchronizing extensions.
2026-01-06 03:52:07.424 [info] Prompts: No changes found during synchronizing prompts.
2026-01-06 03:52:07.424 [info] Profiles: No changes found during synchronizing profiles.
2026-01-06 03:52:07.424 [info] Sync done. Took 902ms
2026-01-06 03:57:07.456 [info] [AutoSync] Triggered by Interval
2026-01-06 03:57:07.456 [info] Sync started.
2026-01-06 03:57:09.092 [info] Settings: No changes found during synchronizing settings.
2026-01-06 03:57:09.093 [info] Keybindings: No changes found during synchronizing keybindings.
2026-01-06 03:57:09.095 [info] Snippets: No changes found during synchronizing snippets.
2026-01-06 03:57:09.096 [info] Tasks: No changes found during synchronizing tasks.
2026-01-06 03:57:09.097 [info] Mcp: No changes found during synchronizing mcp.
2026-01-06 03:57:09.101 [info] GlobalState: No changes found during synchronizing ui state.
2026-01-06 03:57:09.127 [info] Extensions: No changes found during synchronizing extensions.
2026-01-06 03:57:09.128 [info] Prompts: No changes found during synchronizing prompts.
2026-01-06 03:57:09.128 [info] Profiles: No changes found during synchronizing profiles.
2026-01-06 03:57:09.129 [info] Sync done. Took 1675ms
2026-01-06 04:02:09.161 [info] [AutoSync] Triggered by Interval
2026-01-06 04:02:09.161 [info] Sync started.
2026-01-06 04:02:09.974 [info] Settings: No changes found during synchronizing settings.
2026-01-06 04:02:09.975 [info] Keybindings: No changes found during synchronizing keybindings.
2026-01-06 04:02:09.977 [info] Snippets: No changes found during synchronizing snippets.
2026-01-06 04:02:09.978 [info] Tasks: No changes found during synchronizing tasks.
2026-01-06 04:02:09.979 [info] Mcp: No changes found during synchronizing mcp.
2026-01-06 04:02:09.980 [info] GlobalState: No changes found during synchronizing ui state.
2026-01-06 04:02:09.999 [info] Extensions: No changes found during synchronizing extensions.
2026-01-06 04:02:10.000 [info] Prompts: No changes found during synchronizing prompts.
2026-01-06 04:02:10.001 [info] Profiles: No changes found during synchronizing profiles.
2026-01-06 04:02:10.002 [info] Sync done. Took 844ms
2026-01-06 04:07:10.037 [info] [AutoSync] Triggered by Interval
2026-01-06 04:07:10.037 [info] Sync started.
2026-01-06 04:07:21.206 [info] Settings: No changes found during synchronizing settings.
2026-01-06 04:07:21.208 [info] Keybindings: No changes found during synchronizing keybindings.
2026-01-06 04:07:21.211 [info] Snippets: No changes found during synchronizing snippets.
2026-01-06 04:07:21.212 [info] Tasks: No changes found during synchronizing tasks.
2026-01-06 04:07:21.214 [info] Mcp: No changes found during synchronizing mcp.
2026-01-06 04:07:21.217 [info] GlobalState: No changes found during synchronizing ui state.
2026-01-06 04:07:21.260 [info] Extensions: No changes found during synchronizing extensions.
2026-01-06 04:07:21.260 [info] Prompts: No changes found during synchronizing prompts.
2026-01-06 04:07:21.261 [info] Profiles: No changes found during synchronizing profiles.
2026-01-06 04:07:21.261 [info] Sync done. Took 11228ms
2026-01-06 04:12:21.289 [info] [AutoSync] Triggered by Interval
2026-01-06 04:12:21.289 [info] Sync started.
2026-01-06 04:12:22.125 [info] Settings: No changes found during synchronizing settings.
2026-01-06 04:12:22.130 [info] Keybindings: No changes found during synchronizing keybindings.
2026-01-06 04:12:22.132 [info] Snippets: No changes found during synchronizing snippets.
2026-01-06 04:12:22.133 [info] Tasks: No changes found during synchronizing tasks.
2026-01-06 04:12:22.135 [info] Mcp: No changes found during synchronizing mcp.
2026-01-06 04:12:22.138 [info] GlobalState: No changes found during synchronizing ui state.
2026-01-06 04:12:22.168 [info] Extensions: No changes found during synchronizing extensions.
2026-01-06 04:12:22.168 [info] Prompts: No changes found during synchronizing prompts.
2026-01-06 04:12:22.169 [info] Profiles: No changes found during synchronizing profiles.
2026-01-06 04:12:22.169 [info] Sync done. Took 883ms
2026-01-06 04:17:22.185 [info] [AutoSync] Triggered by Interval
2026-01-06 04:17:22.185 [info] Sync started.
2026-01-06 04:17:22.980 [info] Settings: No changes found during synchronizing settings.
2026-01-06 04:17:22.981 [info] Keybindings: No changes found during synchronizing keybindings.
2026-01-06 04:17:22.983 [info] Snippets: No changes found during synchronizing snippets.
2026-01-06 04:17:22.985 [info] Tasks: No changes found during synchronizing tasks.
2026-01-06 04:17:22.988 [info] Mcp: No changes found during synchronizing mcp.
2026-01-06 04:17:22.991 [info] GlobalState: No changes found during synchronizing ui state.
2026-01-06 04:17:23.015 [info] Extensions: No changes found during synchronizing extensions.
2026-01-06 04:17:23.017 [info] Prompts: No changes found during synchronizing prompts.
2026-01-06 04:17:23.018 [info] Profiles: No changes found during synchronizing profiles.
2026-01-06 04:17:23.019 [info] Sync done. Took 837ms
2026-01-06 04:22:23.065 [info] [AutoSync] Triggered by Interval
2026-01-06 04:22:23.066 [info] Sync started.
2026-01-06 04:22:23.889 [info] Settings: No changes found during synchronizing settings.
2026-01-06 04:22:23.891 [info] Keybindings: No changes found during synchronizing keybindings.
2026-01-06 04:22:23.893 [info] Snippets: No changes found during synchronizing snippets.
2026-01-06 04:22:23.894 [info] Tasks: No changes found during synchronizing tasks.
2026-01-06 04:22:23.896 [info] Mcp: No changes found during synchronizing mcp.
2026-01-06 04:22:23.900 [info] GlobalState: No changes found during synchronizing ui state.
2026-01-06 04:22:23.930 [info] Extensions: No changes found during synchronizing extensions.
2026-01-06 04:22:23.931 [info] Prompts: No changes found during synchronizing prompts.
2026-01-06 04:22:23.931 [info] Profiles: No changes found during synchronizing profiles.
2026-01-06 04:22:23.932 [info] Sync done. Took 869ms
2026-01-06 04:27:23.978 [info] [AutoSync] Triggered by Interval
2026-01-06 04:27:23.978 [info] Sync started.
2026-01-06 04:27:24.803 [info] Settings: No changes found during synchronizing settings.
2026-01-06 04:27:24.807 [info] Keybindings: No changes found during synchronizing keybindings.
2026-01-06 04:27:24.810 [info] Snippets: No changes found during synchronizing snippets.
2026-01-06 04:27:24.812 [info] Tasks: No changes found during synchronizing tasks.
2026-01-06 04:27:24.814 [info] Mcp: No changes found during synchronizing mcp.
2026-01-06 04:27:24.816 [info] GlobalState: No changes found during synchronizing ui state.
2026-01-06 04:27:24.839 [info] Extensions: No changes found during synchronizing extensions.
2026-01-06 04:27:24.840 [info] Prompts: No changes found during synchronizing prompts.
2026-01-06 04:27:24.841 [info] Profiles: No changes found during synchronizing profiles.
2026-01-06 04:27:24.841 [info] Sync done. Took 864ms
2026-01-06 04:32:24.853 [info] [AutoSync] Triggered by Interval
2026-01-06 04:32:24.853 [info] Sync started.
2026-01-06 04:32:25.731 [info] Settings: No changes found during synchronizing settings.
2026-01-06 04:32:25.733 [info] Keybindings: No changes found during synchronizing keybindings.
2026-01-06 04:32:25.734 [info] Snippets: No changes found during synchronizing snippets.
2026-01-06 04:32:25.735 [info] Tasks: No changes found during synchronizing tasks.
2026-01-06 04:32:25.736 [info] Mcp: No changes found during synchronizing mcp.
2026-01-06 04:32:25.738 [info] GlobalState: No changes found during synchronizing ui state.
2026-01-06 04:32:25.769 [info] Extensions: No changes found during synchronizing extensions.
2026-01-06 04:32:25.772 [info] Prompts: No changes found during synchronizing prompts.
2026-01-06 04:32:25.773 [info] Profiles: No changes found during synchronizing profiles.
2026-01-06 04:32:25.773 [info] Sync done. Took 922ms
2026-01-06 04:37:25.820 [info] [AutoSync] Triggered by Interval
2026-01-06 04:37:25.821 [info] Sync started.
2026-01-06 04:37:26.647 [info] Settings: No changes found during synchronizing settings.
2026-01-06 04:37:26.649 [info] Keybindings: No changes found during synchronizing keybindings.
2026-01-06 04:37:26.651 [info] Snippets: No changes found during synchronizing snippets.
2026-01-06 04:37:26.653 [info] Tasks: No changes found during synchronizing tasks.
2026-01-06 04:37:26.654 [info] Mcp: No changes found during synchronizing mcp.
2026-01-06 04:37:26.655 [info] GlobalState: No changes found during synchronizing ui state.
2026-01-06 04:37:26.675 [info] Extensions: No changes found during synchronizing extensions.
2026-01-06 04:37:26.676 [info] Prompts: No changes found during synchronizing prompts.
2026-01-06 04:37:26.676 [info] Profiles: No changes found during synchronizing profiles.
2026-01-06 04:37:26.677 [info] Sync done. Took 858ms
2026-01-06 04:42:26.726 [info] [AutoSync] Triggered by Interval
2026-01-06 04:42:26.727 [info] Sync started.
2026-01-06 04:42:27.546 [info] Settings: No changes found during synchronizing settings.
2026-01-06 04:42:27.547 [info] Keybindings: No changes found during synchronizing keybindings.
2026-01-06 04:42:27.549 [info] Snippets: No changes found during synchronizing snippets.
2026-01-06 04:42:27.550 [info] Tasks: No changes found during synchronizing tasks.
2026-01-06 04:42:27.551 [info] Mcp: No changes found during synchronizing mcp.
2026-01-06 04:42:27.553 [info] GlobalState: No changes found during synchronizing ui state.
2026-01-06 04:42:27.588 [info] Extensions: No changes found during synchronizing extensions.
2026-01-06 04:42:27.589 [info] Prompts: No changes found during synchronizing prompts.
2026-01-06 04:42:27.589 [info] Profiles: No changes found during synchronizing profiles.
2026-01-06 04:42:27.590 [info] Sync done. Took 866ms
2026-01-06 04:44:16.313 [info] [AutoSync] Triggered by Activity
2026-01-06 04:44:16.317 [info] Sync started.
2026-01-06 04:44:16.573 [info] Settings: No changes found during synchronizing settings.
2026-01-06 04:44:16.575 [info] Keybindings: No changes found during synchronizing keybindings.
2026-01-06 04:44:16.577 [info] Snippets: No changes found during synchronizing snippets.
2026-01-06 04:44:16.578 [info] Tasks: No changes found during synchronizing tasks.
2026-01-06 04:44:16.580 [info] Mcp: No changes found during synchronizing mcp.
2026-01-06 04:44:16.582 [info] GlobalState: No changes found during synchronizing ui state.
2026-01-06 04:44:16.622 [info] Extensions: No changes found during synchronizing extensions.
2026-01-06 04:44:16.630 [info] Prompts: No changes found during synchronizing prompts.
2026-01-06 04:44:16.630 [info] Profiles: No changes found during synchronizing profiles.
2026-01-06 04:44:16.631 [info] Sync done. Took 320ms
2026-01-06 04:45:24.344 [info] [AutoSync] Triggered by Activity
2026-01-06 04:45:24.345 [info] Sync started.
2026-01-06 04:45:24.520 [info] Settings: No changes found during synchronizing settings.
2026-01-06 04:45:24.521 [info] Keybindings: No changes found during synchronizing keybindings.
2026-01-06 04:45:24.522 [info] Snippets: No changes found during synchronizing snippets.
2026-01-06 04:45:24.522 [info] Tasks: No changes found during synchronizing tasks.
2026-01-06 04:45:24.523 [info] Mcp: No changes found during synchronizing mcp.
2026-01-06 04:45:24.524 [info] GlobalState: No changes found during synchronizing ui state.
2026-01-06 04:45:24.562 [info] Extensions: No changes found during synchronizing extensions.
2026-01-06 04:45:24.566 [info] Prompts: No changes found during synchronizing prompts.
2026-01-06 04:45:24.567 [info] Profiles: No changes found during synchronizing profiles.
2026-01-06 04:45:24.567 [info] Sync done. Took 225ms
2026-01-06 04:45:48.988 [info] [AutoSync] Triggered by Activity
2026-01-06 04:45:48.989 [info] Sync started.
2026-01-06 04:45:49.227 [info] Settings: No changes found during synchronizing settings.
2026-01-06 04:45:49.230 [info] Keybindings: No changes found during synchronizing keybindings.
2026-01-06 04:45:49.231 [info] Snippets: No changes found during synchronizing snippets.
2026-01-06 04:45:49.232 [info] Tasks: No changes found during synchronizing tasks.
2026-01-06 04:45:49.233 [info] Mcp: No changes found during synchronizing mcp.
2026-01-06 04:45:49.234 [info] GlobalState: No changes found during synchronizing ui state.
2026-01-06 04:45:49.261 [info] Extensions: No changes found during synchronizing extensions.
2026-01-06 04:45:49.263 [info] Prompts: No changes found during synchronizing prompts.
2026-01-06 04:45:49.263 [info] Profiles: No changes found during synchronizing profiles.
2026-01-06 04:45:49.263 [info] Sync done. Took 277ms
2026-01-06 04:46:07.573 [info] [AutoSync] Triggered by Activity
2026-01-06 04:46:07.573 [info] Sync started.
2026-01-06 04:46:07.749 [info] Settings: No changes found during synchronizing settings.
2026-01-06 04:46:07.750 [info] Keybindings: No changes found during synchronizing keybindings.
2026-01-06 04:46:07.751 [info] Snippets: No changes found during synchronizing snippets.
2026-01-06 04:46:07.752 [info] Tasks: No changes found during synchronizing tasks.
2026-01-06 04:46:07.752 [info] Mcp: No changes found during synchronizing mcp.
2026-01-06 04:46:07.754 [info] GlobalState: No changes found during synchronizing ui state.
2026-01-06 04:46:07.778 [info] Extensions: No changes found during synchronizing extensions.
2026-01-06 04:46:07.779 [info] Prompts: No changes found during synchronizing prompts.
2026-01-06 04:46:07.779 [info] Profiles: No changes found during synchronizing profiles.
2026-01-06 04:46:07.779 [info] Sync done. Took 209ms
2026-01-06 04:51:07.811 [info] [AutoSync] Triggered by Interval
2026-01-06 04:51:07.811 [info] Sync started.
2026-01-06 04:51:09.363 [info] Settings: No changes found during synchronizing settings.
2026-01-06 04:51:09.364 [info] Keybindings: No changes found during synchronizing keybindings.
2026-01-06 04:51:09.366 [info] Snippets: No changes found during synchronizing snippets.
2026-01-06 04:51:09.367 [info] Tasks: No changes found during synchronizing tasks.
2026-01-06 04:51:09.368 [info] Mcp: No changes found during synchronizing mcp.
2026-01-06 04:51:09.369 [info] GlobalState: No changes found during synchronizing ui state.
2026-01-06 04:51:09.393 [info] Extensions: No changes found during synchronizing extensions.
2026-01-06 04:51:09.395 [info] Prompts: No changes found during synchronizing prompts.
2026-01-06 04:51:09.395 [info] Profiles: No changes found during synchronizing profiles.
2026-01-06 04:51:09.396 [info] Sync done. Took 1588ms
2026-01-06 04:56:09.427 [info] [AutoSync] Triggered by Interval
2026-01-06 04:56:09.427 [info] Sync started.
2026-01-06 04:56:10.283 [info] Settings: No changes found during synchronizing settings.
2026-01-06 04:56:10.286 [info] Keybindings: No changes found during synchronizing keybindings.
2026-01-06 04:56:10.293 [info] Snippets: No changes found during synchronizing snippets.
2026-01-06 04:56:10.300 [info] Tasks: No changes found during synchronizing tasks.
2026-01-06 04:56:10.305 [info] Mcp: No changes found during synchronizing mcp.
2026-01-06 04:56:10.316 [info] GlobalState: No changes found during synchronizing ui state.
2026-01-06 04:56:10.344 [info] Extensions: No changes found during synchronizing extensions.
2026-01-06 04:56:10.345 [info] Prompts: No changes found during synchronizing prompts.
2026-01-06 04:56:10.346 [info] Profiles: No changes found during synchronizing profiles.
2026-01-06 04:56:10.347 [info] Sync done. Took 921ms
2026-01-06 05:01:10.380 [info] [AutoSync] Triggered by Interval
2026-01-06 05:01:10.382 [info] Sync started.
2026-01-06 05:01:11.201 [info] Settings: No changes found during synchronizing settings.
2026-01-06 05:01:11.202 [info] Keybindings: No changes found during synchronizing keybindings.
2026-01-06 05:01:11.204 [info] Snippets: No changes found during synchronizing snippets.
2026-01-06 05:01:11.205 [info] Tasks: No changes found during synchronizing tasks.
2026-01-06 05:01:11.205 [info] Mcp: No changes found during synchronizing mcp.
2026-01-06 05:01:11.207 [info] GlobalState: No changes found during synchronizing ui state.
2026-01-06 05:01:11.233 [info] Extensions: No changes found during synchronizing extensions.
2026-01-06 05:01:11.233 [info] Prompts: No changes found during synchronizing prompts.
2026-01-06 05:01:11.234 [info] Profiles: No changes found during synchronizing profiles.
2026-01-06 05:01:11.234 [info] Sync done. Took 857ms
2026-01-06 05:06:11.265 [info] [AutoSync] Triggered by Interval
2026-01-06 05:06:11.266 [info] Sync started.
2026-01-06 05:06:12.071 [info] Settings: No changes found during synchronizing settings.
2026-01-06 05:06:12.073 [info] Keybindings: No changes found during synchronizing keybindings.
2026-01-06 05:06:12.076 [info] Snippets: No changes found during synchronizing snippets.
2026-01-06 05:06:12.083 [info] Tasks: No changes found during synchronizing tasks.
2026-01-06 05:06:12.091 [info] Mcp: No changes found during synchronizing mcp.
2026-01-06 05:06:12.102 [info] GlobalState: No changes found during synchronizing ui state.
2026-01-06 05:06:12.148 [info] Extensions: No changes found during synchronizing extensions.
2026-01-06 05:06:12.149 [info] Prompts: No changes found during synchronizing prompts.
2026-01-06 05:06:12.150 [info] Profiles: No changes found during synchronizing profiles.
2026-01-06 05:06:12.150 [info] Sync done. Took 886ms
2026-01-06 05:11:12.163 [info] [AutoSync] Triggered by Interval
2026-01-06 05:11:12.164 [info] Sync started.
2026-01-06 05:11:12.991 [info] Settings: No changes found during synchronizing settings.
2026-01-06 05:11:12.992 [info] Keybindings: No changes found during synchronizing keybindings.
2026-01-06 05:11:12.993 [info] Snippets: No changes found during synchronizing snippets.
2026-01-06 05:11:12.994 [info] Tasks: No changes found during synchronizing tasks.
2026-01-06 05:11:12.994 [info] Mcp: No changes found during synchronizing mcp.
2026-01-06 05:11:12.996 [info] GlobalState: No changes found during synchronizing ui state.
2026-01-06 05:11:13.021 [info] Extensions: No changes found during synchronizing extensions.
2026-01-06 05:11:13.021 [info] Prompts: No changes found during synchronizing prompts.
2026-01-06 05:11:13.022 [info] Profiles: No changes found during synchronizing profiles.
2026-01-06 05:11:13.022 [info] Sync done. Took 861ms
2026-01-06 05:16:13.056 [info] [AutoSync] Triggered by Interval
2026-01-06 05:16:13.057 [info] Sync started.
2026-01-06 05:16:13.865 [info] Settings: No changes found during synchronizing settings.
2026-01-06 05:16:13.867 [info] Keybindings: No changes found during synchronizing keybindings.
2026-01-06 05:16:13.868 [info] Snippets: No changes found during synchronizing snippets.
2026-01-06 05:16:13.869 [info] Tasks: No changes found during synchronizing tasks.
2026-01-06 05:16:13.870 [info] Mcp: No changes found during synchronizing mcp.
2026-01-06 05:16:13.871 [info] GlobalState: No changes found during synchronizing ui state.
2026-01-06 05:16:13.895 [info] Extensions: No changes found during synchronizing extensions.
2026-01-06 05:16:13.896 [info] Prompts: No changes found during synchronizing prompts.
2026-01-06 05:16:13.896 [info] Profiles: No changes found during synchronizing profiles.
2026-01-06 05:16:13.897 [info] Sync done. Took 844ms
2026-01-06 05:16:49.545 [info] [AutoSync] Triggered by Activity
2026-01-06 05:16:49.546 [info] Sync started.
2026-01-06 05:16:49.729 [info] Settings: No changes found during synchronizing settings.
2026-01-06 05:16:49.729 [info] Keybindings: No changes found during synchronizing keybindings.
2026-01-06 05:16:49.730 [info] Snippets: No changes found during synchronizing snippets.
2026-01-06 05:16:49.731 [info] Tasks: No changes found during synchronizing tasks.
2026-01-06 05:16:49.732 [info] Mcp: No changes found during synchronizing mcp.
2026-01-06 05:16:49.733 [info] GlobalState: No changes found during synchronizing ui state.
2026-01-06 05:16:49.757 [info] Extensions: No changes found during synchronizing extensions.
2026-01-06 05:16:49.757 [info] Prompts: No changes found during synchronizing prompts.
2026-01-06 05:16:49.758 [info] Profiles: No changes found during synchronizing profiles.
2026-01-06 05:16:49.758 [info] Sync done. Took 214ms
2026-01-06 05:18:27.340 [info] [AutoSync] Triggered by Activity
2026-01-06 05:18:27.341 [info] Sync started.
2026-01-06 05:18:27.534 [info] Settings: No changes found during synchronizing settings.
2026-01-06 05:18:27.538 [info] Keybindings: No changes found during synchronizing keybindings.
2026-01-06 05:18:27.542 [info] Snippets: No changes found during synchronizing snippets.
2026-01-06 05:18:27.543 [info] Tasks: No changes found during synchronizing tasks.
2026-01-06 05:18:27.543 [info] Mcp: No changes found during synchronizing mcp.
2026-01-06 05:18:27.545 [info] GlobalState: No changes found during synchronizing ui state.
2026-01-06 05:18:27.572 [info] Extensions: No changes found during synchronizing extensions.
2026-01-06 05:18:27.574 [info] Prompts: No changes found during synchronizing prompts.
2026-01-06 05:18:27.574 [info] Profiles: No changes found during synchronizing profiles.
2026-01-06 05:18:27.575 [info] Sync done. Took 235ms
2026-01-06 05:23:27.606 [info] [AutoSync] Triggered by Interval
2026-01-06 05:23:27.606 [info] Sync started.
2026-01-06 05:23:28.453 [info] Settings: No changes found during synchronizing settings.
2026-01-06 05:23:28.454 [info] Keybindings: No changes found during synchronizing keybindings.
2026-01-06 05:23:28.457 [info] Snippets: No changes found during synchronizing snippets.
2026-01-06 05:23:28.458 [info] Tasks: No changes found during synchronizing tasks.
2026-01-06 05:23:28.459 [info] Mcp: No changes found during synchronizing mcp.
2026-01-06 05:23:28.461 [info] GlobalState: No changes found during synchronizing ui state.
2026-01-06 05:23:28.481 [info] Extensions: No changes found during synchronizing extensions.
2026-01-06 05:23:28.483 [info] Prompts: No changes found during synchronizing prompts.
2026-01-06 05:23:28.484 [info] Profiles: No changes found during synchronizing profiles.
2026-01-06 05:23:28.484 [info] Sync done. Took 881ms
2026-01-06 05:24:21.967 [info] [AutoSync] Triggered by Activity
2026-01-06 05:24:21.968 [info] Sync started.
2026-01-06 05:24:22.189 [info] Settings: No changes found during synchronizing settings.
2026-01-06 05:24:22.193 [info] Keybindings: No changes found during synchronizing keybindings.
2026-01-06 05:24:22.195 [info] Snippets: No changes found during synchronizing snippets.
2026-01-06 05:24:22.196 [info] Tasks: No changes found during synchronizing tasks.
2026-01-06 05:24:22.197 [info] Mcp: No changes found during synchronizing mcp.
2026-01-06 05:24:22.199 [info] GlobalState: No changes found during synchronizing ui state.
2026-01-06 05:24:22.221 [info] Extensions: No changes found during synchronizing extensions.
2026-01-06 05:24:22.223 [info] Prompts: No changes found during synchronizing prompts.
2026-01-06 05:24:22.223 [info] Profiles: No changes found during synchronizing profiles.
2026-01-06 05:24:22.223 [info] Sync done. Took 260ms
2026-01-06 05:28:02.271 [info] [AutoSync] Triggered by Activity
2026-01-06 05:28:02.272 [info] Sync started.
2026-01-06 05:28:03.046 [info] Settings: No changes found during synchronizing settings.
2026-01-06 05:28:03.049 [info] Keybindings: No changes found during synchronizing keybindings.
2026-01-06 05:28:03.050 [info] Snippets: No changes found during synchronizing snippets.
2026-01-06 05:28:03.051 [info] Tasks: No changes found during synchronizing tasks.
2026-01-06 05:28:03.052 [info] Mcp: No changes found during synchronizing mcp.
2026-01-06 05:28:03.055 [info] GlobalState: No changes found during synchronizing ui state.
2026-01-06 05:28:03.079 [info] Extensions: No changes found during synchronizing extensions.
2026-01-06 05:28:03.080 [info] Prompts: No changes found during synchronizing prompts.
2026-01-06 05:28:03.080 [info] Profiles: No changes found during synchronizing profiles.
2026-01-06 05:28:03.081 [info] Sync done. Took 810ms
2026-01-06 05:28:37.489 [info] [AutoSync] Triggered by Activity
2026-01-06 05:28:37.489 [info] Sync started.
2026-01-06 05:28:37.662 [info] Settings: No changes found during synchronizing settings.
2026-01-06 05:28:37.664 [info] Keybindings: No changes found during synchronizing keybindings.
2026-01-06 05:28:37.667 [info] Snippets: No changes found during synchronizing snippets.
2026-01-06 05:28:37.670 [info] Tasks: No changes found during synchronizing tasks.
2026-01-06 05:28:37.674 [info] Mcp: No changes found during synchronizing mcp.
2026-01-06 05:28:37.678 [info] GlobalState: No changes found during synchronizing ui state.
2026-01-06 05:28:37.701 [info] Extensions: No changes found during synchronizing extensions.
2026-01-06 05:28:37.703 [info] Prompts: No changes found during synchronizing prompts.
2026-01-06 05:28:37.703 [info] Profiles: No changes found during synchronizing profiles.
2026-01-06 05:28:37.704 [info] Sync done. Took 218ms
2026-01-06 05:32:28.982 [info] [AutoSync] Triggered by Activity
2026-01-06 05:32:28.982 [info] Sync started.
2026-01-06 05:32:29.680 [info] Settings: No changes found during synchronizing settings.
2026-01-06 05:32:29.681 [info] Keybindings: No changes found during synchronizing keybindings.
2026-01-06 05:32:29.682 [info] Snippets: No changes found during synchronizing snippets.
2026-01-06 05:32:29.683 [info] Tasks: No changes found during synchronizing tasks.
2026-01-06 05:32:29.684 [info] Mcp: No changes found during synchronizing mcp.
2026-01-06 05:32:29.685 [info] GlobalState: No changes found during synchronizing ui state.
2026-01-06 05:32:29.708 [info] Extensions: No changes found during synchronizing extensions.
2026-01-06 05:32:29.708 [info] Prompts: No changes found during synchronizing prompts.
2026-01-06 05:32:29.709 [info] Profiles: No changes found during synchronizing profiles.
2026-01-06 05:32:29.709 [info] Sync done. Took 731ms
2026-01-06 05:32:49.845 [info] [AutoSync] Triggered by Activity
2026-01-06 05:32:49.845 [info] Sync started.
2026-01-06 05:32:50.008 [info] Settings: No changes found during synchronizing settings.
2026-01-06 05:32:50.010 [info] Keybindings: No changes found during synchronizing keybindings.
2026-01-06 05:32:50.013 [info] Snippets: No changes found during synchronizing snippets.
2026-01-06 05:32:50.014 [info] Tasks: No changes found during synchronizing tasks.
2026-01-06 05:32:50.017 [info] Mcp: No changes found during synchronizing mcp.
2026-01-06 05:32:50.019 [info] GlobalState: No changes found during synchronizing ui state.
2026-01-06 05:32:50.041 [info] Extensions: No changes found during synchronizing extensions.
2026-01-06 05:32:50.042 [info] Prompts: No changes found during synchronizing prompts.
2026-01-06 05:32:50.042 [info] Profiles: No changes found during synchronizing profiles.
2026-01-06 05:32:50.043 [info] Sync done. Took 199ms
2026-01-06 05:34:15.870 [info] [AutoSync] Triggered by Activity
2026-01-06 05:34:15.870 [info] Sync started.
2026-01-06 05:34:16.082 [info] Settings: No changes found during synchronizing settings.
2026-01-06 05:34:16.089 [info] Keybindings: No changes found during synchronizing keybindings.
2026-01-06 05:34:16.101 [info] Snippets: No changes found during synchronizing snippets.
2026-01-06 05:34:16.106 [info] Tasks: No changes found during synchronizing tasks.
2026-01-06 05:34:16.110 [info] Mcp: No changes found during synchronizing mcp.
2026-01-06 05:34:16.115 [info] GlobalState: No changes found during synchronizing ui state.
2026-01-06 05:34:16.145 [info] Extensions: No changes found during synchronizing extensions.
2026-01-06 05:34:16.146 [info] Prompts: No changes found during synchronizing prompts.
2026-01-06 05:34:16.146 [info] Profiles: No changes found during synchronizing profiles.
2026-01-06 05:34:16.147 [info] Sync done. Took 278ms
2026-01-06 05:34:56.575 [info] [AutoSync] Triggered by Activity
2026-01-06 05:34:56.576 [info] Sync started.
2026-01-06 05:34:56.777 [info] Settings: No changes found during synchronizing settings.
2026-01-06 05:34:56.780 [info] Keybindings: No changes found during synchronizing keybindings.
2026-01-06 05:34:56.782 [info] Snippets: No changes found during synchronizing snippets.
2026-01-06 05:34:56.783 [info] Tasks: No changes found during synchronizing tasks.
2026-01-06 05:34:56.784 [info] Mcp: No changes found during synchronizing mcp.
2026-01-06 05:34:56.785 [info] GlobalState: No changes found during synchronizing ui state.
2026-01-06 05:34:56.808 [info] Extensions: No changes found during synchronizing extensions.
2026-01-06 05:34:56.809 [info] Prompts: No changes found during synchronizing prompts.
2026-01-06 05:34:56.809 [info] Profiles: No changes found during synchronizing profiles.
2026-01-06 05:34:56.810 [info] Sync done. Took 236ms
2026-01-06 05:35:18.334 [info] [AutoSync] Triggered by Activity
2026-01-06 05:35:18.335 [info] Sync started.
2026-01-06 05:35:18.505 [info] Settings: No changes found during synchronizing settings.
2026-01-06 05:35:18.508 [info] Keybindings: No changes found during synchronizing keybindings.
2026-01-06 05:35:18.512 [info] Snippets: No changes found during synchronizing snippets.
2026-01-06 05:35:18.516 [info] Tasks: No changes found during synchronizing tasks.
2026-01-06 05:35:18.521 [info] Mcp: No changes found during synchronizing mcp.
2026-01-06 05:35:18.525 [info] GlobalState: No changes found during synchronizing ui state.
2026-01-06 05:35:18.560 [info] Extensions: No changes found during synchronizing extensions.
2026-01-06 05:35:18.562 [info] Prompts: No changes found during synchronizing prompts.
2026-01-06 05:35:18.563 [info] Profiles: No changes found during synchronizing profiles.
2026-01-06 05:35:18.563 [info] Sync done. Took 231ms
2026-01-06 05:35:29.293 [info] [AutoSync] Triggered by Activity
2026-01-06 05:35:29.294 [info] Sync started.
2026-01-06 05:35:29.477 [info] Settings: No changes found during synchronizing settings.
2026-01-06 05:35:29.478 [info] Keybindings: No changes found during synchronizing keybindings.
2026-01-06 05:35:29.479 [info] Snippets: No changes found during synchronizing snippets.
2026-01-06 05:35:29.480 [info] Tasks: No changes found during synchronizing tasks.
2026-01-06 05:35:29.481 [info] Mcp: No changes found during synchronizing mcp.
2026-01-06 05:35:29.483 [info] GlobalState: No changes found during synchronizing ui state.
2026-01-06 05:35:29.508 [info] Extensions: No changes found during synchronizing extensions.
2026-01-06 05:35:29.509 [info] Prompts: No changes found during synchronizing prompts.
2026-01-06 05:35:29.509 [info] Profiles: No changes found during synchronizing profiles.
2026-01-06 05:35:29.510 [info] Sync done. Took 221ms
2026-01-06 05:40:29.513 [info] [AutoSync] Triggered by Interval
2026-01-06 05:40:29.513 [info] Sync started.
2026-01-06 05:40:30.340 [info] Settings: No changes found during synchronizing settings.
2026-01-06 05:40:30.343 [info] Keybindings: No changes found during synchronizing keybindings.
2026-01-06 05:40:30.345 [info] Snippets: No changes found during synchronizing snippets.
2026-01-06 05:40:30.347 [info] Tasks: No changes found during synchronizing tasks.
2026-01-06 05:40:30.348 [info] Mcp: No changes found during synchronizing mcp.
2026-01-06 05:40:30.350 [info] GlobalState: No changes found during synchronizing ui state.
2026-01-06 05:40:30.367 [info] Extensions: No changes found during synchronizing extensions.
2026-01-06 05:40:30.368 [info] Prompts: No changes found during synchronizing prompts.
2026-01-06 05:40:30.368 [info] Profiles: No changes found during synchronizing profiles.
2026-01-06 05:40:30.369 [info] Sync done. Took 857ms
2026-01-06 05:45:30.419 [info] [AutoSync] Triggered by Interval
2026-01-06 05:45:30.420 [info] Sync started.
2026-01-06 05:45:31.235 [info] Settings: No changes found during synchronizing settings.
2026-01-06 05:45:31.237 [info] Keybindings: No changes found during synchronizing keybindings.
2026-01-06 05:45:31.238 [info] Snippets: No changes found during synchronizing snippets.
2026-01-06 05:45:31.239 [info] Tasks: No changes found during synchronizing tasks.
2026-01-06 05:45:31.239 [info] Mcp: No changes found during synchronizing mcp.
2026-01-06 05:45:31.241 [info] GlobalState: No changes found during synchronizing ui state.
2026-01-06 05:45:31.266 [info] Extensions: No changes found during synchronizing extensions.
2026-01-06 05:45:31.267 [info] Prompts: No changes found during synchronizing prompts.
2026-01-06 05:45:31.268 [info] Profiles: No changes found during synchronizing profiles.
2026-01-06 05:45:31.268 [info] Sync done. Took 850ms
2026-01-06 05:50:31.281 [info] [AutoSync] Triggered by Interval
2026-01-06 05:50:31.282 [info] Sync started.
2026-01-06 05:50:32.076 [info] Settings: No changes found during synchronizing settings.
2026-01-06 05:50:32.078 [info] Keybindings: No changes found during synchronizing keybindings.
2026-01-06 05:50:32.079 [info] Snippets: No changes found during synchronizing snippets.
2026-01-06 05:50:32.081 [info] Tasks: No changes found during synchronizing tasks.
2026-01-06 05:50:32.082 [info] Mcp: No changes found during synchronizing mcp.
2026-01-06 05:50:32.084 [info] GlobalState: No changes found during synchronizing ui state.
2026-01-06 05:50:32.104 [info] Extensions: No changes found during synchronizing extensions.
2026-01-06 05:50:32.105 [info] Prompts: No changes found during synchronizing prompts.
2026-01-06 05:50:32.106 [info] Profiles: No changes found during synchronizing profiles.
2026-01-06 05:50:32.106 [info] Sync done. Took 827ms
2026-01-06 05:50:45.272 [info] [AutoSync] Triggered by Activity
2026-01-06 05:50:45.272 [info] Sync started.
2026-01-06 05:50:45.455 [info] Settings: No changes found during synchronizing settings.
2026-01-06 05:50:45.456 [info] Keybindings: No changes found during synchronizing keybindings.
2026-01-06 05:50:45.458 [info] Snippets: No changes found during synchronizing snippets.
2026-01-06 05:50:45.459 [info] Tasks: No changes found during synchronizing tasks.
2026-01-06 05:50:45.459 [info] Mcp: No changes found during synchronizing mcp.
2026-01-06 05:50:45.461 [info] GlobalState: No changes found during synchronizing ui state.
2026-01-06 05:50:45.484 [info] Extensions: No changes found during synchronizing extensions.
2026-01-06 05:50:45.486 [info] Prompts: No changes found during synchronizing prompts.
2026-01-06 05:50:45.487 [info] Profiles: No changes found during synchronizing profiles.
2026-01-06 05:50:45.487 [info] Sync done. Took 219ms
2026-01-06 05:51:58.859 [info] [AutoSync] Triggered by Activity
2026-01-06 05:51:58.860 [info] Sync started.
2026-01-06 05:51:59.034 [info] Settings: No changes found during synchronizing settings.
2026-01-06 05:51:59.035 [info] Keybindings: No changes found during synchronizing keybindings.
2026-01-06 05:51:59.038 [info] Snippets: No changes found during synchronizing snippets.
2026-01-06 05:51:59.039 [info] Tasks: No changes found during synchronizing tasks.
2026-01-06 05:51:59.039 [info] Mcp: No changes found during synchronizing mcp.
2026-01-06 05:51:59.041 [info] GlobalState: No changes found during synchronizing ui state.
2026-01-06 05:51:59.063 [info] Extensions: No changes found during synchronizing extensions.
2026-01-06 05:51:59.066 [info] Prompts: No changes found during synchronizing prompts.
2026-01-06 05:51:59.066 [info] Profiles: No changes found during synchronizing profiles.
2026-01-06 05:51:59.066 [info] Sync done. Took 210ms
2026-01-06 05:55:09.516 [info] [AutoSync] Triggered by Activity
2026-01-06 05:55:09.517 [info] Sync started.
2026-01-06 05:55:10.385 [info] Settings: No changes found during synchronizing settings.
2026-01-06 05:55:10.389 [info] Keybindings: No changes found during synchronizing keybindings.
2026-01-06 05:55:10.392 [info] Snippets: No changes found during synchronizing snippets.
2026-01-06 05:55:10.394 [info] Tasks: No changes found during synchronizing tasks.
2026-01-06 05:55:10.398 [info] Mcp: No changes found during synchronizing mcp.
2026-01-06 05:55:10.401 [info] GlobalState: No changes found during synchronizing ui state.
2026-01-06 05:55:10.424 [info] Extensions: No changes found during synchronizing extensions.
2026-01-06 05:55:10.425 [info] Prompts: No changes found during synchronizing prompts.
2026-01-06 05:55:10.426 [info] Profiles: No changes found during synchronizing profiles.
2026-01-06 05:55:10.427 [info] Sync done. Took 914ms
2026-01-06 05:55:22.013 [info] [AutoSync] Triggered by Activity
2026-01-06 05:55:22.014 [info] Sync started.
2026-01-06 05:55:22.212 [info] Settings: No changes found during synchronizing settings.
2026-01-06 05:55:22.214 [info] Keybindings: No changes found during synchronizing keybindings.
2026-01-06 05:55:22.216 [info] Snippets: No changes found during synchronizing snippets.
2026-01-06 05:55:22.217 [info] Tasks: No changes found during synchronizing tasks.
2026-01-06 05:55:22.217 [info] Mcp: No changes found during synchronizing mcp.
2026-01-06 05:55:22.219 [info] GlobalState: No changes found during synchronizing ui state.
2026-01-06 05:55:22.244 [info] Extensions: No changes found during synchronizing extensions.
2026-01-06 05:55:22.245 [info] Prompts: No changes found during synchronizing prompts.
2026-01-06 05:55:22.245 [info] Profiles: No changes found during synchronizing profiles.
2026-01-06 05:55:22.245 [info] Sync done. Took 235ms
2026-01-06 05:55:36.452 [info] [AutoSync] Triggered by Activity
2026-01-06 05:55:36.452 [info] Sync started.
2026-01-06 05:55:36.634 [info] Settings: No changes found during synchronizing settings.
2026-01-06 05:55:36.635 [info] Keybindings: No changes found during synchronizing keybindings.
2026-01-06 05:55:36.637 [info] Snippets: No changes found during synchronizing snippets.
2026-01-06 05:55:36.638 [info] Tasks: No changes found during synchronizing tasks.
2026-01-06 05:55:36.639 [info] Mcp: No changes found during synchronizing mcp.
2026-01-06 05:55:36.640 [info] GlobalState: No changes found during synchronizing ui state.
2026-01-06 05:55:36.664 [info] Extensions: No changes found during synchronizing extensions.
2026-01-06 05:55:36.665 [info] Prompts: No changes found during synchronizing prompts.
2026-01-06 05:55:36.665 [info] Profiles: No changes found during synchronizing profiles.
2026-01-06 05:55:36.666 [info] Sync done. Took 214ms
2026-01-06 05:57:12.660 [info] [AutoSync] Triggered by Activity
2026-01-06 05:57:12.661 [info] Sync started.
2026-01-06 05:57:12.843 [info] Settings: No changes found during synchronizing settings.
2026-01-06 05:57:12.845 [info] Keybindings: No changes found during synchronizing keybindings.
2026-01-06 05:57:12.848 [info] Snippets: No changes found during synchronizing snippets.
2026-01-06 05:57:12.849 [info] Tasks: No changes found during synchronizing tasks.
2026-01-06 05:57:12.850 [info] Mcp: No changes found during synchronizing mcp.
2026-01-06 05:57:12.852 [info] GlobalState: No changes found during synchronizing ui state.
2026-01-06 05:57:12.874 [info] Extensions: No changes found during synchronizing extensions.
2026-01-06 05:57:12.875 [info] Prompts: No changes found during synchronizing prompts.
2026-01-06 05:57:12.876 [info] Profiles: No changes found during synchronizing profiles.
2026-01-06 05:57:12.876 [info] Sync done. Took 219ms
2026-01-06 05:57:37.812 [info] [AutoSync] Triggered by Activity
2026-01-06 05:57:37.812 [info] Sync started.
2026-01-06 05:57:38.003 [info] Settings: No changes found during synchronizing settings.
2026-01-06 05:57:38.005 [info] Keybindings: No changes found during synchronizing keybindings.
2026-01-06 05:57:38.008 [info] Snippets: No changes found during synchronizing snippets.
2026-01-06 05:57:38.011 [info] Tasks: No changes found during synchronizing tasks.
2026-01-06 05:57:38.011 [info] Mcp: No changes found during synchronizing mcp.
2026-01-06 05:57:38.013 [info] GlobalState: No changes found during synchronizing ui state.
2026-01-06 05:57:38.034 [info] Extensions: No changes found during synchronizing extensions.
2026-01-06 05:57:38.035 [info] Prompts: No changes found during synchronizing prompts.
2026-01-06 05:57:38.035 [info] Profiles: No changes found during synchronizing profiles.
2026-01-06 05:57:38.036 [info] Sync done. Took 226ms
2026-01-06 06:00:11.426 [info] [AutoSync] Triggered by Activity
2026-01-06 06:00:11.426 [info] Sync started.
2026-01-06 06:00:12.253 [info] Settings: No changes found during synchronizing settings.
2026-01-06 06:00:12.254 [info] Keybindings: No changes found during synchronizing keybindings.
2026-01-06 06:00:12.255 [info] Snippets: No changes found during synchronizing snippets.
2026-01-06 06:00:12.256 [info] Tasks: No changes found during synchronizing tasks.
2026-01-06 06:00:12.258 [info] Mcp: No changes found during synchronizing mcp.
2026-01-06 06:00:12.261 [info] GlobalState: No changes found during synchronizing ui state.
2026-01-06 06:00:12.283 [info] Extensions: No changes found during synchronizing extensions.
2026-01-06 06:00:12.284 [info] Prompts: No changes found during synchronizing prompts.
2026-01-06 06:00:12.285 [info] Profiles: No changes found during synchronizing profiles.
2026-01-06 06:00:12.285 [info] Sync done. Took 861ms
2026-01-06 06:00:41.638 [info] [AutoSync] Triggered by Activity
2026-01-06 06:00:41.639 [info] Sync started.
2026-01-06 06:00:41.823 [info] Settings: No changes found during synchronizing settings.
2026-01-06 06:00:41.825 [info] Keybindings: No changes found during synchronizing keybindings.
2026-01-06 06:00:41.826 [info] Snippets: No changes found during synchronizing snippets.
2026-01-06 06:00:41.827 [info] Tasks: No changes found during synchronizing tasks.
2026-01-06 06:00:41.828 [info] Mcp: No changes found during synchronizing mcp.
2026-01-06 06:00:41.829 [info] GlobalState: No changes found during synchronizing ui state.
2026-01-06 06:00:41.851 [info] Extensions: No changes found during synchronizing extensions.
2026-01-06 06:00:41.852 [info] Prompts: No changes found during synchronizing prompts.
2026-01-06 06:00:41.852 [info] Profiles: No changes found during synchronizing profiles.
2026-01-06 06:00:41.853 [info] Sync done. Took 217ms
2026-01-06 06:00:56.767 [info] [AutoSync] Triggered by Activity
2026-01-06 06:00:56.767 [info] Sync started.
2026-01-06 06:00:56.942 [info] Settings: No changes found during synchronizing settings.
2026-01-06 06:00:56.943 [info] Keybindings: No changes found during synchronizing keybindings.
2026-01-06 06:00:56.944 [info] Snippets: No changes found during synchronizing snippets.
2026-01-06 06:00:56.945 [info] Tasks: No changes found during synchronizing tasks.
2026-01-06 06:00:56.946 [info] Mcp: No changes found during synchronizing mcp.
2026-01-06 06:00:56.947 [info] GlobalState: No changes found during synchronizing ui state.
2026-01-06 06:00:56.969 [info] Extensions: No changes found during synchronizing extensions.
2026-01-06 06:00:56.970 [info] Prompts: No changes found during synchronizing prompts.
2026-01-06 06:00:56.970 [info] Profiles: No changes found during synchronizing profiles.
2026-01-06 06:00:56.970 [info] Sync done. Took 206ms
2026-01-06 06:01:40.195 [info] [AutoSync] Triggered by Activity
2026-01-06 06:01:40.196 [info] Sync started.
2026-01-06 06:01:40.389 [info] Settings: No changes found during synchronizing settings.
2026-01-06 06:01:40.391 [info] Keybindings: No changes found during synchronizing keybindings.
2026-01-06 06:01:40.396 [info] Snippets: No changes found during synchronizing snippets.
2026-01-06 06:01:40.398 [info] Tasks: No changes found during synchronizing tasks.
2026-01-06 06:01:40.400 [info] Mcp: No changes found during synchronizing mcp.
2026-01-06 06:01:40.403 [info] GlobalState: No changes found during synchronizing ui state.
2026-01-06 06:01:40.422 [info] Extensions: No changes found during synchronizing extensions.
2026-01-06 06:01:40.427 [info] Prompts: No changes found during synchronizing prompts.
2026-01-06 06:01:40.428 [info] Profiles: No changes found during synchronizing profiles.
2026-01-06 06:01:40.428 [info] Sync done. Took 235ms
2026-01-06 06:06:40.438 [info] [AutoSync] Triggered by Interval
2026-01-06 06:06:40.439 [info] Sync started.
2026-01-06 06:06:41.239 [info] Settings: No changes found during synchronizing settings.
2026-01-06 06:06:41.240 [info] Keybindings: No changes found during synchronizing keybindings.
2026-01-06 06:06:41.243 [info] Snippets: No changes found during synchronizing snippets.
2026-01-06 06:06:41.245 [info] Tasks: No changes found during synchronizing tasks.
2026-01-06 06:06:41.246 [info] Mcp: No changes found during synchronizing mcp.
2026-01-06 06:06:41.249 [info] GlobalState: No changes found during synchronizing ui state.
2026-01-06 06:06:41.285 [info] Extensions: No changes found during synchronizing extensions.
2026-01-06 06:06:41.286 [info] Prompts: No changes found during synchronizing prompts.
2026-01-06 06:06:41.286 [info] Profiles: No changes found during synchronizing profiles.
2026-01-06 06:06:41.287 [info] Sync done. Took 850ms
2026-01-06 06:11:41.301 [info] [AutoSync] Triggered by Interval
2026-01-06 06:11:41.302 [info] Sync started.
2026-01-06 06:11:42.127 [info] Settings: No changes found during synchronizing settings.
2026-01-06 06:11:42.129 [info] Keybindings: No changes found during synchronizing keybindings.
2026-01-06 06:11:42.130 [info] Snippets: No changes found during synchronizing snippets.
2026-01-06 06:11:42.131 [info] Tasks: No changes found during synchronizing tasks.
2026-01-06 06:11:42.132 [info] Mcp: No changes found during synchronizing mcp.
2026-01-06 06:11:42.134 [info] GlobalState: No changes found during synchronizing ui state.
2026-01-06 06:11:42.158 [info] Extensions: No changes found during synchronizing extensions.
2026-01-06 06:11:42.159 [info] Prompts: No changes found during synchronizing prompts.
2026-01-06 06:11:42.159 [info] Profiles: No changes found during synchronizing profiles.
2026-01-06 06:11:42.160 [info] Sync done. Took 859ms
2026-01-06 06:14:21.341 [info] [AutoSync] Triggered by Activity
2026-01-06 06:14:21.342 [info] Sync started.
2026-01-06 06:14:22.245 [info] Settings: No changes found during synchronizing settings.
2026-01-06 06:14:22.248 [info] Keybindings: No changes found during synchronizing keybindings.
2026-01-06 06:14:22.251 [info] Snippets: No changes found during synchronizing snippets.
2026-01-06 06:14:22.253 [info] Tasks: No changes found during synchronizing tasks.
2026-01-06 06:14:22.254 [info] Mcp: No changes found during synchronizing mcp.
2026-01-06 06:14:22.256 [info] GlobalState: No changes found during synchronizing ui state.
2026-01-06 06:14:22.276 [info] Extensions: No changes found during synchronizing extensions.
2026-01-06 06:14:22.278 [info] Prompts: No changes found during synchronizing prompts.
2026-01-06 06:14:22.278 [info] Profiles: No changes found during synchronizing profiles.
2026-01-06 06:14:22.279 [info] Sync done. Took 938ms
2026-01-06 06:14:45.757 [info] [AutoSync] Triggered by Activity
2026-01-06 06:14:45.757 [info] Sync started.
2026-01-06 06:14:45.963 [info] Settings: No changes found during synchronizing settings.
2026-01-06 06:14:45.964 [info] Keybindings: No changes found during synchronizing keybindings.
2026-01-06 06:14:45.966 [info] Snippets: No changes found during synchronizing snippets.
2026-01-06 06:14:45.966 [info] Tasks: No changes found during synchronizing tasks.
2026-01-06 06:14:45.967 [info] Mcp: No changes found during synchronizing mcp.
2026-01-06 06:14:45.969 [info] GlobalState: No changes found during synchronizing ui state.
2026-01-06 06:14:45.991 [info] Extensions: No changes found during synchronizing extensions.
2026-01-06 06:14:45.993 [info] Prompts: No changes found during synchronizing prompts.
2026-01-06 06:14:45.993 [info] Profiles: No changes found during synchronizing profiles.
2026-01-06 06:14:45.993 [info] Sync done. Took 238ms
2026-01-06 06:15:17.196 [info] [AutoSync] Triggered by Activity
2026-01-06 06:15:17.196 [info] Sync started.
2026-01-06 06:15:17.386 [info] Settings: No changes found during synchronizing settings.
2026-01-06 06:15:17.389 [info] Keybindings: No changes found during synchronizing keybindings.
2026-01-06 06:15:17.397 [info] Snippets: No changes found during synchronizing snippets.
2026-01-06 06:15:17.400 [info] Tasks: No changes found during synchronizing tasks.
2026-01-06 06:15:17.402 [info] Mcp: No changes found during synchronizing mcp.
2026-01-06 06:15:17.405 [info] GlobalState: No changes found during synchronizing ui state.
2026-01-06 06:15:17.433 [info] Extensions: No changes found during synchronizing extensions.
2026-01-06 06:15:17.434 [info] Prompts: No changes found during synchronizing prompts.
2026-01-06 06:15:17.434 [info] Profiles: No changes found during synchronizing profiles.
2026-01-06 06:15:17.435 [info] Sync done. Took 241ms
2026-01-06 06:17:31.793 [info] [AutoSync] Triggered by Activity
2026-01-06 06:17:31.793 [info] Sync started.
2026-01-06 06:17:32.469 [info] Settings: No changes found during synchronizing settings.
2026-01-06 06:17:32.471 [info] Keybindings: No changes found during synchronizing keybindings.
2026-01-06 06:17:32.473 [info] Snippets: No changes found during synchronizing snippets.
2026-01-06 06:17:32.474 [info] Tasks: No changes found during synchronizing tasks.
2026-01-06 06:17:32.475 [info] Mcp: No changes found during synchronizing mcp.
2026-01-06 06:17:32.477 [info] GlobalState: No changes found during synchronizing ui state.
2026-01-06 06:17:32.499 [info] Extensions: No changes found during synchronizing extensions.
2026-01-06 06:17:32.500 [info] Prompts: No changes found during synchronizing prompts.
2026-01-06 06:17:32.500 [info] Profiles: No changes found during synchronizing profiles.
2026-01-06 06:17:32.501 [info] Sync done. Took 708ms
2026-01-06 06:17:54.963 [info] [AutoSync] Triggered by Activity
2026-01-06 06:17:54.963 [info] Sync started.
2026-01-06 06:17:55.202 [info] Settings: No changes found during synchronizing settings.
2026-01-06 06:17:55.203 [info] Keybindings: No changes found during synchronizing keybindings.
2026-01-06 06:17:55.204 [info] Snippets: No changes found during synchronizing snippets.
2026-01-06 06:17:55.205 [info] Tasks: No changes found during synchronizing tasks.
2026-01-06 06:17:55.205 [info] Mcp: No changes found during synchronizing mcp.
2026-01-06 06:17:55.207 [info] GlobalState: No changes found during synchronizing ui state.
2026-01-06 06:17:55.231 [info] Extensions: No changes found during synchronizing extensions.
2026-01-06 06:17:55.232 [info] Prompts: No changes found during synchronizing prompts.
2026-01-06 06:17:55.232 [info] Profiles: No changes found during synchronizing profiles.
2026-01-06 06:17:55.232 [info] Sync done. Took 272ms
2026-01-06 06:18:14.914 [info] [AutoSync] Triggered by Activity
2026-01-06 06:18:14.915 [info] Sync started.
2026-01-06 06:18:15.098 [info] Settings: No changes found during synchronizing settings.
2026-01-06 06:18:15.100 [info] Keybindings: No changes found during synchronizing keybindings.
2026-01-06 06:18:15.101 [info] Snippets: No changes found during synchronizing snippets.
2026-01-06 06:18:15.104 [info] Tasks: No changes found during synchronizing tasks.
2026-01-06 06:18:15.105 [info] Mcp: No changes found during synchronizing mcp.
2026-01-06 06:18:15.107 [info] GlobalState: No changes found during synchronizing ui state.
2026-01-06 06:18:15.152 [info] Extensions: No changes found during synchronizing extensions.
2026-01-06 06:18:15.155 [info] Prompts: No changes found during synchronizing prompts.
2026-01-06 06:18:15.156 [info] Profiles: No changes found during synchronizing profiles.
2026-01-06 06:18:15.156 [info] Sync done. Took 243ms
2026-01-06 06:18:30.090 [info] [AutoSync] Triggered by Activity
2026-01-06 06:18:30.090 [info] Sync started.
2026-01-06 06:18:30.276 [info] Settings: No changes found during synchronizing settings.
2026-01-06 06:18:30.280 [info] Keybindings: No changes found during synchronizing keybindings.
2026-01-06 06:18:30.287 [info] Snippets: No changes found during synchronizing snippets.
2026-01-06 06:18:30.289 [info] Tasks: No changes found during synchronizing tasks.
2026-01-06 06:18:30.290 [info] Mcp: No changes found during synchronizing mcp.
2026-01-06 06:18:30.292 [info] GlobalState: No changes found during synchronizing ui state.
2026-01-06 06:18:30.327 [info] Extensions: No changes found during synchronizing extensions.
2026-01-06 06:18:30.331 [info] Prompts: No changes found during synchronizing prompts.
2026-01-06 06:18:30.331 [info] Profiles: No changes found during synchronizing profiles.
2026-01-06 06:18:30.333 [info] Sync done. Took 246ms
2026-01-06 06:19:31.340 [info] [AutoSync] Triggered by Activity
2026-01-06 06:19:31.340 [info] Sync started.
2026-01-06 06:19:31.539 [info] Settings: No changes found during synchronizing settings.
2026-01-06 06:19:31.540 [info] Keybindings: No changes found during synchronizing keybindings.
2026-01-06 06:19:31.541 [info] Snippets: No changes found during synchronizing snippets.
2026-01-06 06:19:31.542 [info] Tasks: No changes found during synchronizing tasks.
2026-01-06 06:19:31.543 [info] Mcp: No changes found during synchronizing mcp.
2026-01-06 06:19:31.544 [info] GlobalState: No changes found during synchronizing ui state.
2026-01-06 06:19:31.568 [info] Extensions: No changes found during synchronizing extensions.
2026-01-06 06:19:31.569 [info] Prompts: No changes found during synchronizing prompts.
2026-01-06 06:19:31.569 [info] Profiles: No changes found during synchronizing profiles.
2026-01-06 06:19:31.569 [info] Sync done. Took 230ms
2026-01-06 06:24:31.573 [info] [AutoSync] Triggered by Interval
2026-01-06 06:24:31.573 [info] Sync started.
2026-01-06 06:24:32.305 [info] Settings: No changes found during synchronizing settings.
2026-01-06 06:24:32.306 [info] Keybindings: No changes found during synchronizing keybindings.
2026-01-06 06:24:32.307 [info] Snippets: No changes found during synchronizing snippets.
2026-01-06 06:24:32.308 [info] Tasks: No changes found during synchronizing tasks.
2026-01-06 06:24:32.309 [info] Mcp: No changes found during synchronizing mcp.
2026-01-06 06:24:32.311 [info] GlobalState: No changes found during synchronizing ui state.
2026-01-06 06:24:32.337 [info] Extensions: No changes found during synchronizing extensions.
2026-01-06 06:24:32.341 [info] Prompts: No changes found during synchronizing prompts.
2026-01-06 06:24:32.341 [info] Profiles: No changes found during synchronizing profiles.
2026-01-06 06:24:32.342 [info] Sync done. Took 771ms
2026-01-06 06:28:23.867 [info] [AutoSync] Triggered by Activity
2026-01-06 06:28:23.868 [info] Sync started.
2026-01-06 06:28:24.621 [info] Settings: No changes found during synchronizing settings.
2026-01-06 06:28:24.622 [info] Keybindings: No changes found during synchronizing keybindings.
2026-01-06 06:28:24.623 [info] Snippets: No changes found during synchronizing snippets.
2026-01-06 06:28:24.624 [info] Tasks: No changes found during synchronizing tasks.
2026-01-06 06:28:24.625 [info] Mcp: No changes found during synchronizing mcp.
2026-01-06 06:28:24.626 [info] GlobalState: No changes found during synchronizing ui state.
2026-01-06 06:28:24.654 [info] Extensions: No changes found during synchronizing extensions.
2026-01-06 06:28:24.655 [info] Prompts: No changes found during synchronizing prompts.
2026-01-06 06:28:24.655 [info] Profiles: No changes found during synchronizing profiles.
2026-01-06 06:28:24.655 [info] Sync done. Took 789ms
2026-01-06 06:28:44.437 [info] [AutoSync] Triggered by Activity
2026-01-06 06:28:44.437 [info] Sync started.
2026-01-06 06:28:44.625 [info] Settings: No changes found during synchronizing settings.
2026-01-06 06:28:44.627 [info] Keybindings: No changes found during synchronizing keybindings.
2026-01-06 06:28:44.628 [info] Snippets: No changes found during synchronizing snippets.
2026-01-06 06:28:44.629 [info] Tasks: No changes found during synchronizing tasks.
2026-01-06 06:28:44.630 [info] Mcp: No changes found during synchronizing mcp.
2026-01-06 06:28:44.632 [info] GlobalState: No changes found during synchronizing ui state.
2026-01-06 06:28:44.662 [info] Extensions: No changes found during synchronizing extensions.
2026-01-06 06:28:44.663 [info] Prompts: No changes found during synchronizing prompts.
2026-01-06 06:28:44.663 [info] Profiles: No changes found during synchronizing profiles.
2026-01-06 06:28:44.664 [info] Sync done. Took 229ms
2026-01-06 06:28:56.159 [info] [AutoSync] Triggered by Activity
2026-01-06 06:28:56.159 [info] Sync started.
2026-01-06 06:28:56.342 [info] Settings: No changes found during synchronizing settings.
2026-01-06 06:28:56.344 [info] Keybindings: No changes found during synchronizing keybindings.
2026-01-06 06:28:56.346 [info] Snippets: No changes found during synchronizing snippets.
2026-01-06 06:28:56.347 [info] Tasks: No changes found during synchronizing tasks.
2026-01-06 06:28:56.348 [info] Mcp: No changes found during synchronizing mcp.
2026-01-06 06:28:56.350 [info] GlobalState: No changes found during synchronizing ui state.
2026-01-06 06:28:56.376 [info] Extensions: No changes found during synchronizing extensions.
2026-01-06 06:28:56.378 [info] Prompts: No changes found during synchronizing prompts.
2026-01-06 06:28:56.378 [info] Profiles: No changes found during synchronizing profiles.
2026-01-06 06:28:56.379 [info] Sync done. Took 222ms
2026-01-06 06:29:10.001 [info] [AutoSync] Triggered by Activity
2026-01-06 06:29:10.002 [info] Sync started.
2026-01-06 06:29:10.238 [info] Settings: No changes found during synchronizing settings.
2026-01-06 06:29:10.239 [info] Keybindings: No changes found during synchronizing keybindings.
2026-01-06 06:29:10.241 [info] Snippets: No changes found during synchronizing snippets.
2026-01-06 06:29:10.243 [info] Tasks: No changes found during synchronizing tasks.
2026-01-06 06:29:10.245 [info] Mcp: No changes found during synchronizing mcp.
2026-01-06 06:29:10.248 [info] GlobalState: No changes found during synchronizing ui state.
2026-01-06 06:29:10.278 [info] Extensions: No changes found during synchronizing extensions.
2026-01-06 06:29:10.279 [info] Prompts: No changes found during synchronizing prompts.
2026-01-06 06:29:10.279 [info] Profiles: No changes found during synchronizing profiles.
2026-01-06 06:29:10.280 [info] Sync done. Took 280ms
2026-01-06 06:29:22.860 [info] [AutoSync] Triggered by Activity
2026-01-06 06:29:22.860 [info] Sync started.
2026-01-06 06:29:23.042 [info] Settings: No changes found during synchronizing settings.
2026-01-06 06:29:23.044 [info] Keybindings: No changes found during synchronizing keybindings.
2026-01-06 06:29:23.046 [info] Snippets: No changes found during synchronizing snippets.
2026-01-06 06:29:23.047 [info] Tasks: No changes found during synchronizing tasks.
2026-01-06 06:29:23.049 [info] Mcp: No changes found during synchronizing mcp.
2026-01-06 06:29:23.051 [info] GlobalState: No changes found during synchronizing ui state.
2026-01-06 06:29:23.074 [info] Extensions: No changes found during synchronizing extensions.
2026-01-06 06:29:23.075 [info] Prompts: No changes found during synchronizing prompts.
2026-01-06 06:29:23.075 [info] Profiles: No changes found during synchronizing profiles.
2026-01-06 06:29:23.076 [info] Sync done. Took 217ms
2026-01-06 06:29:38.306 [info] [AutoSync] Triggered by Activity
2026-01-06 06:29:38.306 [info] Sync started.
2026-01-06 06:29:38.487 [info] Settings: No changes found during synchronizing settings.
2026-01-06 06:29:38.491 [info] Keybindings: No changes found during synchronizing keybindings.
2026-01-06 06:29:38.494 [info] Snippets: No changes found during synchronizing snippets.
2026-01-06 06:29:38.496 [info] Tasks: No changes found during synchronizing tasks.
2026-01-06 06:29:38.498 [info] Mcp: No changes found during synchronizing mcp.
2026-01-06 06:29:38.501 [info] GlobalState: No changes found during synchronizing ui state.
2026-01-06 06:29:38.530 [info] Extensions: No changes found during synchronizing extensions.
2026-01-06 06:29:38.530 [info] Prompts: No changes found during synchronizing prompts.
2026-01-06 06:29:38.531 [info] Profiles: No changes found during synchronizing profiles.
2026-01-06 06:29:38.531 [info] Sync done. Took 226ms
2026-01-06 06:30:07.173 [info] [AutoSync] Triggered by Activity
2026-01-06 06:30:07.173 [info] Sync started.
2026-01-06 06:30:07.400 [info] Settings: No changes found during synchronizing settings.
2026-01-06 06:30:07.407 [info] Keybindings: No changes found during synchronizing keybindings.
2026-01-06 06:30:07.418 [info] Snippets: No changes found during synchronizing snippets.
2026-01-06 06:30:07.424 [info] Tasks: No changes found during synchronizing tasks.
2026-01-06 06:30:07.430 [info] Mcp: No changes found during synchronizing mcp.
2026-01-06 06:30:07.436 [info] GlobalState: No changes found during synchronizing ui state.
2026-01-06 06:30:07.464 [info] Extensions: No changes found during synchronizing extensions.
2026-01-06 06:30:07.468 [info] Prompts: No changes found during synchronizing prompts.
2026-01-06 06:30:07.469 [info] Profiles: No changes found during synchronizing profiles.
2026-01-06 06:30:07.469 [info] Sync done. Took 297ms
2026-01-06 06:30:20.365 [info] [AutoSync] Triggered by Activity
2026-01-06 06:30:20.365 [info] Sync started.
2026-01-06 06:30:20.540 [info] Settings: No changes found during synchronizing settings.
2026-01-06 06:30:20.543 [info] Keybindings: No changes found during synchronizing keybindings.
2026-01-06 06:30:20.546 [info] Snippets: No changes found during synchronizing snippets.
2026-01-06 06:30:20.547 [info] Tasks: No changes found during synchronizing tasks.
2026-01-06 06:30:20.548 [info] Mcp: No changes found during synchronizing mcp.
2026-01-06 06:30:20.551 [info] GlobalState: No changes found during synchronizing ui state.
2026-01-06 06:30:20.577 [info] Extensions: No changes found during synchronizing extensions.
2026-01-06 06:30:20.577 [info] Prompts: No changes found during synchronizing prompts.
2026-01-06 06:30:20.578 [info] Profiles: No changes found during synchronizing profiles.
2026-01-06 06:30:20.578 [info] Sync done. Took 217ms
2026-01-06 06:30:38.773 [info] [AutoSync] Triggered by Activity
2026-01-06 06:30:38.774 [info] Sync started.
2026-01-06 06:30:38.949 [info] Settings: No changes found during synchronizing settings.
2026-01-06 06:30:38.952 [info] Keybindings: No changes found during synchronizing keybindings.
2026-01-06 06:30:38.953 [info] Snippets: No changes found during synchronizing snippets.
2026-01-06 06:30:38.956 [info] Tasks: No changes found during synchronizing tasks.
2026-01-06 06:30:38.959 [info] Mcp: No changes found during synchronizing mcp.
2026-01-06 06:30:38.963 [info] GlobalState: No changes found during synchronizing ui state.
2026-01-06 06:30:38.992 [info] Extensions: No changes found during synchronizing extensions.
2026-01-06 06:30:38.993 [info] Prompts: No changes found during synchronizing prompts.
2026-01-06 06:30:38.993 [info] Profiles: No changes found during synchronizing profiles.
2026-01-06 06:30:38.994 [info] Sync done. Took 224ms
2026-01-06 06:30:52.231 [info] [AutoSync] Triggered by Activity
2026-01-06 06:30:52.231 [info] Sync started.
2026-01-06 06:30:52.423 [info] Settings: No changes found during synchronizing settings.
2026-01-06 06:30:52.424 [info] Keybindings: No changes found during synchronizing keybindings.
2026-01-06 06:30:52.426 [info] Snippets: No changes found during synchronizing snippets.
2026-01-06 06:30:52.427 [info] Tasks: No changes found during synchronizing tasks.
2026-01-06 06:30:52.428 [info] Mcp: No changes found during synchronizing mcp.
2026-01-06 06:30:52.430 [info] GlobalState: No changes found during synchronizing ui state.
2026-01-06 06:30:52.452 [info] Extensions: No changes found during synchronizing extensions.
2026-01-06 06:30:52.453 [info] Prompts: No changes found during synchronizing prompts.
2026-01-06 06:30:52.453 [info] Profiles: No changes found during synchronizing profiles.
2026-01-06 06:30:52.454 [info] Sync done. Took 226ms
2026-01-06 06:31:15.442 [info] [AutoSync] Triggered by Activity
2026-01-06 06:31:15.442 [info] Sync started.
2026-01-06 06:31:15.619 [info] Settings: No changes found during synchronizing settings.
2026-01-06 06:31:15.622 [info] Keybindings: No changes found during synchronizing keybindings.
2026-01-06 06:31:15.624 [info] Snippets: No changes found during synchronizing snippets.
2026-01-06 06:31:15.625 [info] Tasks: No changes found during synchronizing tasks.
2026-01-06 06:31:15.626 [info] Mcp: No changes found during synchronizing mcp.
2026-01-06 06:31:15.628 [info] GlobalState: No changes found during synchronizing ui state.
2026-01-06 06:31:15.675 [info] Extensions: No changes found during synchronizing extensions.
2026-01-06 06:31:15.679 [info] Prompts: No changes found during synchronizing prompts.
2026-01-06 06:31:15.679 [info] Profiles: No changes found during synchronizing profiles.
2026-01-06 06:31:15.679 [info] Sync done. Took 238ms
2026-01-06 06:31:34.907 [info] [AutoSync] Triggered by Activity
2026-01-06 06:31:34.907 [info] Sync started.
2026-01-06 06:31:35.091 [info] Settings: No changes found during synchronizing settings.
2026-01-06 06:31:35.092 [info] Keybindings: No changes found during synchronizing keybindings.
2026-01-06 06:31:35.093 [info] Snippets: No changes found during synchronizing snippets.
2026-01-06 06:31:35.094 [info] Tasks: No changes found during synchronizing tasks.
2026-01-06 06:31:35.095 [info] Mcp: No changes found during synchronizing mcp.
2026-01-06 06:31:35.097 [info] GlobalState: No changes found during synchronizing ui state.
2026-01-06 06:31:35.120 [info] Extensions: No changes found during synchronizing extensions.
2026-01-06 06:31:35.121 [info] Prompts: No changes found during synchronizing prompts.
2026-01-06 06:31:35.122 [info] Profiles: No changes found during synchronizing profiles.
2026-01-06 06:31:35.123 [info] Sync done. Took 216ms
2026-01-06 06:31:48.458 [info] [AutoSync] Triggered by Activity
2026-01-06 06:31:48.458 [info] Sync started.
2026-01-06 06:31:48.648 [info] Settings: No changes found during synchronizing settings.
2026-01-06 06:31:48.650 [info] Keybindings: No changes found during synchronizing keybindings.
2026-01-06 06:31:48.652 [info] Snippets: No changes found during synchronizing snippets.
2026-01-06 06:31:48.654 [info] Tasks: No changes found during synchronizing tasks.
2026-01-06 06:31:48.655 [info] Mcp: No changes found during synchronizing mcp.
2026-01-06 06:31:48.657 [info] GlobalState: No changes found during synchronizing ui state.
2026-01-06 06:31:48.680 [info] Extensions: No changes found during synchronizing extensions.
2026-01-06 06:31:48.681 [info] Prompts: No changes found during synchronizing prompts.
2026-01-06 06:31:48.682 [info] Profiles: No changes found during synchronizing profiles.
2026-01-06 06:31:48.683 [info] Sync done. Took 227ms
2026-01-06 06:32:00.450 [info] [AutoSync] Triggered by Activity
2026-01-06 06:32:00.450 [info] Sync started.
2026-01-06 06:32:00.631 [info] Settings: No changes found during synchronizing settings.
2026-01-06 06:32:00.633 [info] Keybindings: No changes found during synchronizing keybindings.
2026-01-06 06:32:00.634 [info] Snippets: No changes found during synchronizing snippets.
2026-01-06 06:32:00.635 [info] Tasks: No changes found during synchronizing tasks.
2026-01-06 06:32:00.636 [info] Mcp: No changes found during synchronizing mcp.
2026-01-06 06:32:00.637 [info] GlobalState: No changes found during synchronizing ui state.
2026-01-06 06:32:00.660 [info] Extensions: No changes found during synchronizing extensions.
2026-01-06 06:32:00.661 [info] Prompts: No changes found during synchronizing prompts.
2026-01-06 06:32:00.661 [info] Profiles: No changes found during synchronizing profiles.
2026-01-06 06:32:00.662 [info] Sync done. Took 212ms
2026-01-06 06:32:11.712 [info] [AutoSync] Triggered by Activity
2026-01-06 06:32:11.712 [info] Sync started.
2026-01-06 06:32:11.894 [info] Settings: No changes found during synchronizing settings.
2026-01-06 06:32:11.895 [info] Keybindings: No changes found during synchronizing keybindings.
2026-01-06 06:32:11.897 [info] Snippets: No changes found during synchronizing snippets.
2026-01-06 06:32:11.897 [info] Tasks: No changes found during synchronizing tasks.
2026-01-06 06:32:11.898 [info] Mcp: No changes found during synchronizing mcp.
2026-01-06 06:32:11.900 [info] GlobalState: No changes found during synchronizing ui state.
2026-01-06 06:32:11.927 [info] Extensions: No changes found during synchronizing extensions.
2026-01-06 06:32:11.928 [info] Prompts: No changes found during synchronizing prompts.
2026-01-06 06:32:11.928 [info] Profiles: No changes found during synchronizing profiles.
2026-01-06 06:32:11.929 [info] Sync done. Took 218ms
2026-01-06 06:32:31.367 [info] [AutoSync] Triggered by Activity
2026-01-06 06:32:31.367 [info] Sync started.
2026-01-06 06:32:31.592 [info] Settings: No changes found during synchronizing settings.
2026-01-06 06:32:31.593 [info] Keybindings: No changes found during synchronizing keybindings.
2026-01-06 06:32:31.595 [info] Snippets: No changes found during synchronizing snippets.
2026-01-06 06:32:31.596 [info] Tasks: No changes found during synchronizing tasks.
2026-01-06 06:32:31.596 [info] Mcp: No changes found during synchronizing mcp.
2026-01-06 06:32:31.598 [info] GlobalState: No changes found during synchronizing ui state.
2026-01-06 06:32:31.621 [info] Extensions: No changes found during synchronizing extensions.
2026-01-06 06:32:31.622 [info] Prompts: No changes found during synchronizing prompts.
2026-01-06 06:32:31.622 [info] Profiles: No changes found during synchronizing profiles.
2026-01-06 06:32:31.626 [info] Sync done. Took 260ms
2026-01-06 06:32:51.892 [info] [AutoSync] Triggered by Activity
2026-01-06 06:32:51.893 [info] Sync started.
2026-01-06 06:32:52.124 [info] Settings: No changes found during synchronizing settings.
2026-01-06 06:32:52.129 [info] Keybindings: No changes found during synchronizing keybindings.
2026-01-06 06:32:52.134 [info] Snippets: No changes found during synchronizing snippets.
2026-01-06 06:32:52.135 [info] Tasks: No changes found during synchronizing tasks.
2026-01-06 06:32:52.136 [info] Mcp: No changes found during synchronizing mcp.
2026-01-06 06:32:52.137 [info] GlobalState: No changes found during synchronizing ui state.
2026-01-06 06:32:52.159 [info] Extensions: No changes found during synchronizing extensions.
2026-01-06 06:32:52.160 [info] Prompts: No changes found during synchronizing prompts.
2026-01-06 06:32:52.161 [info] Profiles: No changes found during synchronizing profiles.
2026-01-06 06:32:52.161 [info] Sync done. Took 271ms
2026-01-06 06:33:03.043 [info] [AutoSync] Triggered by Activity
2026-01-06 06:33:03.044 [info] Sync started.
2026-01-06 06:33:03.215 [info] Settings: No changes found during synchronizing settings.
2026-01-06 06:33:03.218 [info] Keybindings: No changes found during synchronizing keybindings.
2026-01-06 06:33:03.223 [info] Snippets: No changes found during synchronizing snippets.
2026-01-06 06:33:03.225 [info] Tasks: No changes found during synchronizing tasks.
2026-01-06 06:33:03.226 [info] Mcp: No changes found during synchronizing mcp.
2026-01-06 06:33:03.229 [info] GlobalState: No changes found during synchronizing ui state.
2026-01-06 06:33:03.258 [info] Extensions: No changes found during synchronizing extensions.
2026-01-06 06:33:03.259 [info] Prompts: No changes found during synchronizing prompts.
2026-01-06 06:33:03.259 [info] Profiles: No changes found during synchronizing profiles.
2026-01-06 06:33:03.260 [info] Sync done. Took 218ms
2026-01-06 06:33:29.002 [info] [AutoSync] Triggered by Activity
2026-01-06 06:33:29.003 [info] Sync started.
2026-01-06 06:33:29.199 [info] Settings: No changes found during synchronizing settings.
2026-01-06 06:33:29.201 [info] Keybindings: No changes found during synchronizing keybindings.
2026-01-06 06:33:29.203 [info] Snippets: No changes found during synchronizing snippets.
2026-01-06 06:33:29.204 [info] Tasks: No changes found during synchronizing tasks.
2026-01-06 06:33:29.206 [info] Mcp: No changes found during synchronizing mcp.
2026-01-06 06:33:29.208 [info] GlobalState: No changes found during synchronizing ui state.
2026-01-06 06:33:29.232 [info] Extensions: No changes found during synchronizing extensions.
2026-01-06 06:33:29.233 [info] Prompts: No changes found during synchronizing prompts.
2026-01-06 06:33:29.233 [info] Profiles: No changes found during synchronizing profiles.
2026-01-06 06:33:29.234 [info] Sync done. Took 233ms
2026-01-06 06:34:01.138 [info] [AutoSync] Triggered by Activity
2026-01-06 06:34:01.138 [info] Sync started.
2026-01-06 06:34:01.322 [info] Settings: No changes found during synchronizing settings.
2026-01-06 06:34:01.323 [info] Keybindings: No changes found during synchronizing keybindings.
2026-01-06 06:34:01.325 [info] Snippets: No changes found during synchronizing snippets.
2026-01-06 06:34:01.327 [info] Tasks: No changes found during synchronizing tasks.
2026-01-06 06:34:01.328 [info] Mcp: No changes found during synchronizing mcp.
2026-01-06 06:34:01.330 [info] GlobalState: No changes found during synchronizing ui state.
2026-01-06 06:34:01.362 [info] Extensions: No changes found during synchronizing extensions.
2026-01-06 06:34:01.363 [info] Prompts: No changes found during synchronizing prompts.
2026-01-06 06:34:01.363 [info] Profiles: No changes found during synchronizing profiles.
2026-01-06 06:34:01.369 [info] Sync done. Took 232ms
2026-01-06 06:35:11.472 [info] [AutoSync] Triggered by Activity
2026-01-06 06:35:11.472 [info] Sync started.
2026-01-06 06:35:11.642 [info] Settings: No changes found during synchronizing settings.
2026-01-06 06:35:11.643 [info] Keybindings: No changes found during synchronizing keybindings.
2026-01-06 06:35:11.644 [info] Snippets: No changes found during synchronizing snippets.
2026-01-06 06:35:11.645 [info] Tasks: No changes found during synchronizing tasks.
2026-01-06 06:35:11.646 [info] Mcp: No changes found during synchronizing mcp.
2026-01-06 06:35:11.647 [info] GlobalState: No changes found during synchronizing ui state.
2026-01-06 06:35:11.672 [info] Extensions: No changes found during synchronizing extensions.
2026-01-06 06:35:11.675 [info] Prompts: No changes found during synchronizing prompts.
2026-01-06 06:35:11.676 [info] Profiles: No changes found during synchronizing profiles.
2026-01-06 06:35:11.676 [info] Sync done. Took 206ms
2026-01-06 06:36:48.669 [info] [AutoSync] Triggered by Activity
2026-01-06 06:36:48.669 [info] Sync started.
2026-01-06 06:36:49.016 [info] Settings: No changes found during synchronizing settings.
2026-01-06 06:36:49.018 [info] Keybindings: No changes found during synchronizing keybindings.
2026-01-06 06:36:49.022 [info] Snippets: No changes found during synchronizing snippets.
2026-01-06 06:36:49.023 [info] Tasks: No changes found during synchronizing tasks.
2026-01-06 06:36:49.027 [info] Mcp: No changes found during synchronizing mcp.
2026-01-06 06:36:49.034 [info] GlobalState: No changes found during synchronizing ui state.
2026-01-06 06:36:49.061 [info] Extensions: No changes found during synchronizing extensions.
2026-01-06 06:36:49.063 [info] Prompts: No changes found during synchronizing prompts.
2026-01-06 06:36:49.063 [info] Profiles: No changes found during synchronizing profiles.
2026-01-06 06:36:49.064 [info] Sync done. Took 396ms
2026-01-06 06:37:15.820 [info] [AutoSync] Triggered by Activity
2026-01-06 06:37:15.820 [info] Sync started.
2026-01-06 06:37:16.047 [info] Settings: No changes found during synchronizing settings.
2026-01-06 06:37:16.049 [info] Keybindings: No changes found during synchronizing keybindings.
2026-01-06 06:37:16.051 [info] Snippets: No changes found during synchronizing snippets.
2026-01-06 06:37:16.052 [info] Tasks: No changes found during synchronizing tasks.
2026-01-06 06:37:16.053 [info] Mcp: No changes found during synchronizing mcp.
2026-01-06 06:37:16.055 [info] GlobalState: No changes found during synchronizing ui state.
2026-01-06 06:37:16.083 [info] Extensions: No changes found during synchronizing extensions.
2026-01-06 06:37:16.084 [info] Prompts: No changes found during synchronizing prompts.
2026-01-06 06:37:16.085 [info] Profiles: No changes found during synchronizing profiles.
2026-01-06 06:37:16.086 [info] Sync done. Took 267ms
2026-01-06 06:37:37.650 [info] [AutoSync] Triggered by Activity
2026-01-06 06:37:37.650 [info] Sync started.
2026-01-06 06:37:37.839 [info] Settings: No changes found during synchronizing settings.
2026-01-06 06:37:37.841 [info] Keybindings: No changes found during synchronizing keybindings.
2026-01-06 06:37:37.844 [info] Snippets: No changes found during synchronizing snippets.
2026-01-06 06:37:37.845 [info] Tasks: No changes found during synchronizing tasks.
2026-01-06 06:37:37.846 [info] Mcp: No changes found during synchronizing mcp.
2026-01-06 06:37:37.847 [info] GlobalState: No changes found during synchronizing ui state.
2026-01-06 06:37:37.874 [info] Extensions: No changes found during synchronizing extensions.
2026-01-06 06:37:37.876 [info] Prompts: No changes found during synchronizing prompts.
2026-01-06 06:37:37.876 [info] Profiles: No changes found during synchronizing profiles.
2026-01-06 06:37:37.877 [info] Sync done. Took 229ms
2026-01-06 06:37:58.889 [info] [AutoSync] Triggered by Activity
2026-01-06 06:37:58.890 [info] Sync started.
2026-01-06 06:37:59.072 [info] Settings: No changes found during synchronizing settings.
2026-01-06 06:37:59.073 [info] Keybindings: No changes found during synchronizing keybindings.
2026-01-06 06:37:59.074 [info] Snippets: No changes found during synchronizing snippets.
2026-01-06 06:37:59.075 [info] Tasks: No changes found during synchronizing tasks.
2026-01-06 06:37:59.076 [info] Mcp: No changes found during synchronizing mcp.
2026-01-06 06:37:59.078 [info] GlobalState: No changes found during synchronizing ui state.
2026-01-06 06:37:59.103 [info] Extensions: No changes found during synchronizing extensions.
2026-01-06 06:37:59.105 [info] Prompts: No changes found during synchronizing prompts.
2026-01-06 06:37:59.106 [info] Profiles: No changes found during synchronizing profiles.
2026-01-06 06:37:59.107 [info] Sync done. Took 219ms
2026-01-06 06:38:13.882 [info] [AutoSync] Triggered by Activity
2026-01-06 06:38:13.882 [info] Sync started.
2026-01-06 06:38:14.095 [info] Settings: No changes found during synchronizing settings.
2026-01-06 06:38:14.097 [info] Keybindings: No changes found during synchronizing keybindings.
2026-01-06 06:38:14.098 [info] Snippets: No changes found during synchronizing snippets.
2026-01-06 06:38:14.099 [info] Tasks: No changes found during synchronizing tasks.
2026-01-06 06:38:14.100 [info] Mcp: No changes found during synchronizing mcp.
2026-01-06 06:38:14.102 [info] GlobalState: No changes found during synchronizing ui state.
2026-01-06 06:38:14.124 [info] Extensions: No changes found during synchronizing extensions.
2026-01-06 06:38:14.126 [info] Prompts: No changes found during synchronizing prompts.
2026-01-06 06:38:14.126 [info] Profiles: No changes found during synchronizing profiles.
2026-01-06 06:38:14.127 [info] Sync done. Took 246ms
2026-01-06 06:40:50.342 [info] [AutoSync] Triggered by Activity
2026-01-06 06:40:50.343 [info] Sync started.
2026-01-06 06:40:51.133 [info] Settings: No changes found during synchronizing settings.
2026-01-06 06:40:51.135 [info] Keybindings: No changes found during synchronizing keybindings.
2026-01-06 06:40:51.137 [info] Snippets: No changes found during synchronizing snippets.
2026-01-06 06:40:51.138 [info] Tasks: No changes found during synchronizing tasks.
2026-01-06 06:40:51.139 [info] Mcp: No changes found during synchronizing mcp.
2026-01-06 06:40:51.140 [info] GlobalState: No changes found during synchronizing ui state.
2026-01-06 06:40:51.162 [info] Extensions: No changes found during synchronizing extensions.
2026-01-06 06:40:51.164 [info] Prompts: No changes found during synchronizing prompts.
2026-01-06 06:40:51.164 [info] Profiles: No changes found during synchronizing profiles.
2026-01-06 06:40:51.165 [info] Sync done. Took 824ms
2026-01-06 06:44:01.237 [info] [AutoSync] Triggered by Activity
2026-01-06 06:44:01.238 [info] Sync started.
2026-01-06 06:44:02.052 [info] Settings: No changes found during synchronizing settings.
2026-01-06 06:44:02.054 [info] Keybindings: No changes found during synchronizing keybindings.
2026-01-06 06:44:02.057 [info] Snippets: No changes found during synchronizing snippets.
2026-01-06 06:44:02.058 [info] Tasks: No changes found during synchronizing tasks.
2026-01-06 06:44:02.059 [info] Mcp: No changes found during synchronizing mcp.
2026-01-06 06:44:02.062 [info] GlobalState: No changes found during synchronizing ui state.
2026-01-06 06:44:02.095 [info] Extensions: No changes found during synchronizing extensions.
2026-01-06 06:44:02.095 [info] Prompts: No changes found during synchronizing prompts.
2026-01-06 06:44:02.096 [info] Profiles: No changes found during synchronizing profiles.
2026-01-06 06:44:02.096 [info] Sync done. Took 861ms
2026-01-06 06:48:12.558 [info] [AutoSync] Triggered by Activity
2026-01-06 06:48:12.558 [info] Sync started.
2026-01-06 06:48:13.411 [info] Settings: No changes found during synchronizing settings.
2026-01-06 06:48:13.416 [info] Keybindings: No changes found during synchronizing keybindings.
2026-01-06 06:48:13.420 [info] Snippets: No changes found during synchronizing snippets.
2026-01-06 06:48:13.425 [info] Tasks: No changes found during synchronizing tasks.
2026-01-06 06:48:13.427 [info] Mcp: No changes found during synchronizing mcp.
2026-01-06 06:48:13.432 [info] GlobalState: No changes found during synchronizing ui state.
2026-01-06 06:48:13.467 [info] Extensions: No changes found during synchronizing extensions.
2026-01-06 06:48:13.467 [info] Prompts: No changes found during synchronizing prompts.
2026-01-06 06:48:13.468 [info] Profiles: No changes found during synchronizing profiles.
2026-01-06 06:48:13.468 [info] Sync done. Took 912ms
2026-01-06 06:48:27.964 [info] [AutoSync] Triggered by Activity
2026-01-06 06:48:27.965 [info] Sync started.
2026-01-06 06:48:28.179 [info] Settings: No changes found during synchronizing settings.
2026-01-06 06:48:28.180 [info] Keybindings: No changes found during synchronizing keybindings.
2026-01-06 06:48:28.181 [info] Snippets: No changes found during synchronizing snippets.
2026-01-06 06:48:28.181 [info] Tasks: No changes found during synchronizing tasks.
2026-01-06 06:48:28.182 [info] Mcp: No changes found during synchronizing mcp.
2026-01-06 06:48:28.184 [info] GlobalState: No changes found during synchronizing ui state.
2026-01-06 06:48:28.208 [info] Extensions: No changes found during synchronizing extensions.
2026-01-06 06:48:28.208 [info] Prompts: No changes found during synchronizing prompts.
2026-01-06 06:48:28.209 [info] Profiles: No changes found during synchronizing profiles.
2026-01-06 06:48:28.209 [info] Sync done. Took 247ms
2026-01-06 06:48:38.061 [info] [AutoSync] Triggered by Activity
2026-01-06 06:48:38.061 [info] Sync started.
2026-01-06 06:48:38.235 [info] Settings: No changes found during synchronizing settings.
2026-01-06 06:48:38.236 [info] Keybindings: No changes found during synchronizing keybindings.
2026-01-06 06:48:38.237 [info] Snippets: No changes found during synchronizing snippets.
2026-01-06 06:48:38.237 [info] Tasks: No changes found during synchronizing tasks.
2026-01-06 06:48:38.238 [info] Mcp: No changes found during synchronizing mcp.
2026-01-06 06:48:38.240 [info] GlobalState: No changes found during synchronizing ui state.
2026-01-06 06:48:38.263 [info] Extensions: No changes found during synchronizing extensions.
2026-01-06 06:48:38.265 [info] Prompts: No changes found during synchronizing prompts.
2026-01-06 06:48:38.265 [info] Profiles: No changes found during synchronizing profiles.
2026-01-06 06:48:38.266 [info] Sync done. Took 209ms
2026-01-06 06:48:52.665 [info] [AutoSync] Triggered by Activity
2026-01-06 06:48:52.666 [info] Sync started.
2026-01-06 06:48:52.873 [info] Settings: No changes found during synchronizing settings.
2026-01-06 06:48:52.878 [info] Keybindings: No changes found during synchronizing keybindings.
2026-01-06 06:48:52.880 [info] Snippets: No changes found during synchronizing snippets.
2026-01-06 06:48:52.881 [info] Tasks: No changes found during synchronizing tasks.
2026-01-06 06:48:52.884 [info] Mcp: No changes found during synchronizing mcp.
2026-01-06 06:48:52.888 [info] GlobalState: No changes found during synchronizing ui state.
2026-01-06 06:48:52.919 [info] Extensions: No changes found during synchronizing extensions.
2026-01-06 06:48:52.920 [info] Prompts: No changes found during synchronizing prompts.
2026-01-06 06:48:52.920 [info] Profiles: No changes found during synchronizing profiles.
2026-01-06 06:48:52.920 [info] Sync done. Took 256ms
2026-01-06 06:51:10.390 [info] [AutoSync] Triggered by Activity
2026-01-06 06:51:10.391 [info] Sync started.
2026-01-06 06:51:11.205 [info] Settings: No changes found during synchronizing settings.
2026-01-06 06:51:11.207 [info] Keybindings: No changes found during synchronizing keybindings.
2026-01-06 06:51:11.209 [info] Snippets: No changes found during synchronizing snippets.
2026-01-06 06:51:11.211 [info] Tasks: No changes found during synchronizing tasks.
2026-01-06 06:51:11.212 [info] Mcp: No changes found during synchronizing mcp.
2026-01-06 06:51:11.213 [info] GlobalState: No changes found during synchronizing ui state.
2026-01-06 06:51:11.234 [info] Extensions: No changes found during synchronizing extensions.
2026-01-06 06:51:11.235 [info] Prompts: No changes found during synchronizing prompts.
2026-01-06 06:51:11.236 [info] Profiles: No changes found during synchronizing profiles.
2026-01-06 06:51:11.236 [info] Sync done. Took 848ms
2026-01-06 06:51:27.296 [info] [AutoSync] Triggered by Activity
2026-01-06 06:51:27.296 [info] Sync started.
2026-01-06 06:51:27.481 [info] Settings: No changes found during synchronizing settings.
2026-01-06 06:51:27.486 [info] Keybindings: No changes found during synchronizing keybindings.
2026-01-06 06:51:27.494 [info] Snippets: No changes found during synchronizing snippets.
2026-01-06 06:51:27.499 [info] Tasks: No changes found during synchronizing tasks.
2026-01-06 06:51:27.506 [info] Mcp: No changes found during synchronizing mcp.
2026-01-06 06:51:27.511 [info] GlobalState: No changes found during synchronizing ui state.
2026-01-06 06:51:27.538 [info] Extensions: No changes found during synchronizing extensions.
2026-01-06 06:51:27.539 [info] Prompts: No changes found during synchronizing prompts.
2026-01-06 06:51:27.540 [info] Profiles: No changes found during synchronizing profiles.
2026-01-06 06:51:27.540 [info] Sync done. Took 245ms
2026-01-06 06:51:38.584 [info] [AutoSync] Triggered by Activity
2026-01-06 06:51:38.584 [info] Sync started.
2026-01-06 06:51:38.774 [info] Settings: No changes found during synchronizing settings.
2026-01-06 06:51:38.780 [info] Keybindings: No changes found during synchronizing keybindings.
2026-01-06 06:51:38.782 [info] Snippets: No changes found during synchronizing snippets.
2026-01-06 06:51:38.783 [info] Tasks: No changes found during synchronizing tasks.
2026-01-06 06:51:38.784 [info] Mcp: No changes found during synchronizing mcp.
2026-01-06 06:51:38.785 [info] GlobalState: No changes found during synchronizing ui state.
2026-01-06 06:51:38.809 [info] Extensions: No changes found during synchronizing extensions.
2026-01-06 06:51:38.811 [info] Prompts: No changes found during synchronizing prompts.
2026-01-06 06:51:38.811 [info] Profiles: No changes found during synchronizing profiles.
2026-01-06 06:51:38.811 [info] Sync done. Took 231ms
2026-01-06 06:51:59.875 [info] [AutoSync] Triggered by Activity
2026-01-06 06:51:59.875 [info] Sync started.
2026-01-06 06:52:00.095 [info] Settings: No changes found during synchronizing settings.
2026-01-06 06:52:00.096 [info] Keybindings: No changes found during synchronizing keybindings.
2026-01-06 06:52:00.097 [info] Snippets: No changes found during synchronizing snippets.
2026-01-06 06:52:00.098 [info] Tasks: No changes found during synchronizing tasks.
2026-01-06 06:52:00.099 [info] Mcp: No changes found during synchronizing mcp.
2026-01-06 06:52:00.101 [info] GlobalState: No changes found during synchronizing ui state.
2026-01-06 06:52:00.124 [info] Extensions: No changes found during synchronizing extensions.
2026-01-06 06:52:00.124 [info] Prompts: No changes found during synchronizing prompts.
2026-01-06 06:52:00.125 [info] Profiles: No changes found during synchronizing profiles.
2026-01-06 06:52:00.125 [info] Sync done. Took 251ms
2026-01-06 06:52:16.186 [info] [AutoSync] Triggered by Activity
2026-01-06 06:52:16.186 [info] Sync started.
2026-01-06 06:52:16.427 [info] Settings: No changes found during synchronizing settings.
2026-01-06 06:52:16.429 [info] Keybindings: No changes found during synchronizing keybindings.
2026-01-06 06:52:16.431 [info] Snippets: No changes found during synchronizing snippets.
2026-01-06 06:52:16.432 [info] Tasks: No changes found during synchronizing tasks.
2026-01-06 06:52:16.433 [info] Mcp: No changes found during synchronizing mcp.
2026-01-06 06:52:16.435 [info] GlobalState: No changes found during synchronizing ui state.
2026-01-06 06:52:16.484 [info] Extensions: No changes found during synchronizing extensions.
2026-01-06 06:52:16.485 [info] Prompts: No changes found during synchronizing prompts.
2026-01-06 06:52:16.485 [info] Profiles: No changes found during synchronizing profiles.
2026-01-06 06:52:16.486 [info] Sync done. Took 300ms
2026-01-06 06:52:31.324 [info] [AutoSync] Triggered by Activity
2026-01-06 06:52:31.324 [info] Sync started.
2026-01-06 06:52:31.493 [info] Settings: No changes found during synchronizing settings.
2026-01-06 06:52:31.495 [info] Keybindings: No changes found during synchronizing keybindings.
2026-01-06 06:52:31.497 [info] Snippets: No changes found during synchronizing snippets.
2026-01-06 06:52:31.500 [info] Tasks: No changes found during synchronizing tasks.
2026-01-06 06:52:31.502 [info] Mcp: No changes found during synchronizing mcp.
2026-01-06 06:52:31.505 [info] GlobalState: No changes found during synchronizing ui state.
2026-01-06 06:52:31.526 [info] Extensions: No changes found during synchronizing extensions.
2026-01-06 06:52:31.527 [info] Prompts: No changes found during synchronizing prompts.
2026-01-06 06:52:31.527 [info] Profiles: No changes found during synchronizing profiles.
2026-01-06 06:52:31.527 [info] Sync done. Took 205ms
2026-01-06 06:52:50.450 [info] [AutoSync] Triggered by Activity
2026-01-06 06:52:50.451 [info] Sync started.
2026-01-06 06:52:50.620 [info] Settings: No changes found during synchronizing settings.
2026-01-06 06:52:50.621 [info] Keybindings: No changes found during synchronizing keybindings.
2026-01-06 06:52:50.623 [info] Snippets: No changes found during synchronizing snippets.
2026-01-06 06:52:50.623 [info] Tasks: No changes found during synchronizing tasks.
2026-01-06 06:52:50.624 [info] Mcp: No changes found during synchronizing mcp.
2026-01-06 06:52:50.626 [info] GlobalState: No changes found during synchronizing ui state.
2026-01-06 06:52:50.647 [info] Extensions: No changes found during synchronizing extensions.
2026-01-06 06:52:50.648 [info] Prompts: No changes found during synchronizing prompts.
2026-01-06 06:52:50.648 [info] Profiles: No changes found during synchronizing profiles.
2026-01-06 06:52:50.649 [info] Sync done. Took 202ms
2026-01-06 06:53:01.692 [info] [AutoSync] Triggered by Activity
2026-01-06 06:53:01.693 [info] Sync started.
2026-01-06 06:53:01.879 [info] Settings: No changes found during synchronizing settings.
2026-01-06 06:53:01.885 [info] Keybindings: No changes found during synchronizing keybindings.
2026-01-06 06:53:01.892 [info] Snippets: No changes found during synchronizing snippets.
2026-01-06 06:53:01.897 [info] Tasks: No changes found during synchronizing tasks.
2026-01-06 06:53:01.902 [info] Mcp: No changes found during synchronizing mcp.
2026-01-06 06:53:01.905 [info] GlobalState: No changes found during synchronizing ui state.
2026-01-06 06:53:01.931 [info] Extensions: No changes found during synchronizing extensions.
2026-01-06 06:53:01.932 [info] Prompts: No changes found during synchronizing prompts.
2026-01-06 06:53:01.932 [info] Profiles: No changes found during synchronizing profiles.
2026-01-06 06:53:01.932 [info] Sync done. Took 242ms
2026-01-06 06:53:19.884 [info] [AutoSync] Triggered by Activity
2026-01-06 06:53:19.884 [info] Sync started.
2026-01-06 06:53:20.048 [info] Settings: No changes found during synchronizing settings.
2026-01-06 06:53:20.049 [info] Keybindings: No changes found during synchronizing keybindings.
2026-01-06 06:53:20.050 [info] Snippets: No changes found during synchronizing snippets.
2026-01-06 06:53:20.051 [info] Tasks: No changes found during synchronizing tasks.
2026-01-06 06:53:20.051 [info] Mcp: No changes found during synchronizing mcp.
2026-01-06 06:53:20.053 [info] GlobalState: No changes found during synchronizing ui state.
2026-01-06 06:53:20.072 [info] Extensions: No changes found during synchronizing extensions.
2026-01-06 06:53:20.073 [info] Prompts: No changes found during synchronizing prompts.
2026-01-06 06:53:20.073 [info] Profiles: No changes found during synchronizing profiles.
2026-01-06 06:53:20.074 [info] Sync done. Took 191ms
2026-01-06 06:53:47.625 [info] [AutoSync] Triggered by Activity
2026-01-06 06:53:47.625 [info] Sync started.
2026-01-06 06:53:47.804 [info] Settings: No changes found during synchronizing settings.
2026-01-06 06:53:47.809 [info] Keybindings: No changes found during synchronizing keybindings.
2026-01-06 06:53:47.814 [info] Snippets: No changes found during synchronizing snippets.
2026-01-06 06:53:47.818 [info] Tasks: No changes found during synchronizing tasks.
2026-01-06 06:53:47.820 [info] Mcp: No changes found during synchronizing mcp.
2026-01-06 06:53:47.822 [info] GlobalState: No changes found during synchronizing ui state.
2026-01-06 06:53:47.848 [info] Extensions: No changes found during synchronizing extensions.
2026-01-06 06:53:47.851 [info] Prompts: No changes found during synchronizing prompts.
2026-01-06 06:53:47.852 [info] Profiles: No changes found during synchronizing profiles.
2026-01-06 06:53:47.852 [info] Sync done. Took 230ms
2026-01-06 06:54:01.521 [info] [AutoSync] Triggered by Activity
2026-01-06 06:54:01.522 [info] Sync started.
2026-01-06 06:54:01.694 [info] Settings: No changes found during synchronizing settings.
2026-01-06 06:54:01.695 [info] Keybindings: No changes found during synchronizing keybindings.
2026-01-06 06:54:01.696 [info] Snippets: No changes found during synchronizing snippets.
2026-01-06 06:54:01.697 [info] Tasks: No changes found during synchronizing tasks.
2026-01-06 06:54:01.698 [info] Mcp: No changes found during synchronizing mcp.
2026-01-06 06:54:01.699 [info] GlobalState: No changes found during synchronizing ui state.
2026-01-06 06:54:01.721 [info] Extensions: No changes found during synchronizing extensions.
2026-01-06 06:54:01.722 [info] Prompts: No changes found during synchronizing prompts.
2026-01-06 06:54:01.722 [info] Profiles: No changes found during synchronizing profiles.
2026-01-06 06:54:01.723 [info] Sync done. Took 205ms
2026-01-06 06:54:41.177 [info] [AutoSync] Triggered by Activity
2026-01-06 06:54:41.178 [info] Sync started.
2026-01-06 06:54:41.356 [info] Settings: No changes found during synchronizing settings.
2026-01-06 06:54:41.357 [info] Keybindings: No changes found during synchronizing keybindings.
2026-01-06 06:54:41.359 [info] Snippets: No changes found during synchronizing snippets.
2026-01-06 06:54:41.360 [info] Tasks: No changes found during synchronizing tasks.
2026-01-06 06:54:41.361 [info] Mcp: No changes found during synchronizing mcp.
2026-01-06 06:54:41.363 [info] GlobalState: No changes found during synchronizing ui state.
2026-01-06 06:54:41.385 [info] Extensions: No changes found during synchronizing extensions.
2026-01-06 06:54:41.386 [info] Prompts: No changes found during synchronizing prompts.
2026-01-06 06:54:41.387 [info] Profiles: No changes found during synchronizing profiles.
2026-01-06 06:54:41.387 [info] Sync done. Took 212ms
2026-01-06 06:58:08.376 [info] [AutoSync] Triggered by Activity
2026-01-06 06:58:08.376 [info] Sync started.
2026-01-06 06:58:09.193 [info] Settings: No changes found during synchronizing settings.
2026-01-06 06:58:09.194 [info] Keybindings: No changes found during synchronizing keybindings.
2026-01-06 06:58:09.195 [info] Snippets: No changes found during synchronizing snippets.
2026-01-06 06:58:09.197 [info] Tasks: No changes found during synchronizing tasks.
2026-01-06 06:58:09.198 [info] Mcp: No changes found during synchronizing mcp.
2026-01-06 06:58:09.202 [info] GlobalState: No changes found during synchronizing ui state.
2026-01-06 06:58:09.231 [info] Extensions: No changes found during synchronizing extensions.
2026-01-06 06:58:09.233 [info] Prompts: No changes found during synchronizing prompts.
2026-01-06 06:58:09.233 [info] Profiles: No changes found during synchronizing profiles.
2026-01-06 06:58:09.233 [info] Sync done. Took 859ms
2026-01-06 06:58:21.766 [info] [AutoSync] Triggered by Activity
2026-01-06 06:58:21.766 [info] Sync started.
2026-01-06 06:58:21.947 [info] Settings: No changes found during synchronizing settings.
2026-01-06 06:58:21.950 [info] Keybindings: No changes found during synchronizing keybindings.
2026-01-06 06:58:21.953 [info] Snippets: No changes found during synchronizing snippets.
2026-01-06 06:58:21.955 [info] Tasks: No changes found during synchronizing tasks.
2026-01-06 06:58:21.959 [info] Mcp: No changes found during synchronizing mcp.
2026-01-06 06:58:21.963 [info] GlobalState: No changes found during synchronizing ui state.
2026-01-06 06:58:21.989 [info] Extensions: No changes found during synchronizing extensions.
2026-01-06 06:58:21.991 [info] Prompts: No changes found during synchronizing prompts.
2026-01-06 06:58:21.991 [info] Profiles: No changes found during synchronizing profiles.
2026-01-06 06:58:21.991 [info] Sync done. Took 227ms
2026-01-06 07:03:22.002 [info] [AutoSync] Triggered by Interval
2026-01-06 07:03:22.003 [info] Sync started.
2026-01-06 07:03:22.847 [info] Settings: No changes found during synchronizing settings.
2026-01-06 07:03:22.850 [info] Keybindings: No changes found during synchronizing keybindings.
2026-01-06 07:03:22.852 [info] Snippets: No changes found during synchronizing snippets.
2026-01-06 07:03:22.853 [info] Tasks: No changes found during synchronizing tasks.
2026-01-06 07:03:22.855 [info] Mcp: No changes found during synchronizing mcp.
2026-01-06 07:03:22.858 [info] GlobalState: No changes found during synchronizing ui state.
2026-01-06 07:03:22.879 [info] Extensions: No changes found during synchronizing extensions.
2026-01-06 07:03:22.880 [info] Prompts: No changes found during synchronizing prompts.
2026-01-06 07:03:22.880 [info] Profiles: No changes found during synchronizing profiles.
2026-01-06 07:03:22.880 [info] Sync done. Took 880ms
2026-01-06 07:06:34.169 [info] [AutoSync] Triggered by Activity
2026-01-06 07:06:34.170 [info] Sync started.
2026-01-06 07:06:34.993 [info] Settings: No changes found during synchronizing settings.
2026-01-06 07:06:34.999 [info] Keybindings: No changes found during synchronizing keybindings.
2026-01-06 07:06:35.004 [info] Snippets: No changes found during synchronizing snippets.
2026-01-06 07:06:35.009 [info] Tasks: No changes found during synchronizing tasks.
2026-01-06 07:06:35.013 [info] Mcp: No changes found during synchronizing mcp.
2026-01-06 07:06:35.018 [info] GlobalState: No changes found during synchronizing ui state.
2026-01-06 07:06:35.044 [info] Extensions: No changes found during synchronizing extensions.
2026-01-06 07:06:35.045 [info] Prompts: No changes found during synchronizing prompts.
2026-01-06 07:06:35.045 [info] Profiles: No changes found during synchronizing profiles.
2026-01-06 07:06:35.046 [info] Sync done. Took 879ms
2026-01-06 07:09:57.320 [info] [AutoSync] Triggered by Activity
2026-01-06 07:09:57.320 [info] Sync started.
2026-01-06 07:09:57.987 [info] Settings: No changes found during synchronizing settings.
2026-01-06 07:09:57.990 [info] Keybindings: No changes found during synchronizing keybindings.
2026-01-06 07:09:57.994 [info] Snippets: No changes found during synchronizing snippets.
2026-01-06 07:09:58.003 [info] Tasks: No changes found during synchronizing tasks.
2026-01-06 07:09:58.009 [info] Mcp: No changes found during synchronizing mcp.
2026-01-06 07:09:58.019 [info] GlobalState: No changes found during synchronizing ui state.
2026-01-06 07:09:58.050 [info] Extensions: No changes found during synchronizing extensions.
2026-01-06 07:09:58.054 [info] Prompts: No changes found during synchronizing prompts.
2026-01-06 07:09:58.054 [info] Profiles: No changes found during synchronizing profiles.
2026-01-06 07:09:58.054 [info] Sync done. Took 736ms
2026-01-06 07:10:14.417 [info] [AutoSync] Triggered by Activity
2026-01-06 07:10:14.417 [info] Sync started.
2026-01-06 07:10:14.590 [info] Settings: No changes found during synchronizing settings.
2026-01-06 07:10:14.594 [info] Keybindings: No changes found during synchronizing keybindings.
2026-01-06 07:10:14.595 [info] Snippets: No changes found during synchronizing snippets.
2026-01-06 07:10:14.596 [info] Tasks: No changes found during synchronizing tasks.
2026-01-06 07:10:14.597 [info] Mcp: No changes found during synchronizing mcp.
2026-01-06 07:10:14.599 [info] GlobalState: No changes found during synchronizing ui state.
2026-01-06 07:10:14.621 [info] Extensions: No changes found during synchronizing extensions.
2026-01-06 07:10:14.622 [info] Prompts: No changes found during synchronizing prompts.
2026-01-06 07:10:14.622 [info] Profiles: No changes found during synchronizing profiles.
2026-01-06 07:10:14.622 [info] Sync done. Took 207ms
2026-01-06 07:10:37.326 [info] [AutoSync] Triggered by Activity
2026-01-06 07:10:37.327 [info] Sync started.
2026-01-06 07:10:37.546 [info] Settings: No changes found during synchronizing settings.
2026-01-06 07:10:37.549 [info] Keybindings: No changes found during synchronizing keybindings.
2026-01-06 07:10:37.551 [info] Snippets: No changes found during synchronizing snippets.
2026-01-06 07:10:37.552 [info] Tasks: No changes found during synchronizing tasks.
2026-01-06 07:10:37.552 [info] Mcp: No changes found during synchronizing mcp.
2026-01-06 07:10:37.554 [info] GlobalState: No changes found during synchronizing ui state.
2026-01-06 07:10:37.586 [info] Extensions: No changes found during synchronizing extensions.
2026-01-06 07:10:37.587 [info] Prompts: No changes found during synchronizing prompts.
2026-01-06 07:10:37.587 [info] Profiles: No changes found during synchronizing profiles.
2026-01-06 07:10:37.588 [info] Sync done. Took 262ms
2026-01-06 07:10:55.152 [info] [AutoSync] Triggered by Activity
2026-01-06 07:10:55.153 [info] Sync started.
2026-01-06 07:10:55.367 [info] Settings: No changes found during synchronizing settings.
2026-01-06 07:10:55.368 [info] Keybindings: No changes found during synchronizing keybindings.
2026-01-06 07:10:55.370 [info] Snippets: No changes found during synchronizing snippets.
2026-01-06 07:10:55.371 [info] Tasks: No changes found during synchronizing tasks.
2026-01-06 07:10:55.372 [info] Mcp: No changes found during synchronizing mcp.
2026-01-06 07:10:55.374 [info] GlobalState: No changes found during synchronizing ui state.
2026-01-06 07:10:55.406 [info] Extensions: No changes found during synchronizing extensions.
2026-01-06 07:10:55.407 [info] Prompts: No changes found during synchronizing prompts.
2026-01-06 07:10:55.408 [info] Profiles: No changes found during synchronizing profiles.
2026-01-06 07:10:55.409 [info] Sync done. Took 258ms
2026-01-06 07:11:41.988 [info] [AutoSync] Triggered by Activity
2026-01-06 07:11:41.988 [info] Sync started.
2026-01-06 07:11:42.154 [info] Settings: No changes found during synchronizing settings.
2026-01-06 07:11:42.155 [info] Keybindings: No changes found during synchronizing keybindings.
2026-01-06 07:11:42.158 [info] Snippets: No changes found during synchronizing snippets.
2026-01-06 07:11:42.162 [info] Tasks: No changes found during synchronizing tasks.
2026-01-06 07:11:42.164 [info] Mcp: No changes found during synchronizing mcp.
2026-01-06 07:11:42.166 [info] GlobalState: No changes found during synchronizing ui state.
2026-01-06 07:11:42.195 [info] Extensions: No changes found during synchronizing extensions.
2026-01-06 07:11:42.196 [info] Prompts: No changes found during synchronizing prompts.
2026-01-06 07:11:42.197 [info] Profiles: No changes found during synchronizing profiles.
2026-01-06 07:11:42.197 [info] Sync done. Took 210ms
2026-01-06 07:13:21.385 [info] [AutoSync] Triggered by Activity
2026-01-06 07:13:21.385 [info] Sync started.
2026-01-06 07:13:21.558 [info] Settings: No changes found during synchronizing settings.
2026-01-06 07:13:21.560 [info] Keybindings: No changes found during synchronizing keybindings.
2026-01-06 07:13:21.562 [info] Snippets: No changes found during synchronizing snippets.
2026-01-06 07:13:21.563 [info] Tasks: No changes found during synchronizing tasks.
2026-01-06 07:13:21.564 [info] Mcp: No changes found during synchronizing mcp.
2026-01-06 07:13:21.565 [info] GlobalState: No changes found during synchronizing ui state.
2026-01-06 07:13:21.592 [info] Extensions: No changes found during synchronizing extensions.
2026-01-06 07:13:21.593 [info] Prompts: No changes found during synchronizing prompts.
2026-01-06 07:13:21.593 [info] Profiles: No changes found during synchronizing profiles.
2026-01-06 07:13:21.593 [info] Sync done. Took 210ms
2026-01-06 07:15:22.460 [info] [AutoSync] Triggered by Activity
2026-01-06 07:15:22.460 [info] Sync started.
2026-01-06 07:15:22.685 [info] Settings: No changes found during synchronizing settings.
2026-01-06 07:15:22.686 [info] Keybindings: No changes found during synchronizing keybindings.
2026-01-06 07:15:22.687 [info] Snippets: No changes found during synchronizing snippets.
2026-01-06 07:15:22.688 [info] Tasks: No changes found during synchronizing tasks.
2026-01-06 07:15:22.688 [info] Mcp: No changes found during synchronizing mcp.
2026-01-06 07:15:22.690 [info] GlobalState: No changes found during synchronizing ui state.
2026-01-06 07:15:22.716 [info] Extensions: No changes found during synchronizing extensions.
2026-01-06 07:15:22.717 [info] Prompts: No changes found during synchronizing prompts.
2026-01-06 07:15:22.717 [info] Profiles: No changes found during synchronizing profiles.
2026-01-06 07:15:22.717 [info] Sync done. Took 259ms
2026-01-06 07:15:36.307 [info] [AutoSync] Triggered by Activity
2026-01-06 07:15:36.308 [info] Sync started.
2026-01-06 07:15:36.486 [info] Settings: No changes found during synchronizing settings.
2026-01-06 07:15:36.488 [info] Keybindings: No changes found during synchronizing keybindings.
2026-01-06 07:15:36.490 [info] Snippets: No changes found during synchronizing snippets.
2026-01-06 07:15:36.492 [info] Tasks: No changes found during synchronizing tasks.
2026-01-06 07:15:36.493 [info] Mcp: No changes found during synchronizing mcp.
2026-01-06 07:15:36.495 [info] GlobalState: No changes found during synchronizing ui state.
2026-01-06 07:15:36.517 [info] Extensions: No changes found during synchronizing extensions.
2026-01-06 07:15:36.518 [info] Prompts: No changes found during synchronizing prompts.
2026-01-06 07:15:36.518 [info] Profiles: No changes found during synchronizing profiles.
2026-01-06 07:15:36.519 [info] Sync done. Took 213ms
2026-01-06 07:15:56.888 [info] [AutoSync] Triggered by Activity
2026-01-06 07:15:56.888 [info] Sync started.
2026-01-06 07:15:57.086 [info] Settings: No changes found during synchronizing settings.
2026-01-06 07:15:57.089 [info] Keybindings: No changes found during synchronizing keybindings.
2026-01-06 07:15:57.092 [info] Snippets: No changes found during synchronizing snippets.
2026-01-06 07:15:57.093 [info] Tasks: No changes found during synchronizing tasks.
2026-01-06 07:15:57.094 [info] Mcp: No changes found during synchronizing mcp.
2026-01-06 07:15:57.095 [info] GlobalState: No changes found during synchronizing ui state.
2026-01-06 07:15:57.119 [info] Extensions: No changes found during synchronizing extensions.
2026-01-06 07:15:57.119 [info] Prompts: No changes found during synchronizing prompts.
2026-01-06 07:15:57.120 [info] Profiles: No changes found during synchronizing profiles.
2026-01-06 07:15:57.120 [info] Sync done. Took 236ms
2026-01-06 07:17:00.099 [info] [AutoSync] Triggered by Activity
2026-01-06 07:17:00.100 [info] Sync started.
2026-01-06 07:17:00.293 [info] Settings: No changes found during synchronizing settings.
2026-01-06 07:17:00.300 [info] Keybindings: No changes found during synchronizing keybindings.
2026-01-06 07:17:00.305 [info] Snippets: No changes found during synchronizing snippets.
2026-01-06 07:17:00.308 [info] Tasks: No changes found during synchronizing tasks.
2026-01-06 07:17:00.309 [info] Mcp: No changes found during synchronizing mcp.
2026-01-06 07:17:00.315 [info] GlobalState: No changes found during synchronizing ui state.
2026-01-06 07:17:00.360 [info] Extensions: No changes found during synchronizing extensions.
2026-01-06 07:17:00.360 [info] Prompts: No changes found during synchronizing prompts.
2026-01-06 07:17:00.361 [info] Profiles: No changes found during synchronizing profiles.
2026-01-06 07:17:00.361 [info] Sync done. Took 265ms
2026-01-06 07:17:12.855 [info] [AutoSync] Triggered by Activity
2026-01-06 07:17:12.856 [info] Sync started.
2026-01-06 07:17:13.071 [info] Settings: No changes found during synchronizing settings.
2026-01-06 07:17:13.075 [info] Keybindings: No changes found during synchronizing keybindings.
2026-01-06 07:17:13.079 [info] Snippets: No changes found during synchronizing snippets.
2026-01-06 07:17:13.081 [info] Tasks: No changes found during synchronizing tasks.
2026-01-06 07:17:13.084 [info] Mcp: No changes found during synchronizing mcp.
2026-01-06 07:17:13.088 [info] GlobalState: No changes found during synchronizing ui state.
2026-01-06 07:17:13.114 [info] Extensions: No changes found during synchronizing extensions.
2026-01-06 07:17:13.115 [info] Prompts: No changes found during synchronizing prompts.
2026-01-06 07:17:13.116 [info] Profiles: No changes found during synchronizing profiles.
2026-01-06 07:17:13.116 [info] Sync done. Took 262ms
2026-01-06 07:17:54.120 [info] [AutoSync] Triggered by Activity
2026-01-06 07:17:54.120 [info] Sync started.
2026-01-06 07:17:54.299 [info] Settings: No changes found during synchronizing settings.
2026-01-06 07:17:54.300 [info] Keybindings: No changes found during synchronizing keybindings.
2026-01-06 07:17:54.302 [info] Snippets: No changes found during synchronizing snippets.
2026-01-06 07:17:54.303 [info] Tasks: No changes found during synchronizing tasks.
2026-01-06 07:17:54.304 [info] Mcp: No changes found during synchronizing mcp.
2026-01-06 07:17:54.308 [info] GlobalState: No changes found during synchronizing ui state.
2026-01-06 07:17:54.338 [info] Extensions: No changes found during synchronizing extensions.
2026-01-06 07:17:54.339 [info] Prompts: No changes found during synchronizing prompts.
2026-01-06 07:17:54.339 [info] Profiles: No changes found during synchronizing profiles.
2026-01-06 07:17:54.340 [info] Sync done. Took 220ms
2026-01-06 07:21:44.521 [info] [AutoSync] Triggered by Activity
2026-01-06 07:21:44.521 [info] Sync started.
2026-01-06 07:21:45.322 [info] Settings: No changes found during synchronizing settings.
2026-01-06 07:21:45.323 [info] Keybindings: No changes found during synchronizing keybindings.
2026-01-06 07:21:45.324 [info] Snippets: No changes found during synchronizing snippets.
2026-01-06 07:21:45.325 [info] Tasks: No changes found during synchronizing tasks.
2026-01-06 07:21:45.326 [info] Mcp: No changes found during synchronizing mcp.
2026-01-06 07:21:45.328 [info] GlobalState: No changes found during synchronizing ui state.
2026-01-06 07:21:45.357 [info] Extensions: No changes found during synchronizing extensions.
2026-01-06 07:21:45.358 [info] Prompts: No changes found during synchronizing prompts.
2026-01-06 07:21:45.359 [info] Profiles: No changes found during synchronizing profiles.
2026-01-06 07:21:45.360 [info] Sync done. Took 840ms
2026-01-06 07:23:23.757 [info] [AutoSync] Triggered by Activity
2026-01-06 07:23:23.758 [info] Sync started.
2026-01-06 07:23:23.932 [info] Settings: No changes found during synchronizing settings.
2026-01-06 07:23:23.933 [info] Keybindings: No changes found during synchronizing keybindings.
2026-01-06 07:23:23.935 [info] Snippets: No changes found during synchronizing snippets.
2026-01-06 07:23:23.937 [info] Tasks: No changes found during synchronizing tasks.
2026-01-06 07:23:23.938 [info] Mcp: No changes found during synchronizing mcp.
2026-01-06 07:23:23.940 [info] GlobalState: No changes found during synchronizing ui state.
2026-01-06 07:23:23.966 [info] Extensions: No changes found during synchronizing extensions.
2026-01-06 07:23:23.967 [info] Prompts: No changes found during synchronizing prompts.
2026-01-06 07:23:23.967 [info] Profiles: No changes found during synchronizing profiles.
2026-01-06 07:23:23.968 [info] Sync done. Took 213ms
2026-01-06 07:24:40.824 [info] [AutoSync] Triggered by Activity
2026-01-06 07:24:40.825 [info] Sync started.
2026-01-06 07:24:41.005 [info] Settings: No changes found during synchronizing settings.
2026-01-06 07:24:41.006 [info] Keybindings: No changes found during synchronizing keybindings.
2026-01-06 07:24:41.007 [info] Snippets: No changes found during synchronizing snippets.
2026-01-06 07:24:41.008 [info] Tasks: No changes found during synchronizing tasks.
2026-01-06 07:24:41.009 [info] Mcp: No changes found during synchronizing mcp.
2026-01-06 07:24:41.011 [info] GlobalState: No changes found during synchronizing ui state.
2026-01-06 07:24:41.036 [info] Extensions: No changes found during synchronizing extensions.
2026-01-06 07:24:41.038 [info] Prompts: No changes found during synchronizing prompts.
2026-01-06 07:24:41.038 [info] Profiles: No changes found during synchronizing profiles.
2026-01-06 07:24:41.039 [info] Sync done. Took 217ms
2026-01-06 07:25:12.022 [info] [AutoSync] Triggered by Activity
2026-01-06 07:25:12.022 [info] Sync started.
2026-01-06 07:25:12.199 [info] Settings: No changes found during synchronizing settings.
2026-01-06 07:25:12.201 [info] Keybindings: No changes found during synchronizing keybindings.
2026-01-06 07:25:12.203 [info] Snippets: No changes found during synchronizing snippets.
2026-01-06 07:25:12.204 [info] Tasks: No changes found during synchronizing tasks.
2026-01-06 07:25:12.206 [info] Mcp: No changes found during synchronizing mcp.
2026-01-06 07:25:12.209 [info] GlobalState: No changes found during synchronizing ui state.
2026-01-06 07:25:12.238 [info] Extensions: No changes found during synchronizing extensions.
2026-01-06 07:25:12.240 [info] Prompts: No changes found during synchronizing prompts.
2026-01-06 07:25:12.241 [info] Profiles: No changes found during synchronizing profiles.
2026-01-06 07:25:12.242 [info] Sync done. Took 221ms
2026-01-06 07:29:17.557 [info] [AutoSync] Triggered by Activity
2026-01-06 07:29:17.557 [info] Sync started.
2026-01-06 07:29:18.321 [info] Settings: No changes found during synchronizing settings.
2026-01-06 07:29:18.323 [info] Keybindings: No changes found during synchronizing keybindings.
2026-01-06 07:29:18.324 [info] Snippets: No changes found during synchronizing snippets.
2026-01-06 07:29:18.325 [info] Tasks: No changes found during synchronizing tasks.
2026-01-06 07:29:18.326 [info] Mcp: No changes found during synchronizing mcp.
2026-01-06 07:29:18.327 [info] GlobalState: No changes found during synchronizing ui state.
2026-01-06 07:29:18.348 [info] Extensions: No changes found during synchronizing extensions.
2026-01-06 07:29:18.349 [info] Prompts: No changes found during synchronizing prompts.
2026-01-06 07:29:18.349 [info] Profiles: No changes found during synchronizing profiles.
2026-01-06 07:29:18.349 [info] Sync done. Took 794ms
2026-01-06 07:29:28.784 [info] [AutoSync] Triggered by Activity
2026-01-06 07:29:28.784 [info] Sync started.
2026-01-06 07:29:28.960 [info] Settings: No changes found during synchronizing settings.
2026-01-06 07:29:28.962 [info] Keybindings: No changes found during synchronizing keybindings.
2026-01-06 07:29:28.964 [info] Snippets: No changes found during synchronizing snippets.
2026-01-06 07:29:28.965 [info] Tasks: No changes found during synchronizing tasks.
2026-01-06 07:29:28.966 [info] Mcp: No changes found during synchronizing mcp.
2026-01-06 07:29:28.968 [info] GlobalState: No changes found during synchronizing ui state.
2026-01-06 07:29:28.989 [info] Extensions: No changes found during synchronizing extensions.
2026-01-06 07:29:28.990 [info] Prompts: No changes found during synchronizing prompts.
2026-01-06 07:29:28.991 [info] Profiles: No changes found during synchronizing profiles.
2026-01-06 07:29:28.992 [info] Sync done. Took 209ms
2026-01-06 07:31:10.181 [info] [AutoSync] Triggered by Activity
2026-01-06 07:31:10.181 [info] Sync started.
2026-01-06 07:31:10.363 [info] Settings: No changes found during synchronizing settings.
2026-01-06 07:31:10.364 [info] Keybindings: No changes found during synchronizing keybindings.
2026-01-06 07:31:10.366 [info] Snippets: No changes found during synchronizing snippets.
2026-01-06 07:31:10.367 [info] Tasks: No changes found during synchronizing tasks.
2026-01-06 07:31:10.367 [info] Mcp: No changes found during synchronizing mcp.
2026-01-06 07:31:10.369 [info] GlobalState: No changes found during synchronizing ui state.
2026-01-06 07:31:10.396 [info] Extensions: No changes found during synchronizing extensions.
2026-01-06 07:31:10.397 [info] Prompts: No changes found during synchronizing prompts.
2026-01-06 07:31:10.397 [info] Profiles: No changes found during synchronizing profiles.
2026-01-06 07:31:10.398 [info] Sync done. Took 218ms
2026-01-06 07:36:10.400 [info] [AutoSync] Triggered by Interval
2026-01-06 07:36:10.400 [info] Sync started.
2026-01-06 07:36:11.224 [info] Settings: No changes found during synchronizing settings.
2026-01-06 07:36:11.225 [info] Keybindings: No changes found during synchronizing keybindings.
2026-01-06 07:36:11.226 [info] Snippets: No changes found during synchronizing snippets.
2026-01-06 07:36:11.227 [info] Tasks: No changes found during synchronizing tasks.
2026-01-06 07:36:11.228 [info] Mcp: No changes found during synchronizing mcp.
2026-01-06 07:36:11.230 [info] GlobalState: No changes found during synchronizing ui state.
2026-01-06 07:36:11.254 [info] Extensions: No changes found during synchronizing extensions.
2026-01-06 07:36:11.255 [info] Prompts: No changes found during synchronizing prompts.
2026-01-06 07:36:11.255 [info] Profiles: No changes found during synchronizing profiles.
2026-01-06 07:36:11.255 [info] Sync done. Took 857ms
2026-01-06 07:37:28.123 [info] [AutoSync] Triggered by Activity
2026-01-06 07:37:28.123 [info] Sync started.
2026-01-06 07:37:28.338 [info] Settings: No changes found during synchronizing settings.
2026-01-06 07:37:28.348 [info] Keybindings: No changes found during synchronizing keybindings.
2026-01-06 07:37:28.352 [info] Snippets: No changes found during synchronizing snippets.
2026-01-06 07:37:28.355 [info] Tasks: No changes found during synchronizing tasks.
2026-01-06 07:37:28.359 [info] Mcp: No changes found during synchronizing mcp.
2026-01-06 07:37:28.364 [info] GlobalState: No changes found during synchronizing ui state.
2026-01-06 07:37:28.385 [info] Extensions: No changes found during synchronizing extensions.
2026-01-06 07:37:28.386 [info] Prompts: No changes found during synchronizing prompts.
2026-01-06 07:37:28.386 [info] Profiles: No changes found during synchronizing profiles.
2026-01-06 07:37:28.387 [info] Sync done. Took 268ms
2026-01-06 07:41:13.915 [info] [AutoSync] Triggered by Activity
2026-01-06 07:41:13.915 [info] Sync started.
2026-01-06 07:41:14.718 [info] Settings: No changes found during synchronizing settings.
2026-01-06 07:41:14.720 [info] Keybindings: No changes found during synchronizing keybindings.
2026-01-06 07:41:14.721 [info] Snippets: No changes found during synchronizing snippets.
2026-01-06 07:41:14.722 [info] Tasks: No changes found during synchronizing tasks.
2026-01-06 07:41:14.722 [info] Mcp: No changes found during synchronizing mcp.
2026-01-06 07:41:14.725 [info] GlobalState: No changes found during synchronizing ui state.
2026-01-06 07:41:14.750 [info] Extensions: No changes found during synchronizing extensions.
2026-01-06 07:41:14.750 [info] Prompts: No changes found during synchronizing prompts.
2026-01-06 07:41:14.751 [info] Profiles: No changes found during synchronizing profiles.
2026-01-06 07:41:14.751 [info] Sync done. Took 837ms
2026-01-06 07:41:26.162 [info] [AutoSync] Triggered by Activity
2026-01-06 07:41:26.162 [info] Sync started.
2026-01-06 07:41:26.348 [info] Settings: No changes found during synchronizing settings.
2026-01-06 07:41:26.350 [info] Keybindings: No changes found during synchronizing keybindings.
2026-01-06 07:41:26.351 [info] Snippets: No changes found during synchronizing snippets.
2026-01-06 07:41:26.352 [info] Tasks: No changes found during synchronizing tasks.
2026-01-06 07:41:26.353 [info] Mcp: No changes found during synchronizing mcp.
2026-01-06 07:41:26.354 [info] GlobalState: No changes found during synchronizing ui state.
2026-01-06 07:41:26.376 [info] Extensions: No changes found during synchronizing extensions.
2026-01-06 07:41:26.377 [info] Prompts: No changes found during synchronizing prompts.
2026-01-06 07:41:26.377 [info] Profiles: No changes found during synchronizing profiles.
2026-01-06 07:41:26.377 [info] Sync done. Took 216ms
2026-01-06 07:42:04.436 [info] [AutoSync] Triggered by Activity
2026-01-06 07:42:04.436 [info] Sync started.
2026-01-06 07:42:04.646 [info] Settings: No changes found during synchronizing settings.
2026-01-06 07:42:04.648 [info] Keybindings: No changes found during synchronizing keybindings.
2026-01-06 07:42:04.651 [info] Snippets: No changes found during synchronizing snippets.
2026-01-06 07:42:04.652 [info] Tasks: No changes found during synchronizing tasks.
2026-01-06 07:42:04.653 [info] Mcp: No changes found during synchronizing mcp.
2026-01-06 07:42:04.655 [info] GlobalState: No changes found during synchronizing ui state.
2026-01-06 07:42:04.680 [info] Extensions: No changes found during synchronizing extensions.
2026-01-06 07:42:04.682 [info] Prompts: No changes found during synchronizing prompts.
2026-01-06 07:42:04.682 [info] Profiles: No changes found during synchronizing profiles.
2026-01-06 07:42:04.683 [info] Sync done. Took 248ms
2026-01-06 07:42:18.302 [info] [AutoSync] Triggered by Activity
2026-01-06 07:42:18.302 [info] Sync started.
2026-01-06 07:42:18.469 [info] Settings: No changes found during synchronizing settings.
2026-01-06 07:42:18.470 [info] Keybindings: No changes found during synchronizing keybindings.
2026-01-06 07:42:18.471 [info] Snippets: No changes found during synchronizing snippets.
2026-01-06 07:42:18.472 [info] Tasks: No changes found during synchronizing tasks.
2026-01-06 07:42:18.473 [info] Mcp: No changes found during synchronizing mcp.
2026-01-06 07:42:18.474 [info] GlobalState: No changes found during synchronizing ui state.
2026-01-06 07:42:18.497 [info] Extensions: No changes found during synchronizing extensions.
2026-01-06 07:42:18.499 [info] Prompts: No changes found during synchronizing prompts.
2026-01-06 07:42:18.499 [info] Profiles: No changes found during synchronizing profiles.
2026-01-06 07:42:18.500 [info] Sync done. Took 199ms
2026-01-06 07:42:45.556 [info] [AutoSync] Triggered by Activity
2026-01-06 07:42:45.557 [info] Sync started.
2026-01-06 07:42:45.742 [info] Settings: No changes found during synchronizing settings.
2026-01-06 07:42:45.745 [info] Keybindings: No changes found during synchronizing keybindings.
2026-01-06 07:42:45.746 [info] Snippets: No changes found during synchronizing snippets.
2026-01-06 07:42:45.747 [info] Tasks: No changes found during synchronizing tasks.
2026-01-06 07:42:45.748 [info] Mcp: No changes found during synchronizing mcp.
2026-01-06 07:42:45.750 [info] GlobalState: No changes found during synchronizing ui state.
2026-01-06 07:42:45.775 [info] Extensions: No changes found during synchronizing extensions.
2026-01-06 07:42:45.776 [info] Prompts: No changes found during synchronizing prompts.
2026-01-06 07:42:45.776 [info] Profiles: No changes found during synchronizing profiles.
2026-01-06 07:42:45.777 [info] Sync done. Took 223ms
2026-01-06 07:43:14.179 [info] [AutoSync] Triggered by Activity
2026-01-06 07:43:14.179 [info] Sync started.
2026-01-06 07:43:14.366 [info] Settings: No changes found during synchronizing settings.
2026-01-06 07:43:14.367 [info] Keybindings: No changes found during synchronizing keybindings.
2026-01-06 07:43:14.368 [info] Snippets: No changes found during synchronizing snippets.
2026-01-06 07:43:14.369 [info] Tasks: No changes found during synchronizing tasks.
2026-01-06 07:43:14.369 [info] Mcp: No changes found during synchronizing mcp.
2026-01-06 07:43:14.371 [info] GlobalState: No changes found during synchronizing ui state.
2026-01-06 07:43:14.398 [info] Extensions: No changes found during synchronizing extensions.
2026-01-06 07:43:14.399 [info] Prompts: No changes found during synchronizing prompts.
2026-01-06 07:43:14.399 [info] Profiles: No changes found during synchronizing profiles.
2026-01-06 07:43:14.400 [info] Sync done. Took 223ms
2026-01-06 07:43:43.596 [info] [AutoSync] Triggered by Activity
2026-01-06 07:43:43.596 [info] Sync started.
2026-01-06 07:43:43.771 [info] Settings: No changes found during synchronizing settings.
2026-01-06 07:43:43.772 [info] Keybindings: No changes found during synchronizing keybindings.
2026-01-06 07:43:43.774 [info] Snippets: No changes found during synchronizing snippets.
2026-01-06 07:43:43.775 [info] Tasks: No changes found during synchronizing tasks.
2026-01-06 07:43:43.776 [info] Mcp: No changes found during synchronizing mcp.
2026-01-06 07:43:43.777 [info] GlobalState: No changes found during synchronizing ui state.
2026-01-06 07:43:43.798 [info] Extensions: No changes found during synchronizing extensions.
2026-01-06 07:43:43.799 [info] Prompts: No changes found during synchronizing prompts.
2026-01-06 07:43:43.799 [info] Profiles: No changes found during synchronizing profiles.
2026-01-06 07:43:43.799 [info] Sync done. Took 204ms
2026-01-06 07:45:03.833 [info] [AutoSync] Triggered by Activity
2026-01-06 07:45:03.833 [info] Sync started.
2026-01-06 07:45:04.029 [info] Settings: No changes found during synchronizing settings.
2026-01-06 07:45:04.030 [info] Keybindings: No changes found during synchronizing keybindings.
2026-01-06 07:45:04.032 [info] Snippets: No changes found during synchronizing snippets.
2026-01-06 07:45:04.033 [info] Tasks: No changes found during synchronizing tasks.
2026-01-06 07:45:04.034 [info] Mcp: No changes found during synchronizing mcp.
2026-01-06 07:45:04.036 [info] GlobalState: No changes found during synchronizing ui state.
2026-01-06 07:45:04.061 [info] Extensions: No changes found during synchronizing extensions.
2026-01-06 07:45:04.062 [info] Prompts: No changes found during synchronizing prompts.
2026-01-06 07:45:04.063 [info] Profiles: No changes found during synchronizing profiles.
2026-01-06 07:45:04.063 [info] Sync done. Took 232ms
2026-01-06 07:47:43.564 [info] [AutoSync] Triggered by Activity
2026-01-06 07:47:43.564 [info] Sync started.
2026-01-06 07:47:44.367 [info] Settings: No changes found during synchronizing settings.
2026-01-06 07:47:44.369 [info] Keybindings: No changes found during synchronizing keybindings.
2026-01-06 07:47:44.370 [info] Snippets: No changes found during synchronizing snippets.
2026-01-06 07:47:44.371 [info] Tasks: No changes found during synchronizing tasks.
2026-01-06 07:47:44.373 [info] Mcp: No changes found during synchronizing mcp.
2026-01-06 07:47:44.375 [info] GlobalState: No changes found during synchronizing ui state.
2026-01-06 07:47:44.400 [info] Extensions: No changes found during synchronizing extensions.
2026-01-06 07:47:44.401 [info] Prompts: No changes found during synchronizing prompts.
2026-01-06 07:47:44.401 [info] Profiles: No changes found during synchronizing profiles.
2026-01-06 07:47:44.401 [info] Sync done. Took 839ms
2026-01-06 07:50:14.739 [info] [AutoSync] Triggered by Activity
2026-01-06 07:50:14.739 [info] Sync started.
2026-01-06 07:50:15.451 [info] Settings: No changes found during synchronizing settings.
2026-01-06 07:50:15.459 [info] Keybindings: No changes found during synchronizing keybindings.
2026-01-06 07:50:15.464 [info] Snippets: No changes found during synchronizing snippets.
2026-01-06 07:50:15.466 [info] Tasks: No changes found during synchronizing tasks.
2026-01-06 07:50:15.467 [info] Mcp: No changes found during synchronizing mcp.
2026-01-06 07:50:15.471 [info] GlobalState: No changes found during synchronizing ui state.
2026-01-06 07:50:15.499 [info] Extensions: No changes found during synchronizing extensions.
2026-01-06 07:50:15.508 [info] Prompts: No changes found during synchronizing prompts.
2026-01-06 07:50:15.508 [info] Profiles: No changes found during synchronizing profiles.
2026-01-06 07:50:15.509 [info] Sync done. Took 770ms
2026-01-06 07:52:44.049 [info] [AutoSync] Triggered by Activity
2026-01-06 07:52:44.050 [info] Sync started.
2026-01-06 07:52:44.916 [info] Settings: No changes found during synchronizing settings.
2026-01-06 07:52:44.919 [info] Keybindings: No changes found during synchronizing keybindings.
2026-01-06 07:52:44.921 [info] Snippets: No changes found during synchronizing snippets.
2026-01-06 07:52:44.923 [info] Tasks: No changes found during synchronizing tasks.
2026-01-06 07:52:44.923 [info] Mcp: No changes found during synchronizing mcp.
2026-01-06 07:52:44.925 [info] GlobalState: No changes found during synchronizing ui state.
2026-01-06 07:52:44.953 [info] Extensions: No changes found during synchronizing extensions.
2026-01-06 07:52:44.954 [info] Prompts: No changes found during synchronizing prompts.
2026-01-06 07:52:44.955 [info] Profiles: No changes found during synchronizing profiles.
2026-01-06 07:52:44.955 [info] Sync done. Took 908ms
2026-01-06 07:53:11.773 [info] [AutoSync] Triggered by Activity
2026-01-06 07:53:11.773 [info] Sync started.
2026-01-06 07:53:11.976 [info] Settings: No changes found during synchronizing settings.
2026-01-06 07:53:11.982 [info] Keybindings: No changes found during synchronizing keybindings.
2026-01-06 07:53:11.988 [info] Snippets: No changes found during synchronizing snippets.
2026-01-06 07:53:11.989 [info] Tasks: No changes found during synchronizing tasks.
2026-01-06 07:53:11.990 [info] Mcp: No changes found during synchronizing mcp.
2026-01-06 07:53:11.992 [info] GlobalState: No changes found during synchronizing ui state.
2026-01-06 07:53:12.026 [info] Extensions: No changes found during synchronizing extensions.
2026-01-06 07:53:12.027 [info] Prompts: No changes found during synchronizing prompts.
2026-01-06 07:53:12.027 [info] Profiles: No changes found during synchronizing profiles.
2026-01-06 07:53:12.028 [info] Sync done. Took 257ms
2026-01-06 07:55:57.936 [info] [AutoSync] Triggered by Activity
2026-01-06 07:55:57.936 [info] Sync started.
2026-01-06 07:55:58.648 [info] Settings: No changes found during synchronizing settings.
2026-01-06 07:55:58.649 [info] Keybindings: No changes found during synchronizing keybindings.
2026-01-06 07:55:58.651 [info] Snippets: No changes found during synchronizing snippets.
2026-01-06 07:55:58.652 [info] Tasks: No changes found during synchronizing tasks.
2026-01-06 07:55:58.653 [info] Mcp: No changes found during synchronizing mcp.
2026-01-06 07:55:58.655 [info] GlobalState: No changes found during synchronizing ui state.
2026-01-06 07:55:58.681 [info] Extensions: No changes found during synchronizing extensions.
2026-01-06 07:55:58.682 [info] Prompts: No changes found during synchronizing prompts.
2026-01-06 07:55:58.683 [info] Profiles: No changes found during synchronizing profiles.
2026-01-06 07:55:58.683 [info] Sync done. Took 749ms
2026-01-06 07:56:56.493 [info] [AutoSync] Triggered by Activity
2026-01-06 07:56:56.493 [info] Sync started.
2026-01-06 07:56:56.716 [info] Settings: No changes found during synchronizing settings.
2026-01-06 07:56:56.721 [info] Keybindings: No changes found during synchronizing keybindings.
2026-01-06 07:56:56.727 [info] Snippets: No changes found during synchronizing snippets.
2026-01-06 07:56:56.731 [info] Tasks: No changes found during synchronizing tasks.
2026-01-06 07:56:56.733 [info] Mcp: No changes found during synchronizing mcp.
2026-01-06 07:56:56.736 [info] GlobalState: No changes found during synchronizing ui state.
2026-01-06 07:56:56.764 [info] Extensions: No changes found during synchronizing extensions.
2026-01-06 07:56:56.768 [info] Prompts: No changes found during synchronizing prompts.
2026-01-06 07:56:56.769 [info] Profiles: No changes found during synchronizing profiles.
2026-01-06 07:56:56.769 [info] Sync done. Took 278ms
2026-01-06 07:57:37.027 [info] [AutoSync] Triggered by Activity
2026-01-06 07:57:37.028 [info] Sync started.
2026-01-06 07:57:37.216 [info] Settings: No changes found during synchronizing settings.
2026-01-06 07:57:37.217 [info] Keybindings: No changes found during synchronizing keybindings.
2026-01-06 07:57:37.218 [info] Snippets: No changes found during synchronizing snippets.
2026-01-06 07:57:37.219 [info] Tasks: No changes found during synchronizing tasks.
2026-01-06 07:57:37.220 [info] Mcp: No changes found during synchronizing mcp.
2026-01-06 07:57:37.221 [info] GlobalState: No changes found during synchronizing ui state.
2026-01-06 07:57:37.251 [info] Extensions: No changes found during synchronizing extensions.
2026-01-06 07:57:37.254 [info] Prompts: No changes found during synchronizing prompts.
2026-01-06 07:57:37.255 [info] Profiles: No changes found during synchronizing profiles.
2026-01-06 07:57:37.255 [info] Sync done. Took 229ms
2026-01-06 07:58:10.691 [info] [AutoSync] Triggered by Activity
2026-01-06 07:58:10.692 [info] Sync started.
2026-01-06 07:58:10.871 [info] Settings: No changes found during synchronizing settings.
2026-01-06 07:58:10.875 [info] Keybindings: No changes found during synchronizing keybindings.
2026-01-06 07:58:10.877 [info] Snippets: No changes found during synchronizing snippets.
2026-01-06 07:58:10.878 [info] Tasks: No changes found during synchronizing tasks.
2026-01-06 07:58:10.880 [info] Mcp: No changes found during synchronizing mcp.
2026-01-06 07:58:10.882 [info] GlobalState: No changes found during synchronizing ui state.
2026-01-06 07:58:10.907 [info] Extensions: No changes found during synchronizing extensions.
2026-01-06 07:58:10.907 [info] Prompts: No changes found during synchronizing prompts.
2026-01-06 07:58:10.908 [info] Profiles: No changes found during synchronizing profiles.
2026-01-06 07:58:10.908 [info] Sync done. Took 218ms
