2026-01-06 09:37:08.490 [info] [AutoSync] Using settings sync service https://vscode-sync.trafficmanager.net/
2026-01-06 09:37:08.490 [info] [AutoSync] Enabled.
2026-01-06 09:37:08.490 [info] [AutoSync] Suspended until auth token is available.
2026-01-06 09:37:08.931 [info] [AutoSync] Triggered by Interval
2026-01-06 09:37:08.931 [info] Sync started.
2026-01-06 09:37:10.033 [info] Settings: No changes found during synchronizing settings.
2026-01-06 09:37:10.044 [info] Keybindings: No changes found during synchronizing keybindings.
2026-01-06 09:37:10.047 [info] Snippets: No changes found during synchronizing snippets.
2026-01-06 09:37:10.048 [info] Tasks: No changes found during synchronizing tasks.
2026-01-06 09:37:10.049 [info] Mcp: No changes found during synchronizing mcp.
2026-01-06 09:37:10.591 [info] GlobalState: Updated remote ui state. Updated: cpp.1.lastSessionDate,cpp.1.sessionCount,java.2.lastSessionDate,java.2.sessionCount,javascript.1.lastSessionDate,javascript.1.sessionCount,typescript.1.lastSessionDate,typescript.1.sessionCount,csharp.1.lastSessionDate,csharp.1.sessionCount.
2026-01-06 09:37:10.593 [info] GlobalState: Updated last synchronized ui state
2026-01-06 09:37:10.619 [info] Extensions: No changes found during synchronizing extensions.
2026-01-06 09:37:10.621 [info] Prompts: No changes found during synchronizing prompts.
2026-01-06 09:37:10.621 [info] Profiles: No changes found during synchronizing profiles.
2026-01-06 09:37:10.622 [info] Sync done. Took 1692ms
2026-01-06 09:38:03.772 [info] [AutoSync] Triggered by Activity
2026-01-06 09:38:03.773 [info] Sync started.
2026-01-06 09:38:03.972 [info] Settings: No changes found during synchronizing settings.
2026-01-06 09:38:03.973 [info] Keybindings: No changes found during synchronizing keybindings.
2026-01-06 09:38:03.974 [info] Snippets: No changes found during synchronizing snippets.
2026-01-06 09:38:03.975 [info] Tasks: No changes found during synchronizing tasks.
2026-01-06 09:38:03.977 [info] Mcp: No changes found during synchronizing mcp.
2026-01-06 09:38:03.978 [info] GlobalState: No changes found during synchronizing ui state.
2026-01-06 09:38:04.010 [info] Extensions: No changes found during synchronizing extensions.
2026-01-06 09:38:04.011 [info] Prompts: No changes found during synchronizing prompts.
2026-01-06 09:38:04.012 [info] Profiles: No changes found during synchronizing profiles.
2026-01-06 09:38:04.013 [info] Sync done. Took 244ms
2026-01-06 09:38:25.487 [info] [AutoSync] Triggered by Activity
2026-01-06 09:38:25.488 [info] Sync started.
2026-01-06 09:38:25.732 [info] Settings: No changes found during synchronizing settings.
2026-01-06 09:38:25.735 [info] Keybindings: No changes found during synchronizing keybindings.
2026-01-06 09:38:25.736 [info] Snippets: No changes found during synchronizing snippets.
2026-01-06 09:38:25.737 [info] Tasks: No changes found during synchronizing tasks.
2026-01-06 09:38:25.738 [info] Mcp: No changes found during synchronizing mcp.
2026-01-06 09:38:25.740 [info] GlobalState: No changes found during synchronizing ui state.
2026-01-06 09:38:25.766 [info] Extensions: No changes found during synchronizing extensions.
2026-01-06 09:38:25.767 [info] Prompts: No changes found during synchronizing prompts.
2026-01-06 09:38:25.768 [info] Profiles: No changes found during synchronizing profiles.
2026-01-06 09:38:25.769 [info] Sync done. Took 287ms
2026-01-06 09:39:54.058 [info] [AutoSync] Triggered by Activity
2026-01-06 09:39:54.058 [info] Sync started.
2026-01-06 09:39:54.239 [info] Settings: No changes found during synchronizing settings.
2026-01-06 09:39:54.240 [info] Keybindings: No changes found during synchronizing keybindings.
2026-01-06 09:39:54.242 [info] Snippets: No changes found during synchronizing snippets.
2026-01-06 09:39:54.244 [info] Tasks: No changes found during synchronizing tasks.
2026-01-06 09:39:54.245 [info] Mcp: No changes found during synchronizing mcp.
2026-01-06 09:39:54.247 [info] GlobalState: No changes found during synchronizing ui state.
2026-01-06 09:39:54.274 [info] Extensions: No changes found during synchronizing extensions.
2026-01-06 09:39:54.279 [info] Prompts: No changes found during synchronizing prompts.
2026-01-06 09:39:54.280 [info] Profiles: No changes found during synchronizing profiles.
2026-01-06 09:39:54.280 [info] Sync done. Took 223ms
2026-01-06 09:40:51.093 [info] [AutoSync] Triggered by Activity
2026-01-06 09:40:51.094 [info] Sync started.
2026-01-06 09:40:51.295 [info] Settings: No changes found during synchronizing settings.
2026-01-06 09:40:51.296 [info] Keybindings: No changes found during synchronizing keybindings.
2026-01-06 09:40:51.297 [info] Snippets: No changes found during synchronizing snippets.
2026-01-06 09:40:51.298 [info] Tasks: No changes found during synchronizing tasks.
2026-01-06 09:40:51.299 [info] Mcp: No changes found during synchronizing mcp.
2026-01-06 09:40:51.301 [info] GlobalState: No changes found during synchronizing ui state.
2026-01-06 09:40:51.322 [info] Extensions: No changes found during synchronizing extensions.
2026-01-06 09:40:51.323 [info] Prompts: No changes found during synchronizing prompts.
2026-01-06 09:40:51.323 [info] Profiles: No changes found during synchronizing profiles.
2026-01-06 09:40:51.323 [info] Sync done. Took 234ms
2026-01-06 09:41:07.136 [info] [AutoSync] Triggered by Activity
2026-01-06 09:41:07.137 [info] Sync started.
2026-01-06 09:41:07.342 [info] Settings: No changes found during synchronizing settings.
2026-01-06 09:41:07.345 [info] Keybindings: No changes found during synchronizing keybindings.
2026-01-06 09:41:07.347 [info] Snippets: No changes found during synchronizing snippets.
2026-01-06 09:41:07.348 [info] Tasks: No changes found during synchronizing tasks.
2026-01-06 09:41:07.348 [info] Mcp: No changes found during synchronizing mcp.
2026-01-06 09:41:07.350 [info] GlobalState: No changes found during synchronizing ui state.
2026-01-06 09:41:07.387 [info] Extensions: No changes found during synchronizing extensions.
2026-01-06 09:41:07.388 [info] Prompts: No changes found during synchronizing prompts.
2026-01-06 09:41:07.389 [info] Profiles: No changes found during synchronizing profiles.
2026-01-06 09:41:07.389 [info] Sync done. Took 256ms
2026-01-06 09:41:22.043 [info] [AutoSync] Triggered by Activity
2026-01-06 09:41:22.043 [info] Sync started.
2026-01-06 09:41:22.265 [info] Settings: No changes found during synchronizing settings.
2026-01-06 09:41:22.266 [info] Keybindings: No changes found during synchronizing keybindings.
2026-01-06 09:41:22.267 [info] Snippets: No changes found during synchronizing snippets.
2026-01-06 09:41:22.268 [info] Tasks: No changes found during synchronizing tasks.
2026-01-06 09:41:22.270 [info] Mcp: No changes found during synchronizing mcp.
2026-01-06 09:41:22.271 [info] GlobalState: No changes found during synchronizing ui state.
2026-01-06 09:41:22.302 [info] Extensions: No changes found during synchronizing extensions.
2026-01-06 09:41:22.303 [info] Prompts: No changes found during synchronizing prompts.
2026-01-06 09:41:22.303 [info] Profiles: No changes found during synchronizing profiles.
2026-01-06 09:41:22.304 [info] Sync done. Took 266ms
2026-01-06 09:42:06.954 [info] [AutoSync] Triggered by Activity
2026-01-06 09:42:06.954 [info] Sync started.
2026-01-06 09:42:07.196 [info] Settings: No changes found during synchronizing settings.
2026-01-06 09:42:07.199 [info] Keybindings: No changes found during synchronizing keybindings.
2026-01-06 09:42:07.201 [info] Snippets: No changes found during synchronizing snippets.
2026-01-06 09:42:07.202 [info] Tasks: No changes found during synchronizing tasks.
2026-01-06 09:42:07.203 [info] Mcp: No changes found during synchronizing mcp.
2026-01-06 09:42:07.205 [info] GlobalState: No changes found during synchronizing ui state.
2026-01-06 09:42:07.229 [info] Extensions: No changes found during synchronizing extensions.
2026-01-06 09:42:07.230 [info] Prompts: No changes found during synchronizing prompts.
2026-01-06 09:42:07.230 [info] Profiles: No changes found during synchronizing profiles.
2026-01-06 09:42:07.231 [info] Sync done. Took 279ms
2026-01-06 09:42:18.441 [info] [AutoSync] Triggered by Activity
2026-01-06 09:42:18.442 [info] Sync started.
2026-01-06 09:42:18.658 [info] Settings: No changes found during synchronizing settings.
2026-01-06 09:42:18.660 [info] Keybindings: No changes found during synchronizing keybindings.
2026-01-06 09:42:18.662 [info] Snippets: No changes found during synchronizing snippets.
2026-01-06 09:42:18.663 [info] Tasks: No changes found during synchronizing tasks.
2026-01-06 09:42:18.665 [info] Mcp: No changes found during synchronizing mcp.
2026-01-06 09:42:18.668 [info] GlobalState: No changes found during synchronizing ui state.
2026-01-06 09:42:18.705 [info] Extensions: No changes found during synchronizing extensions.
2026-01-06 09:42:18.706 [info] Prompts: No changes found during synchronizing prompts.
2026-01-06 09:42:18.707 [info] Profiles: No changes found during synchronizing profiles.
2026-01-06 09:42:18.707 [info] Sync done. Took 270ms
2026-01-06 09:42:35.375 [info] [AutoSync] Triggered by Activity
2026-01-06 09:42:35.375 [info] Sync started.
2026-01-06 09:42:35.575 [info] Settings: No changes found during synchronizing settings.
2026-01-06 09:42:35.576 [info] Keybindings: No changes found during synchronizing keybindings.
2026-01-06 09:42:35.577 [info] Snippets: No changes found during synchronizing snippets.
2026-01-06 09:42:35.578 [info] Tasks: No changes found during synchronizing tasks.
2026-01-06 09:42:35.579 [info] Mcp: No changes found during synchronizing mcp.
2026-01-06 09:42:35.580 [info] GlobalState: No changes found during synchronizing ui state.
2026-01-06 09:42:35.605 [info] Extensions: No changes found during synchronizing extensions.
2026-01-06 09:42:35.606 [info] Prompts: No changes found during synchronizing prompts.
2026-01-06 09:42:35.607 [info] Profiles: No changes found during synchronizing profiles.
2026-01-06 09:42:35.607 [info] Sync done. Took 235ms
2026-01-06 09:43:01.371 [info] [AutoSync] Triggered by Activity
2026-01-06 09:43:01.372 [info] Sync started.
2026-01-06 09:43:01.594 [info] Settings: No changes found during synchronizing settings.
2026-01-06 09:43:01.597 [info] Keybindings: No changes found during synchronizing keybindings.
2026-01-06 09:43:01.599 [info] Snippets: No changes found during synchronizing snippets.
2026-01-06 09:43:01.601 [info] Tasks: No changes found during synchronizing tasks.
2026-01-06 09:43:01.603 [info] Mcp: No changes found during synchronizing mcp.
2026-01-06 09:43:01.605 [info] GlobalState: No changes found during synchronizing ui state.
2026-01-06 09:43:01.626 [info] Extensions: No changes found during synchronizing extensions.
2026-01-06 09:43:01.627 [info] Prompts: No changes found during synchronizing prompts.
2026-01-06 09:43:01.628 [info] Profiles: No changes found during synchronizing profiles.
2026-01-06 09:43:01.628 [info] Sync done. Took 260ms
2026-01-06 09:43:30.127 [info] [AutoSync] Triggered by Activity
2026-01-06 09:43:30.128 [info] Sync started.
2026-01-06 09:43:30.311 [info] Settings: No changes found during synchronizing settings.
2026-01-06 09:43:30.312 [info] Keybindings: No changes found during synchronizing keybindings.
2026-01-06 09:43:30.314 [info] Snippets: No changes found during synchronizing snippets.
2026-01-06 09:43:30.315 [info] Tasks: No changes found during synchronizing tasks.
2026-01-06 09:43:30.316 [info] Mcp: No changes found during synchronizing mcp.
2026-01-06 09:43:30.319 [info] GlobalState: No changes found during synchronizing ui state.
2026-01-06 09:43:30.346 [info] Extensions: No changes found during synchronizing extensions.
2026-01-06 09:43:30.347 [info] Prompts: No changes found during synchronizing prompts.
2026-01-06 09:43:30.347 [info] Profiles: No changes found during synchronizing profiles.
2026-01-06 09:43:30.348 [info] Sync done. Took 225ms
2026-01-06 09:43:56.945 [info] [AutoSync] Triggered by Activity
2026-01-06 09:43:56.948 [info] Sync started.
2026-01-06 09:43:57.132 [info] Settings: No changes found during synchronizing settings.
2026-01-06 09:43:57.134 [info] Keybindings: No changes found during synchronizing keybindings.
2026-01-06 09:43:57.135 [info] Snippets: No changes found during synchronizing snippets.
2026-01-06 09:43:57.136 [info] Tasks: No changes found during synchronizing tasks.
2026-01-06 09:43:57.137 [info] Mcp: No changes found during synchronizing mcp.
2026-01-06 09:43:57.139 [info] GlobalState: No changes found during synchronizing ui state.
2026-01-06 09:43:57.163 [info] Extensions: No changes found during synchronizing extensions.
2026-01-06 09:43:57.165 [info] Prompts: No changes found during synchronizing prompts.
2026-01-06 09:43:57.165 [info] Profiles: No changes found during synchronizing profiles.
2026-01-06 09:43:57.166 [info] Sync done. Took 223ms
2026-01-06 09:44:42.720 [info] [AutoSync] Triggered by Activity
2026-01-06 09:44:42.720 [info] Sync started.
2026-01-06 09:44:42.904 [info] Settings: No changes found during synchronizing settings.
2026-01-06 09:44:42.910 [info] Keybindings: No changes found during synchronizing keybindings.
2026-01-06 09:44:42.913 [info] Snippets: No changes found during synchronizing snippets.
2026-01-06 09:44:42.914 [info] Tasks: No changes found during synchronizing tasks.
2026-01-06 09:44:42.915 [info] Mcp: No changes found during synchronizing mcp.
2026-01-06 09:44:42.917 [info] GlobalState: No changes found during synchronizing ui state.
2026-01-06 09:44:42.941 [info] Extensions: No changes found during synchronizing extensions.
2026-01-06 09:44:42.942 [info] Prompts: No changes found during synchronizing prompts.
2026-01-06 09:44:42.943 [info] Profiles: No changes found during synchronizing profiles.
2026-01-06 09:44:42.943 [info] Sync done. Took 227ms
2026-01-06 09:47:29.266 [info] [AutoSync] Triggered by Activity
2026-01-06 09:47:29.267 [info] Sync started.
2026-01-06 09:47:30.055 [info] Settings: No changes found during synchronizing settings.
2026-01-06 09:47:30.058 [info] Keybindings: No changes found during synchronizing keybindings.
2026-01-06 09:47:30.060 [info] Snippets: No changes found during synchronizing snippets.
2026-01-06 09:47:30.061 [info] Tasks: No changes found during synchronizing tasks.
2026-01-06 09:47:30.063 [info] Mcp: No changes found during synchronizing mcp.
2026-01-06 09:47:30.065 [info] GlobalState: No changes found during synchronizing ui state.
2026-01-06 09:47:30.087 [info] Extensions: No changes found during synchronizing extensions.
2026-01-06 09:47:30.088 [info] Prompts: No changes found during synchronizing prompts.
2026-01-06 09:47:30.088 [info] Profiles: No changes found during synchronizing profiles.
2026-01-06 09:47:30.089 [info] Sync done. Took 824ms
2026-01-06 09:48:57.972 [info] [AutoSync] Triggered by Activity
2026-01-06 09:48:57.972 [info] Sync started.
2026-01-06 09:48:58.165 [info] Settings: No changes found during synchronizing settings.
2026-01-06 09:48:58.167 [info] Keybindings: No changes found during synchronizing keybindings.
2026-01-06 09:48:58.169 [info] Snippets: No changes found during synchronizing snippets.
2026-01-06 09:48:58.170 [info] Tasks: No changes found during synchronizing tasks.
2026-01-06 09:48:58.171 [info] Mcp: No changes found during synchronizing mcp.
2026-01-06 09:48:58.172 [info] GlobalState: No changes found during synchronizing ui state.
2026-01-06 09:48:58.194 [info] Extensions: No changes found during synchronizing extensions.
2026-01-06 09:48:58.194 [info] Prompts: No changes found during synchronizing prompts.
2026-01-06 09:48:58.195 [info] Profiles: No changes found during synchronizing profiles.
2026-01-06 09:48:58.195 [info] Sync done. Took 227ms
2026-01-06 09:49:21.054 [info] [AutoSync] Triggered by Activity
2026-01-06 09:49:21.054 [info] Sync started.
2026-01-06 09:49:21.246 [info] Settings: No changes found during synchronizing settings.
2026-01-06 09:49:21.248 [info] Keybindings: No changes found during synchronizing keybindings.
2026-01-06 09:49:21.249 [info] Snippets: No changes found during synchronizing snippets.
2026-01-06 09:49:21.250 [info] Tasks: No changes found during synchronizing tasks.
2026-01-06 09:49:21.251 [info] Mcp: No changes found during synchronizing mcp.
2026-01-06 09:49:21.253 [info] GlobalState: No changes found during synchronizing ui state.
2026-01-06 09:49:21.282 [info] Extensions: No changes found during synchronizing extensions.
2026-01-06 09:49:21.283 [info] Prompts: No changes found during synchronizing prompts.
2026-01-06 09:49:21.283 [info] Profiles: No changes found during synchronizing profiles.
2026-01-06 09:49:21.284 [info] Sync done. Took 233ms
2026-01-06 09:49:47.296 [info] [AutoSync] Triggered by Activity
2026-01-06 09:49:47.296 [info] Sync started.
2026-01-06 09:49:47.492 [info] Settings: No changes found during synchronizing settings.
2026-01-06 09:49:47.494 [info] Keybindings: No changes found during synchronizing keybindings.
2026-01-06 09:49:47.496 [info] Snippets: No changes found during synchronizing snippets.
2026-01-06 09:49:47.497 [info] Tasks: No changes found during synchronizing tasks.
2026-01-06 09:49:47.498 [info] Mcp: No changes found during synchronizing mcp.
2026-01-06 09:49:47.499 [info] GlobalState: No changes found during synchronizing ui state.
2026-01-06 09:49:47.523 [info] Extensions: No changes found during synchronizing extensions.
2026-01-06 09:49:47.523 [info] Prompts: No changes found during synchronizing prompts.
2026-01-06 09:49:47.524 [info] Profiles: No changes found during synchronizing profiles.
2026-01-06 09:49:47.524 [info] Sync done. Took 232ms
2026-01-06 09:50:31.458 [info] [AutoSync] Triggered by Activity
2026-01-06 09:50:31.459 [info] Sync started.
2026-01-06 09:50:31.678 [info] Settings: No changes found during synchronizing settings.
2026-01-06 09:50:31.679 [info] Keybindings: No changes found during synchronizing keybindings.
2026-01-06 09:50:31.681 [info] Snippets: No changes found during synchronizing snippets.
2026-01-06 09:50:31.681 [info] Tasks: No changes found during synchronizing tasks.
2026-01-06 09:50:31.682 [info] Mcp: No changes found during synchronizing mcp.
2026-01-06 09:50:31.683 [info] GlobalState: No changes found during synchronizing ui state.
2026-01-06 09:50:31.708 [info] Extensions: No changes found during synchronizing extensions.
2026-01-06 09:50:31.710 [info] Prompts: No changes found during synchronizing prompts.
2026-01-06 09:50:31.711 [info] Profiles: No changes found during synchronizing profiles.
2026-01-06 09:50:31.711 [info] Sync done. Took 253ms
2026-01-06 09:50:42.325 [info] [AutoSync] Triggered by Activity
2026-01-06 09:50:42.325 [info] Sync started.
2026-01-06 09:50:42.530 [info] Settings: No changes found during synchronizing settings.
2026-01-06 09:50:42.536 [info] Keybindings: No changes found during synchronizing keybindings.
2026-01-06 09:50:42.539 [info] Snippets: No changes found during synchronizing snippets.
2026-01-06 09:50:42.542 [info] Tasks: No changes found during synchronizing tasks.
2026-01-06 09:50:42.544 [info] Mcp: No changes found during synchronizing mcp.
2026-01-06 09:50:42.547 [info] GlobalState: No changes found during synchronizing ui state.
2026-01-06 09:50:42.569 [info] Extensions: No changes found during synchronizing extensions.
2026-01-06 09:50:42.571 [info] Prompts: No changes found during synchronizing prompts.
2026-01-06 09:50:42.571 [info] Profiles: No changes found during synchronizing profiles.
2026-01-06 09:50:42.572 [info] Sync done. Took 250ms
2026-01-06 09:51:48.497 [info] [AutoSync] Triggered by Activity
2026-01-06 09:51:48.498 [info] Sync started.
2026-01-06 09:51:48.701 [info] Settings: No changes found during synchronizing settings.
2026-01-06 09:51:48.703 [info] Keybindings: No changes found during synchronizing keybindings.
2026-01-06 09:51:48.704 [info] Snippets: No changes found during synchronizing snippets.
2026-01-06 09:51:48.705 [info] Tasks: No changes found during synchronizing tasks.
2026-01-06 09:51:48.706 [info] Mcp: No changes found during synchronizing mcp.
2026-01-06 09:51:48.708 [info] GlobalState: No changes found during synchronizing ui state.
2026-01-06 09:51:48.731 [info] Extensions: No changes found during synchronizing extensions.
2026-01-06 09:51:48.732 [info] Prompts: No changes found during synchronizing prompts.
2026-01-06 09:51:48.732 [info] Profiles: No changes found during synchronizing profiles.
2026-01-06 09:51:48.733 [info] Sync done. Took 238ms
2026-01-06 09:52:02.980 [info] [AutoSync] Triggered by Activity
2026-01-06 09:52:02.981 [info] Sync started.
2026-01-06 09:52:03.169 [info] Settings: No changes found during synchronizing settings.
2026-01-06 09:52:03.171 [info] Keybindings: No changes found during synchronizing keybindings.
2026-01-06 09:52:03.174 [info] Snippets: No changes found during synchronizing snippets.
2026-01-06 09:52:03.177 [info] Tasks: No changes found during synchronizing tasks.
2026-01-06 09:52:03.179 [info] Mcp: No changes found during synchronizing mcp.
2026-01-06 09:52:03.181 [info] GlobalState: No changes found during synchronizing ui state.
2026-01-06 09:52:03.208 [info] Extensions: No changes found during synchronizing extensions.
2026-01-06 09:52:03.212 [info] Prompts: No changes found during synchronizing prompts.
2026-01-06 09:52:03.212 [info] Profiles: No changes found during synchronizing profiles.
2026-01-06 09:52:03.213 [info] Sync done. Took 235ms
2026-01-06 09:52:54.904 [info] [AutoSync] Triggered by Activity
2026-01-06 09:52:54.905 [info] Sync started.
2026-01-06 09:52:55.138 [info] Settings: No changes found during synchronizing settings.
2026-01-06 09:52:55.140 [info] Keybindings: No changes found during synchronizing keybindings.
2026-01-06 09:52:55.142 [info] Snippets: No changes found during synchronizing snippets.
2026-01-06 09:52:55.143 [info] Tasks: No changes found during synchronizing tasks.
2026-01-06 09:52:55.144 [info] Mcp: No changes found during synchronizing mcp.
2026-01-06 09:52:55.145 [info] GlobalState: No changes found during synchronizing ui state.
2026-01-06 09:52:55.169 [info] Extensions: No changes found during synchronizing extensions.
2026-01-06 09:52:55.170 [info] Prompts: No changes found during synchronizing prompts.
2026-01-06 09:52:55.171 [info] Profiles: No changes found during synchronizing profiles.
2026-01-06 09:52:55.171 [info] Sync done. Took 270ms
2026-01-06 09:53:18.322 [info] [AutoSync] Triggered by Activity
2026-01-06 09:53:18.322 [info] Sync started.
2026-01-06 09:53:18.524 [info] Settings: No changes found during synchronizing settings.
2026-01-06 09:53:18.525 [info] Keybindings: No changes found during synchronizing keybindings.
2026-01-06 09:53:18.527 [info] Snippets: No changes found during synchronizing snippets.
2026-01-06 09:53:18.528 [info] Tasks: No changes found during synchronizing tasks.
2026-01-06 09:53:18.529 [info] Mcp: No changes found during synchronizing mcp.
2026-01-06 09:53:18.531 [info] GlobalState: No changes found during synchronizing ui state.
2026-01-06 09:53:18.564 [info] Extensions: No changes found during synchronizing extensions.
2026-01-06 09:53:18.565 [info] Prompts: No changes found during synchronizing prompts.
2026-01-06 09:53:18.566 [info] Profiles: No changes found during synchronizing profiles.
2026-01-06 09:53:18.567 [info] Sync done. Took 246ms
2026-01-06 09:54:35.047 [info] [AutoSync] Triggered by Activity
2026-01-06 09:54:35.048 [info] Sync started.
2026-01-06 09:54:35.239 [info] Settings: No changes found during synchronizing settings.
2026-01-06 09:54:35.241 [info] Keybindings: No changes found during synchronizing keybindings.
2026-01-06 09:54:35.242 [info] Snippets: No changes found during synchronizing snippets.
2026-01-06 09:54:35.243 [info] Tasks: No changes found during synchronizing tasks.
2026-01-06 09:54:35.244 [info] Mcp: No changes found during synchronizing mcp.
2026-01-06 09:54:35.245 [info] GlobalState: No changes found during synchronizing ui state.
2026-01-06 09:54:35.271 [info] Extensions: No changes found during synchronizing extensions.
2026-01-06 09:54:35.272 [info] Prompts: No changes found during synchronizing prompts.
2026-01-06 09:54:35.273 [info] Profiles: No changes found during synchronizing profiles.
2026-01-06 09:54:35.273 [info] Sync done. Took 229ms
2026-01-06 09:54:52.308 [info] [AutoSync] Triggered by Activity
2026-01-06 09:54:52.308 [info] Sync started.
2026-01-06 09:54:52.540 [info] Settings: No changes found during synchronizing settings.
2026-01-06 09:54:52.543 [info] Keybindings: No changes found during synchronizing keybindings.
2026-01-06 09:54:52.545 [info] Snippets: No changes found during synchronizing snippets.
2026-01-06 09:54:52.546 [info] Tasks: No changes found during synchronizing tasks.
2026-01-06 09:54:52.548 [info] Mcp: No changes found during synchronizing mcp.
2026-01-06 09:54:52.551 [info] GlobalState: No changes found during synchronizing ui state.
2026-01-06 09:54:52.578 [info] Extensions: No changes found during synchronizing extensions.
2026-01-06 09:54:52.579 [info] Prompts: No changes found during synchronizing prompts.
2026-01-06 09:54:52.580 [info] Profiles: No changes found during synchronizing profiles.
2026-01-06 09:54:52.580 [info] Sync done. Took 276ms
2026-01-06 09:55:09.883 [info] [AutoSync] Triggered by Activity
2026-01-06 09:55:09.883 [info] Sync started.
2026-01-06 09:55:10.097 [info] Settings: No changes found during synchronizing settings.
2026-01-06 09:55:10.100 [info] Keybindings: No changes found during synchronizing keybindings.
2026-01-06 09:55:10.103 [info] Snippets: No changes found during synchronizing snippets.
2026-01-06 09:55:10.105 [info] Tasks: No changes found during synchronizing tasks.
2026-01-06 09:55:10.106 [info] Mcp: No changes found during synchronizing mcp.
2026-01-06 09:55:10.108 [info] GlobalState: No changes found during synchronizing ui state.
2026-01-06 09:55:10.131 [info] Extensions: No changes found during synchronizing extensions.
2026-01-06 09:55:10.133 [info] Prompts: No changes found during synchronizing prompts.
2026-01-06 09:55:10.134 [info] Profiles: No changes found during synchronizing profiles.
2026-01-06 09:55:10.134 [info] Sync done. Took 254ms
2026-01-06 09:56:50.956 [info] [AutoSync] Triggered by Activity
2026-01-06 09:56:50.957 [info] Sync started.
2026-01-06 09:56:51.152 [info] Settings: No changes found during synchronizing settings.
2026-01-06 09:56:51.154 [info] Keybindings: No changes found during synchronizing keybindings.
2026-01-06 09:56:51.157 [info] Snippets: No changes found during synchronizing snippets.
2026-01-06 09:56:51.158 [info] Tasks: No changes found during synchronizing tasks.
2026-01-06 09:56:51.162 [info] Mcp: No changes found during synchronizing mcp.
2026-01-06 09:56:51.164 [info] GlobalState: No changes found during synchronizing ui state.
2026-01-06 09:56:51.212 [info] Extensions: No changes found during synchronizing extensions.
2026-01-06 09:56:51.213 [info] Prompts: No changes found during synchronizing prompts.
2026-01-06 09:56:51.214 [info] Profiles: No changes found during synchronizing profiles.
2026-01-06 09:56:51.214 [info] Sync done. Took 260ms
2026-01-06 09:57:32.788 [info] [AutoSync] Triggered by Activity
2026-01-06 09:57:32.789 [info] Sync started.
2026-01-06 09:57:32.985 [info] Settings: No changes found during synchronizing settings.
2026-01-06 09:57:32.987 [info] Keybindings: No changes found during synchronizing keybindings.
2026-01-06 09:57:32.988 [info] Snippets: No changes found during synchronizing snippets.
2026-01-06 09:57:32.990 [info] Tasks: No changes found during synchronizing tasks.
2026-01-06 09:57:32.991 [info] Mcp: No changes found during synchronizing mcp.
2026-01-06 09:57:32.993 [info] GlobalState: No changes found during synchronizing ui state.
2026-01-06 09:57:33.016 [info] Extensions: No changes found during synchronizing extensions.
2026-01-06 09:57:33.017 [info] Prompts: No changes found during synchronizing prompts.
2026-01-06 09:57:33.018 [info] Profiles: No changes found during synchronizing profiles.
2026-01-06 09:57:33.018 [info] Sync done. Took 233ms
2026-01-06 09:58:18.711 [info] [AutoSync] Triggered by Activity
2026-01-06 09:58:18.711 [info] Sync started.
2026-01-06 09:58:18.913 [info] Settings: No changes found during synchronizing settings.
2026-01-06 09:58:18.917 [info] Keybindings: No changes found during synchronizing keybindings.
2026-01-06 09:58:18.919 [info] Snippets: No changes found during synchronizing snippets.
2026-01-06 09:58:18.920 [info] Tasks: No changes found during synchronizing tasks.
2026-01-06 09:58:18.921 [info] Mcp: No changes found during synchronizing mcp.
2026-01-06 09:58:18.922 [info] GlobalState: No changes found during synchronizing ui state.
2026-01-06 09:58:18.945 [info] Extensions: No changes found during synchronizing extensions.
2026-01-06 09:58:18.946 [info] Prompts: No changes found during synchronizing prompts.
2026-01-06 09:58:18.947 [info] Profiles: No changes found during synchronizing profiles.
2026-01-06 09:58:18.947 [info] Sync done. Took 238ms
2026-01-06 09:59:01.077 [info] [AutoSync] Triggered by Activity
2026-01-06 09:59:01.078 [info] Sync started.
2026-01-06 09:59:01.288 [info] Settings: No changes found during synchronizing settings.
2026-01-06 09:59:01.289 [info] Keybindings: No changes found during synchronizing keybindings.
2026-01-06 09:59:01.291 [info] Snippets: No changes found during synchronizing snippets.
2026-01-06 09:59:01.291 [info] Tasks: No changes found during synchronizing tasks.
2026-01-06 09:59:01.292 [info] Mcp: No changes found during synchronizing mcp.
2026-01-06 09:59:01.293 [info] GlobalState: No changes found during synchronizing ui state.
2026-01-06 09:59:01.319 [info] Extensions: No changes found during synchronizing extensions.
2026-01-06 09:59:01.320 [info] Prompts: No changes found during synchronizing prompts.
2026-01-06 09:59:01.320 [info] Profiles: No changes found during synchronizing profiles.
2026-01-06 09:59:01.321 [info] Sync done. Took 246ms
2026-01-06 10:01:14.023 [info] [AutoSync] Triggered by Activity
2026-01-06 10:01:14.026 [info] Sync started.
2026-01-06 10:01:14.744 [info] Settings: No changes found during synchronizing settings.
2026-01-06 10:01:14.747 [info] Keybindings: No changes found during synchronizing keybindings.
2026-01-06 10:01:14.749 [info] Snippets: No changes found during synchronizing snippets.
2026-01-06 10:01:14.750 [info] Tasks: No changes found during synchronizing tasks.
2026-01-06 10:01:14.751 [info] Mcp: No changes found during synchronizing mcp.
2026-01-06 10:01:14.753 [info] GlobalState: No changes found during synchronizing ui state.
2026-01-06 10:01:14.775 [info] Extensions: No changes found during synchronizing extensions.
2026-01-06 10:01:14.777 [info] Prompts: No changes found during synchronizing prompts.
2026-01-06 10:01:14.777 [info] Profiles: No changes found during synchronizing profiles.
2026-01-06 10:01:14.778 [info] Sync done. Took 757ms
2026-01-06 10:01:44.545 [info] [AutoSync] Triggered by Activity
2026-01-06 10:01:44.546 [info] Sync started.
2026-01-06 10:01:44.752 [info] Settings: No changes found during synchronizing settings.
2026-01-06 10:01:44.754 [info] Keybindings: No changes found during synchronizing keybindings.
2026-01-06 10:01:44.756 [info] Snippets: No changes found during synchronizing snippets.
2026-01-06 10:01:44.757 [info] Tasks: No changes found during synchronizing tasks.
2026-01-06 10:01:44.758 [info] Mcp: No changes found during synchronizing mcp.
2026-01-06 10:01:44.759 [info] GlobalState: No changes found during synchronizing ui state.
2026-01-06 10:01:44.780 [info] Extensions: No changes found during synchronizing extensions.
2026-01-06 10:01:44.782 [info] Prompts: No changes found during synchronizing prompts.
2026-01-06 10:01:44.782 [info] Profiles: No changes found during synchronizing profiles.
2026-01-06 10:01:44.783 [info] Sync done. Took 241ms
2026-01-06 10:03:19.668 [info] [AutoSync] Triggered by Activity
2026-01-06 10:03:19.668 [info] Sync started.
2026-01-06 10:03:19.863 [info] Settings: No changes found during synchronizing settings.
2026-01-06 10:03:19.865 [info] Keybindings: No changes found during synchronizing keybindings.
2026-01-06 10:03:19.866 [info] Snippets: No changes found during synchronizing snippets.
2026-01-06 10:03:19.867 [info] Tasks: No changes found during synchronizing tasks.
2026-01-06 10:03:19.868 [info] Mcp: No changes found during synchronizing mcp.
2026-01-06 10:03:19.869 [info] GlobalState: No changes found during synchronizing ui state.
2026-01-06 10:03:19.894 [info] Extensions: No changes found during synchronizing extensions.
2026-01-06 10:03:19.895 [info] Prompts: No changes found during synchronizing prompts.
2026-01-06 10:03:19.895 [info] Profiles: No changes found during synchronizing profiles.
2026-01-06 10:03:19.896 [info] Sync done. Took 230ms
2026-01-06 10:03:55.903 [info] [AutoSync] Triggered by Activity
2026-01-06 10:03:55.904 [info] Sync started.
2026-01-06 10:03:56.137 [info] Settings: No changes found during synchronizing settings.
2026-01-06 10:03:56.140 [info] Keybindings: No changes found during synchronizing keybindings.
2026-01-06 10:03:56.142 [info] Snippets: No changes found during synchronizing snippets.
2026-01-06 10:03:56.144 [info] Tasks: No changes found during synchronizing tasks.
2026-01-06 10:03:56.145 [info] Mcp: No changes found during synchronizing mcp.
2026-01-06 10:03:56.147 [info] GlobalState: No changes found during synchronizing ui state.
2026-01-06 10:03:56.168 [info] Extensions: No changes found during synchronizing extensions.
2026-01-06 10:03:56.170 [info] Prompts: No changes found during synchronizing prompts.
2026-01-06 10:03:56.170 [info] Profiles: No changes found during synchronizing profiles.
2026-01-06 10:03:56.170 [info] Sync done. Took 270ms
2026-01-06 10:05:43.797 [info] [AutoSync] Triggered by Activity
2026-01-06 10:05:43.798 [info] Sync started.
2026-01-06 10:05:43.974 [info] Settings: No changes found during synchronizing settings.
2026-01-06 10:05:43.976 [info] Keybindings: No changes found during synchronizing keybindings.
2026-01-06 10:05:43.977 [info] Snippets: No changes found during synchronizing snippets.
2026-01-06 10:05:43.978 [info] Tasks: No changes found during synchronizing tasks.
2026-01-06 10:05:43.979 [info] Mcp: No changes found during synchronizing mcp.
2026-01-06 10:05:43.980 [info] GlobalState: No changes found during synchronizing ui state.
2026-01-06 10:05:44.004 [info] Extensions: No changes found during synchronizing extensions.
2026-01-06 10:05:44.005 [info] Prompts: No changes found during synchronizing prompts.
2026-01-06 10:05:44.005 [info] Profiles: No changes found during synchronizing profiles.
2026-01-06 10:05:44.006 [info] Sync done. Took 212ms
2026-01-06 10:06:03.513 [info] [AutoSync] Triggered by Activity
2026-01-06 10:06:03.513 [info] Sync started.
2026-01-06 10:06:03.735 [info] Settings: No changes found during synchronizing settings.
2026-01-06 10:06:03.739 [info] Keybindings: No changes found during synchronizing keybindings.
2026-01-06 10:06:03.741 [info] Snippets: No changes found during synchronizing snippets.
2026-01-06 10:06:03.742 [info] Tasks: No changes found during synchronizing tasks.
2026-01-06 10:06:03.744 [info] Mcp: No changes found during synchronizing mcp.
2026-01-06 10:06:03.747 [info] GlobalState: No changes found during synchronizing ui state.
2026-01-06 10:06:03.795 [info] Extensions: No changes found during synchronizing extensions.
2026-01-06 10:06:03.796 [info] Prompts: No changes found during synchronizing prompts.
2026-01-06 10:06:03.796 [info] Profiles: No changes found during synchronizing profiles.
2026-01-06 10:06:03.797 [info] Sync done. Took 284ms
2026-01-06 10:07:14.211 [info] [AutoSync] Triggered by Activity
2026-01-06 10:07:14.212 [info] Sync started.
2026-01-06 10:07:14.414 [info] Settings: No changes found during synchronizing settings.
2026-01-06 10:07:14.415 [info] Keybindings: No changes found during synchronizing keybindings.
2026-01-06 10:07:14.416 [info] Snippets: No changes found during synchronizing snippets.
2026-01-06 10:07:14.417 [info] Tasks: No changes found during synchronizing tasks.
2026-01-06 10:07:14.418 [info] Mcp: No changes found during synchronizing mcp.
2026-01-06 10:07:14.420 [info] GlobalState: No changes found during synchronizing ui state.
2026-01-06 10:07:14.443 [info] Extensions: No changes found during synchronizing extensions.
2026-01-06 10:07:14.444 [info] Prompts: No changes found during synchronizing prompts.
2026-01-06 10:07:14.445 [info] Profiles: No changes found during synchronizing profiles.
2026-01-06 10:07:14.445 [info] Sync done. Took 237ms
2026-01-06 10:08:13.698 [info] [AutoSync] Triggered by Activity
2026-01-06 10:08:13.698 [info] Sync started.
2026-01-06 10:08:13.870 [info] Settings: No changes found during synchronizing settings.
2026-01-06 10:08:13.872 [info] Keybindings: No changes found during synchronizing keybindings.
2026-01-06 10:08:13.873 [info] Snippets: No changes found during synchronizing snippets.
2026-01-06 10:08:13.874 [info] Tasks: No changes found during synchronizing tasks.
2026-01-06 10:08:13.875 [info] Mcp: No changes found during synchronizing mcp.
2026-01-06 10:08:13.876 [info] GlobalState: No changes found during synchronizing ui state.
2026-01-06 10:08:13.900 [info] Extensions: No changes found during synchronizing extensions.
2026-01-06 10:08:13.901 [info] Prompts: No changes found during synchronizing prompts.
2026-01-06 10:08:13.901 [info] Profiles: No changes found during synchronizing profiles.
2026-01-06 10:08:13.902 [info] Sync done. Took 205ms
2026-01-06 10:08:29.728 [info] [AutoSync] Triggered by Activity
2026-01-06 10:08:29.728 [info] Sync started.
2026-01-06 10:08:29.928 [info] Settings: No changes found during synchronizing settings.
2026-01-06 10:08:29.930 [info] Keybindings: No changes found during synchronizing keybindings.
2026-01-06 10:08:29.931 [info] Snippets: No changes found during synchronizing snippets.
2026-01-06 10:08:29.932 [info] Tasks: No changes found during synchronizing tasks.
2026-01-06 10:08:29.932 [info] Mcp: No changes found during synchronizing mcp.
2026-01-06 10:08:29.934 [info] GlobalState: No changes found during synchronizing ui state.
2026-01-06 10:08:29.958 [info] Extensions: No changes found during synchronizing extensions.
2026-01-06 10:08:29.959 [info] Prompts: No changes found during synchronizing prompts.
2026-01-06 10:08:29.960 [info] Profiles: No changes found during synchronizing profiles.
2026-01-06 10:08:29.960 [info] Sync done. Took 236ms
2026-01-06 10:09:35.999 [info] [AutoSync] Triggered by Activity
2026-01-06 10:09:35.999 [info] Sync started.
2026-01-06 10:09:36.215 [info] Settings: No changes found during synchronizing settings.
2026-01-06 10:09:36.217 [info] Keybindings: No changes found during synchronizing keybindings.
2026-01-06 10:09:36.218 [info] Snippets: No changes found during synchronizing snippets.
2026-01-06 10:09:36.219 [info] Tasks: No changes found during synchronizing tasks.
2026-01-06 10:09:36.219 [info] Mcp: No changes found during synchronizing mcp.
2026-01-06 10:09:36.221 [info] GlobalState: No changes found during synchronizing ui state.
2026-01-06 10:09:36.245 [info] Extensions: No changes found during synchronizing extensions.
2026-01-06 10:09:36.246 [info] Prompts: No changes found during synchronizing prompts.
2026-01-06 10:09:36.246 [info] Profiles: No changes found during synchronizing profiles.
2026-01-06 10:09:36.247 [info] Sync done. Took 250ms
2026-01-06 10:11:24.620 [info] [AutoSync] Triggered by Activity
2026-01-06 10:11:24.621 [info] Sync started.
2026-01-06 10:11:24.800 [info] Settings: No changes found during synchronizing settings.
2026-01-06 10:11:24.801 [info] Keybindings: No changes found during synchronizing keybindings.
2026-01-06 10:11:24.803 [info] Snippets: No changes found during synchronizing snippets.
2026-01-06 10:11:24.804 [info] Tasks: No changes found during synchronizing tasks.
2026-01-06 10:11:24.805 [info] Mcp: No changes found during synchronizing mcp.
2026-01-06 10:11:24.807 [info] GlobalState: No changes found during synchronizing ui state.
2026-01-06 10:11:24.830 [info] Extensions: No changes found during synchronizing extensions.
2026-01-06 10:11:24.831 [info] Prompts: No changes found during synchronizing prompts.
2026-01-06 10:11:24.831 [info] Profiles: No changes found during synchronizing profiles.
2026-01-06 10:11:24.832 [info] Sync done. Took 215ms
2026-01-06 10:11:53.360 [info] [AutoSync] Triggered by Activity
2026-01-06 10:11:53.360 [info] Sync started.
2026-01-06 10:11:53.556 [info] Settings: No changes found during synchronizing settings.
2026-01-06 10:11:53.560 [info] Keybindings: No changes found during synchronizing keybindings.
2026-01-06 10:11:53.562 [info] Snippets: No changes found during synchronizing snippets.
2026-01-06 10:11:53.563 [info] Tasks: No changes found during synchronizing tasks.
2026-01-06 10:11:53.564 [info] Mcp: No changes found during synchronizing mcp.
2026-01-06 10:11:53.565 [info] GlobalState: No changes found during synchronizing ui state.
2026-01-06 10:11:53.588 [info] Extensions: No changes found during synchronizing extensions.
2026-01-06 10:11:53.590 [info] Prompts: No changes found during synchronizing prompts.
2026-01-06 10:11:53.590 [info] Profiles: No changes found during synchronizing profiles.
2026-01-06 10:11:53.590 [info] Sync done. Took 233ms
2026-01-06 10:12:16.675 [info] [AutoSync] Triggered by Activity
2026-01-06 10:12:16.675 [info] Sync started.
2026-01-06 10:12:16.924 [info] Settings: No changes found during synchronizing settings.
2026-01-06 10:12:16.927 [info] Keybindings: No changes found during synchronizing keybindings.
2026-01-06 10:12:16.930 [info] Snippets: No changes found during synchronizing snippets.
2026-01-06 10:12:16.932 [info] Tasks: No changes found during synchronizing tasks.
2026-01-06 10:12:16.934 [info] Mcp: No changes found during synchronizing mcp.
2026-01-06 10:12:16.937 [info] GlobalState: No changes found during synchronizing ui state.
2026-01-06 10:12:16.961 [info] Extensions: No changes found during synchronizing extensions.
2026-01-06 10:12:16.962 [info] Prompts: No changes found during synchronizing prompts.
2026-01-06 10:12:16.963 [info] Profiles: No changes found during synchronizing profiles.
2026-01-06 10:12:16.963 [info] Sync done. Took 291ms
2026-01-06 10:12:42.065 [info] [AutoSync] Triggered by Activity
2026-01-06 10:12:42.066 [info] Sync started.
2026-01-06 10:12:42.249 [info] Settings: No changes found during synchronizing settings.
2026-01-06 10:12:42.253 [info] Keybindings: No changes found during synchronizing keybindings.
2026-01-06 10:12:42.257 [info] Snippets: No changes found during synchronizing snippets.
2026-01-06 10:12:42.259 [info] Tasks: No changes found during synchronizing tasks.
2026-01-06 10:12:42.260 [info] Mcp: No changes found during synchronizing mcp.
2026-01-06 10:12:42.262 [info] GlobalState: No changes found during synchronizing ui state.
2026-01-06 10:12:42.281 [info] Extensions: No changes found during synchronizing extensions.
2026-01-06 10:12:42.282 [info] Prompts: No changes found during synchronizing prompts.
2026-01-06 10:12:42.283 [info] Profiles: No changes found during synchronizing profiles.
2026-01-06 10:12:42.283 [info] Sync done. Took 221ms
2026-01-06 10:13:54.860 [info] [AutoSync] Triggered by Activity
2026-01-06 10:13:54.860 [info] Sync started.
2026-01-06 10:13:55.078 [info] Settings: No changes found during synchronizing settings.
2026-01-06 10:13:55.080 [info] Keybindings: No changes found during synchronizing keybindings.
2026-01-06 10:13:55.081 [info] Snippets: No changes found during synchronizing snippets.
2026-01-06 10:13:55.082 [info] Tasks: No changes found during synchronizing tasks.
2026-01-06 10:13:55.082 [info] Mcp: No changes found during synchronizing mcp.
2026-01-06 10:13:55.084 [info] GlobalState: No changes found during synchronizing ui state.
2026-01-06 10:13:55.109 [info] Extensions: No changes found during synchronizing extensions.
2026-01-06 10:13:55.110 [info] Prompts: No changes found during synchronizing prompts.
2026-01-06 10:13:55.110 [info] Profiles: No changes found during synchronizing profiles.
2026-01-06 10:13:55.111 [info] Sync done. Took 254ms
2026-01-06 10:14:12.993 [info] [AutoSync] Triggered by Activity
2026-01-06 10:14:12.994 [info] Sync started.
2026-01-06 10:14:13.250 [info] Settings: No changes found during synchronizing settings.
2026-01-06 10:14:13.251 [info] Keybindings: No changes found during synchronizing keybindings.
2026-01-06 10:14:13.253 [info] Snippets: No changes found during synchronizing snippets.
2026-01-06 10:14:13.253 [info] Tasks: No changes found during synchronizing tasks.
2026-01-06 10:14:13.254 [info] Mcp: No changes found during synchronizing mcp.
2026-01-06 10:14:13.255 [info] GlobalState: No changes found during synchronizing ui state.
2026-01-06 10:14:13.280 [info] Extensions: No changes found during synchronizing extensions.
2026-01-06 10:14:13.281 [info] Prompts: No changes found during synchronizing prompts.
2026-01-06 10:14:13.281 [info] Profiles: No changes found during synchronizing profiles.
2026-01-06 10:14:13.282 [info] Sync done. Took 293ms
2026-01-06 10:14:28.515 [info] [AutoSync] Triggered by Activity
2026-01-06 10:14:28.515 [info] Sync started.
2026-01-06 10:14:28.727 [info] Settings: No changes found during synchronizing settings.
2026-01-06 10:14:28.730 [info] Keybindings: No changes found during synchronizing keybindings.
2026-01-06 10:14:28.732 [info] Snippets: No changes found during synchronizing snippets.
2026-01-06 10:14:28.733 [info] Tasks: No changes found during synchronizing tasks.
2026-01-06 10:14:28.734 [info] Mcp: No changes found during synchronizing mcp.
2026-01-06 10:14:28.735 [info] GlobalState: No changes found during synchronizing ui state.
2026-01-06 10:14:28.764 [info] Extensions: No changes found during synchronizing extensions.
2026-01-06 10:14:28.765 [info] Prompts: No changes found during synchronizing prompts.
2026-01-06 10:14:28.766 [info] Profiles: No changes found during synchronizing profiles.
2026-01-06 10:14:28.766 [info] Sync done. Took 253ms
2026-01-06 10:14:50.396 [info] [AutoSync] Triggered by Activity
2026-01-06 10:14:50.396 [info] Sync started.
2026-01-06 10:14:50.590 [info] Settings: No changes found during synchronizing settings.
2026-01-06 10:14:50.592 [info] Keybindings: No changes found during synchronizing keybindings.
2026-01-06 10:14:50.595 [info] Snippets: No changes found during synchronizing snippets.
2026-01-06 10:14:50.598 [info] Tasks: No changes found during synchronizing tasks.
2026-01-06 10:14:50.600 [info] Mcp: No changes found during synchronizing mcp.
2026-01-06 10:14:50.603 [info] GlobalState: No changes found during synchronizing ui state.
2026-01-06 10:14:50.636 [info] Extensions: No changes found during synchronizing extensions.
2026-01-06 10:14:50.637 [info] Prompts: No changes found during synchronizing prompts.
2026-01-06 10:14:50.638 [info] Profiles: No changes found during synchronizing profiles.
2026-01-06 10:14:50.638 [info] Sync done. Took 245ms
2026-01-06 10:15:41.253 [info] [AutoSync] Triggered by Activity
2026-01-06 10:15:41.254 [info] Sync started.
2026-01-06 10:15:41.453 [info] Settings: No changes found during synchronizing settings.
2026-01-06 10:15:41.455 [info] Keybindings: No changes found during synchronizing keybindings.
2026-01-06 10:15:41.456 [info] Snippets: No changes found during synchronizing snippets.
2026-01-06 10:15:41.457 [info] Tasks: No changes found during synchronizing tasks.
2026-01-06 10:15:41.457 [info] Mcp: No changes found during synchronizing mcp.
2026-01-06 10:15:41.459 [info] GlobalState: No changes found during synchronizing ui state.
2026-01-06 10:15:41.484 [info] Extensions: No changes found during synchronizing extensions.
2026-01-06 10:15:41.486 [info] Prompts: No changes found during synchronizing prompts.
2026-01-06 10:15:41.486 [info] Profiles: No changes found during synchronizing profiles.
2026-01-06 10:15:41.487 [info] Sync done. Took 238ms
2026-01-06 10:16:34.086 [info] [AutoSync] Triggered by Activity
2026-01-06 10:16:34.086 [info] Sync started.
2026-01-06 10:16:34.289 [info] Settings: No changes found during synchronizing settings.
2026-01-06 10:16:34.291 [info] Keybindings: No changes found during synchronizing keybindings.
2026-01-06 10:16:34.293 [info] Snippets: No changes found during synchronizing snippets.
2026-01-06 10:16:34.294 [info] Tasks: No changes found during synchronizing tasks.
2026-01-06 10:16:34.295 [info] Mcp: No changes found during synchronizing mcp.
2026-01-06 10:16:34.297 [info] GlobalState: No changes found during synchronizing ui state.
2026-01-06 10:16:34.320 [info] Extensions: No changes found during synchronizing extensions.
2026-01-06 10:16:34.321 [info] Prompts: No changes found during synchronizing prompts.
2026-01-06 10:16:34.322 [info] Profiles: No changes found during synchronizing profiles.
2026-01-06 10:16:34.323 [info] Sync done. Took 238ms
2026-01-06 10:17:45.960 [info] [AutoSync] Triggered by Activity
2026-01-06 10:17:45.961 [info] Sync started.
2026-01-06 10:17:46.181 [info] Settings: No changes found during synchronizing settings.
2026-01-06 10:17:46.183 [info] Keybindings: No changes found during synchronizing keybindings.
2026-01-06 10:17:46.185 [info] Snippets: No changes found during synchronizing snippets.
2026-01-06 10:17:46.186 [info] Tasks: No changes found during synchronizing tasks.
2026-01-06 10:17:46.187 [info] Mcp: No changes found during synchronizing mcp.
2026-01-06 10:17:46.189 [info] GlobalState: No changes found during synchronizing ui state.
2026-01-06 10:17:46.212 [info] Extensions: No changes found during synchronizing extensions.
2026-01-06 10:17:46.213 [info] Prompts: No changes found during synchronizing prompts.
2026-01-06 10:17:46.214 [info] Profiles: No changes found during synchronizing profiles.
2026-01-06 10:17:46.215 [info] Sync done. Took 255ms
2026-01-06 10:18:56.602 [info] [AutoSync] Triggered by Activity
2026-01-06 10:18:56.603 [info] Sync started.
2026-01-06 10:18:56.800 [info] Settings: No changes found during synchronizing settings.
2026-01-06 10:18:56.801 [info] Keybindings: No changes found during synchronizing keybindings.
2026-01-06 10:18:56.802 [info] Snippets: No changes found during synchronizing snippets.
2026-01-06 10:18:56.803 [info] Tasks: No changes found during synchronizing tasks.
2026-01-06 10:18:56.804 [info] Mcp: No changes found during synchronizing mcp.
2026-01-06 10:18:56.806 [info] GlobalState: No changes found during synchronizing ui state.
2026-01-06 10:18:56.833 [info] Extensions: No changes found during synchronizing extensions.
2026-01-06 10:18:56.833 [info] Prompts: No changes found during synchronizing prompts.
2026-01-06 10:18:56.834 [info] Profiles: No changes found during synchronizing profiles.
2026-01-06 10:18:56.834 [info] Sync done. Took 235ms
2026-01-06 10:20:00.425 [info] [AutoSync] Triggered by Activity
2026-01-06 10:20:00.426 [info] Sync started.
2026-01-06 10:20:00.655 [info] Settings: No changes found during synchronizing settings.
2026-01-06 10:20:00.656 [info] Keybindings: No changes found during synchronizing keybindings.
2026-01-06 10:20:00.658 [info] Snippets: No changes found during synchronizing snippets.
2026-01-06 10:20:00.659 [info] Tasks: No changes found during synchronizing tasks.
2026-01-06 10:20:00.660 [info] Mcp: No changes found during synchronizing mcp.
2026-01-06 10:20:00.661 [info] GlobalState: No changes found during synchronizing ui state.
2026-01-06 10:20:00.720 [info] Extensions: No changes found during synchronizing extensions.
2026-01-06 10:20:00.720 [info] Prompts: No changes found during synchronizing prompts.
2026-01-06 10:20:00.721 [info] Profiles: No changes found during synchronizing profiles.
2026-01-06 10:20:00.721 [info] Sync done. Took 299ms
2026-01-06 10:21:18.763 [info] [AutoSync] Triggered by Activity
2026-01-06 10:21:18.763 [info] Sync started.
2026-01-06 10:21:18.974 [info] Settings: No changes found during synchronizing settings.
2026-01-06 10:21:18.976 [info] Keybindings: No changes found during synchronizing keybindings.
2026-01-06 10:21:18.978 [info] Snippets: No changes found during synchronizing snippets.
2026-01-06 10:21:18.978 [info] Tasks: No changes found during synchronizing tasks.
2026-01-06 10:21:18.979 [info] Mcp: No changes found during synchronizing mcp.
2026-01-06 10:21:18.981 [info] GlobalState: No changes found during synchronizing ui state.
2026-01-06 10:21:19.005 [info] Extensions: No changes found during synchronizing extensions.
2026-01-06 10:21:19.006 [info] Prompts: No changes found during synchronizing prompts.
2026-01-06 10:21:19.006 [info] Profiles: No changes found during synchronizing profiles.
2026-01-06 10:21:19.006 [info] Sync done. Took 248ms
2026-01-06 10:21:37.227 [info] [AutoSync] Triggered by Activity
2026-01-06 10:21:37.228 [info] Sync started.
2026-01-06 10:21:37.461 [info] Settings: No changes found during synchronizing settings.
2026-01-06 10:21:37.469 [info] Keybindings: No changes found during synchronizing keybindings.
2026-01-06 10:21:37.475 [info] Snippets: No changes found during synchronizing snippets.
2026-01-06 10:21:37.478 [info] Tasks: No changes found during synchronizing tasks.
2026-01-06 10:21:37.479 [info] Mcp: No changes found during synchronizing mcp.
2026-01-06 10:21:37.483 [info] GlobalState: No changes found during synchronizing ui state.
2026-01-06 10:21:37.505 [info] Extensions: No changes found during synchronizing extensions.
2026-01-06 10:21:37.506 [info] Prompts: No changes found during synchronizing prompts.
2026-01-06 10:21:37.506 [info] Profiles: No changes found during synchronizing profiles.
2026-01-06 10:21:37.506 [info] Sync done. Took 282ms
2026-01-06 10:21:54.633 [info] [AutoSync] Triggered by Activity
2026-01-06 10:21:54.633 [info] Sync started.
2026-01-06 10:21:54.837 [info] Settings: No changes found during synchronizing settings.
2026-01-06 10:21:54.840 [info] Keybindings: No changes found during synchronizing keybindings.
2026-01-06 10:21:54.843 [info] Snippets: No changes found during synchronizing snippets.
2026-01-06 10:21:54.845 [info] Tasks: No changes found during synchronizing tasks.
2026-01-06 10:21:54.846 [info] Mcp: No changes found during synchronizing mcp.
2026-01-06 10:21:54.849 [info] GlobalState: No changes found during synchronizing ui state.
2026-01-06 10:21:54.870 [info] Extensions: No changes found during synchronizing extensions.
2026-01-06 10:21:54.873 [info] Prompts: No changes found during synchronizing prompts.
2026-01-06 10:21:54.874 [info] Profiles: No changes found during synchronizing profiles.
2026-01-06 10:21:54.874 [info] Sync done. Took 244ms
2026-01-06 10:22:13.766 [info] [AutoSync] Triggered by Activity
2026-01-06 10:22:13.767 [info] Sync started.
2026-01-06 10:22:13.969 [info] Settings: No changes found during synchronizing settings.
2026-01-06 10:22:13.970 [info] Keybindings: No changes found during synchronizing keybindings.
2026-01-06 10:22:13.971 [info] Snippets: No changes found during synchronizing snippets.
2026-01-06 10:22:13.972 [info] Tasks: No changes found during synchronizing tasks.
2026-01-06 10:22:13.973 [info] Mcp: No changes found during synchronizing mcp.
2026-01-06 10:22:13.975 [info] GlobalState: No changes found during synchronizing ui state.
2026-01-06 10:22:13.999 [info] Extensions: No changes found during synchronizing extensions.
2026-01-06 10:22:14.000 [info] Prompts: No changes found during synchronizing prompts.
2026-01-06 10:22:14.001 [info] Profiles: No changes found during synchronizing profiles.
2026-01-06 10:22:14.001 [info] Sync done. Took 238ms
2026-01-06 10:22:31.526 [info] [AutoSync] Triggered by Activity
2026-01-06 10:22:31.527 [info] Sync started.
2026-01-06 10:22:31.745 [info] Settings: No changes found during synchronizing settings.
2026-01-06 10:22:31.750 [info] Keybindings: No changes found during synchronizing keybindings.
2026-01-06 10:22:31.753 [info] Snippets: No changes found during synchronizing snippets.
2026-01-06 10:22:31.755 [info] Tasks: No changes found during synchronizing tasks.
2026-01-06 10:22:31.756 [info] Mcp: No changes found during synchronizing mcp.
2026-01-06 10:22:31.759 [info] GlobalState: No changes found during synchronizing ui state.
2026-01-06 10:22:31.787 [info] Extensions: No changes found during synchronizing extensions.
2026-01-06 10:22:31.788 [info] Prompts: No changes found during synchronizing prompts.
2026-01-06 10:22:31.789 [info] Profiles: No changes found during synchronizing profiles.
2026-01-06 10:22:31.789 [info] Sync done. Took 267ms
2026-01-06 10:22:58.995 [info] [AutoSync] Triggered by Activity
2026-01-06 10:22:58.995 [info] Sync started.
2026-01-06 10:22:59.198 [info] Settings: No changes found during synchronizing settings.
2026-01-06 10:22:59.199 [info] Keybindings: No changes found during synchronizing keybindings.
2026-01-06 10:22:59.201 [info] Snippets: No changes found during synchronizing snippets.
2026-01-06 10:22:59.202 [info] Tasks: No changes found during synchronizing tasks.
2026-01-06 10:22:59.203 [info] Mcp: No changes found during synchronizing mcp.
2026-01-06 10:22:59.204 [info] GlobalState: No changes found during synchronizing ui state.
2026-01-06 10:22:59.231 [info] Extensions: No changes found during synchronizing extensions.
2026-01-06 10:22:59.232 [info] Prompts: No changes found during synchronizing prompts.
2026-01-06 10:22:59.232 [info] Profiles: No changes found during synchronizing profiles.
2026-01-06 10:22:59.233 [info] Sync done. Took 240ms
2026-01-06 10:24:18.101 [info] [AutoSync] Triggered by Activity
2026-01-06 10:24:18.102 [info] Sync started.
2026-01-06 10:24:18.307 [info] Settings: No changes found during synchronizing settings.
2026-01-06 10:24:18.310 [info] Keybindings: No changes found during synchronizing keybindings.
2026-01-06 10:24:18.312 [info] Snippets: No changes found during synchronizing snippets.
2026-01-06 10:24:18.313 [info] Tasks: No changes found during synchronizing tasks.
2026-01-06 10:24:18.314 [info] Mcp: No changes found during synchronizing mcp.
2026-01-06 10:24:18.317 [info] GlobalState: No changes found during synchronizing ui state.
2026-01-06 10:24:18.338 [info] Extensions: No changes found during synchronizing extensions.
2026-01-06 10:24:18.338 [info] Prompts: No changes found during synchronizing prompts.
2026-01-06 10:24:18.339 [info] Profiles: No changes found during synchronizing profiles.
2026-01-06 10:24:18.339 [info] Sync done. Took 241ms
2026-01-06 10:24:31.367 [info] [AutoSync] Triggered by Activity
2026-01-06 10:24:31.367 [info] Sync started.
2026-01-06 10:24:31.568 [info] Settings: No changes found during synchronizing settings.
2026-01-06 10:24:31.569 [info] Keybindings: No changes found during synchronizing keybindings.
2026-01-06 10:24:31.570 [info] Snippets: No changes found during synchronizing snippets.
2026-01-06 10:24:31.571 [info] Tasks: No changes found during synchronizing tasks.
2026-01-06 10:24:31.572 [info] Mcp: No changes found during synchronizing mcp.
2026-01-06 10:24:31.573 [info] GlobalState: No changes found during synchronizing ui state.
2026-01-06 10:24:31.598 [info] Extensions: No changes found during synchronizing extensions.
2026-01-06 10:24:31.599 [info] Prompts: No changes found during synchronizing prompts.
2026-01-06 10:24:31.600 [info] Profiles: No changes found during synchronizing profiles.
2026-01-06 10:24:31.601 [info] Sync done. Took 237ms
2026-01-06 10:26:57.909 [info] [AutoSync] Triggered by Activity
2026-01-06 10:26:57.909 [info] Sync started.
2026-01-06 10:26:58.751 [info] Settings: No changes found during synchronizing settings.
2026-01-06 10:26:58.753 [info] Keybindings: No changes found during synchronizing keybindings.
2026-01-06 10:26:58.756 [info] Snippets: No changes found during synchronizing snippets.
2026-01-06 10:26:58.758 [info] Tasks: No changes found during synchronizing tasks.
2026-01-06 10:26:58.759 [info] Mcp: No changes found during synchronizing mcp.
2026-01-06 10:26:58.763 [info] GlobalState: No changes found during synchronizing ui state.
2026-01-06 10:26:58.795 [info] Extensions: No changes found during synchronizing extensions.
2026-01-06 10:26:58.799 [info] Prompts: No changes found during synchronizing prompts.
2026-01-06 10:26:58.799 [info] Profiles: No changes found during synchronizing profiles.
2026-01-06 10:26:58.800 [info] Sync done. Took 893ms
2026-01-06 10:27:08.506 [info] [AutoSync] Triggered by Activity
2026-01-06 10:27:08.506 [info] Sync started.
2026-01-06 10:27:08.704 [info] Settings: No changes found during synchronizing settings.
2026-01-06 10:27:08.706 [info] Keybindings: No changes found during synchronizing keybindings.
2026-01-06 10:27:08.707 [info] Snippets: No changes found during synchronizing snippets.
2026-01-06 10:27:08.708 [info] Tasks: No changes found during synchronizing tasks.
2026-01-06 10:27:08.709 [info] Mcp: No changes found during synchronizing mcp.
2026-01-06 10:27:08.710 [info] GlobalState: No changes found during synchronizing ui state.
2026-01-06 10:27:08.736 [info] Extensions: No changes found during synchronizing extensions.
2026-01-06 10:27:08.737 [info] Prompts: No changes found during synchronizing prompts.
2026-01-06 10:27:08.738 [info] Profiles: No changes found during synchronizing profiles.
2026-01-06 10:27:08.738 [info] Sync done. Took 235ms
2026-01-06 10:27:22.010 [info] [AutoSync] Triggered by Activity
2026-01-06 10:27:22.010 [info] Sync started.
2026-01-06 10:27:22.221 [info] Settings: No changes found during synchronizing settings.
2026-01-06 10:27:22.222 [info] Keybindings: No changes found during synchronizing keybindings.
2026-01-06 10:27:22.223 [info] Snippets: No changes found during synchronizing snippets.
2026-01-06 10:27:22.224 [info] Tasks: No changes found during synchronizing tasks.
2026-01-06 10:27:22.224 [info] Mcp: No changes found during synchronizing mcp.
2026-01-06 10:27:22.226 [info] GlobalState: No changes found during synchronizing ui state.
2026-01-06 10:27:22.248 [info] Extensions: No changes found during synchronizing extensions.
2026-01-06 10:27:22.248 [info] Prompts: No changes found during synchronizing prompts.
2026-01-06 10:27:22.249 [info] Profiles: No changes found during synchronizing profiles.
2026-01-06 10:27:22.249 [info] Sync done. Took 243ms
2026-01-06 10:27:32.826 [info] [AutoSync] Triggered by Activity
2026-01-06 10:27:32.826 [info] Sync started.
2026-01-06 10:27:33.026 [info] Settings: No changes found during synchronizing settings.
2026-01-06 10:27:33.032 [info] Keybindings: No changes found during synchronizing keybindings.
2026-01-06 10:27:33.036 [info] Snippets: No changes found during synchronizing snippets.
2026-01-06 10:27:33.040 [info] Tasks: No changes found during synchronizing tasks.
2026-01-06 10:27:33.042 [info] Mcp: No changes found during synchronizing mcp.
2026-01-06 10:27:33.045 [info] GlobalState: No changes found during synchronizing ui state.
2026-01-06 10:27:33.064 [info] Extensions: No changes found during synchronizing extensions.
2026-01-06 10:27:33.065 [info] Prompts: No changes found during synchronizing prompts.
2026-01-06 10:27:33.065 [info] Profiles: No changes found during synchronizing profiles.
2026-01-06 10:27:33.066 [info] Sync done. Took 241ms
2026-01-06 10:32:33.073 [info] [AutoSync] Triggered by Interval
2026-01-06 10:32:33.074 [info] Sync started.
2026-01-06 10:32:33.751 [info] Settings: No changes found during synchronizing settings.
2026-01-06 10:32:33.752 [info] Keybindings: No changes found during synchronizing keybindings.
2026-01-06 10:32:33.753 [info] Snippets: No changes found during synchronizing snippets.
2026-01-06 10:32:33.754 [info] Tasks: No changes found during synchronizing tasks.
2026-01-06 10:32:33.754 [info] Mcp: No changes found during synchronizing mcp.
2026-01-06 10:32:33.756 [info] GlobalState: No changes found during synchronizing ui state.
2026-01-06 10:32:33.778 [info] Extensions: No changes found during synchronizing extensions.
2026-01-06 10:32:33.779 [info] Prompts: No changes found during synchronizing prompts.
2026-01-06 10:32:33.779 [info] Profiles: No changes found during synchronizing profiles.
2026-01-06 10:32:33.779 [info] Sync done. Took 709ms
2026-01-06 10:34:30.396 [info] [AutoSync] Triggered by Activity
2026-01-06 10:34:30.396 [info] Sync started.
2026-01-06 10:34:30.590 [info] Settings: No changes found during synchronizing settings.
2026-01-06 10:34:30.592 [info] Keybindings: No changes found during synchronizing keybindings.
2026-01-06 10:34:30.593 [info] Snippets: No changes found during synchronizing snippets.
2026-01-06 10:34:30.594 [info] Tasks: No changes found during synchronizing tasks.
2026-01-06 10:34:30.595 [info] Mcp: No changes found during synchronizing mcp.
2026-01-06 10:34:30.596 [info] GlobalState: No changes found during synchronizing ui state.
2026-01-06 10:34:30.621 [info] Extensions: No changes found during synchronizing extensions.
2026-01-06 10:34:30.623 [info] Prompts: No changes found during synchronizing prompts.
2026-01-06 10:34:30.623 [info] Profiles: No changes found during synchronizing profiles.
2026-01-06 10:34:30.624 [info] Sync done. Took 232ms
2026-01-06 10:35:12.846 [info] [AutoSync] Triggered by Activity
2026-01-06 10:35:12.847 [info] Sync started.
2026-01-06 10:35:13.046 [info] Settings: No changes found during synchronizing settings.
2026-01-06 10:35:13.048 [info] Keybindings: No changes found during synchronizing keybindings.
2026-01-06 10:35:13.050 [info] Snippets: No changes found during synchronizing snippets.
2026-01-06 10:35:13.051 [info] Tasks: No changes found during synchronizing tasks.
2026-01-06 10:35:13.051 [info] Mcp: No changes found during synchronizing mcp.
2026-01-06 10:35:13.053 [info] GlobalState: No changes found during synchronizing ui state.
2026-01-06 10:35:13.079 [info] Extensions: No changes found during synchronizing extensions.
2026-01-06 10:35:13.079 [info] Prompts: No changes found during synchronizing prompts.
2026-01-06 10:35:13.080 [info] Profiles: No changes found during synchronizing profiles.
2026-01-06 10:35:13.080 [info] Sync done. Took 237ms
2026-01-06 10:35:23.809 [info] [AutoSync] Triggered by Activity
2026-01-06 10:35:23.810 [info] Sync started.
2026-01-06 10:35:23.997 [info] Settings: No changes found during synchronizing settings.
2026-01-06 10:35:23.999 [info] Keybindings: No changes found during synchronizing keybindings.
2026-01-06 10:35:24.000 [info] Snippets: No changes found during synchronizing snippets.
2026-01-06 10:35:24.001 [info] Tasks: No changes found during synchronizing tasks.
2026-01-06 10:35:24.001 [info] Mcp: No changes found during synchronizing mcp.
2026-01-06 10:35:24.003 [info] GlobalState: No changes found during synchronizing ui state.
2026-01-06 10:35:24.030 [info] Extensions: No changes found during synchronizing extensions.
2026-01-06 10:35:24.031 [info] Prompts: No changes found during synchronizing prompts.
2026-01-06 10:35:24.031 [info] Profiles: No changes found during synchronizing profiles.
2026-01-06 10:35:24.032 [info] Sync done. Took 226ms
2026-01-06 10:40:24.037 [info] [AutoSync] Triggered by Interval
2026-01-06 10:40:24.038 [info] Sync started.
2026-01-06 10:40:24.800 [info] Settings: No changes found during synchronizing settings.
2026-01-06 10:40:24.803 [info] Keybindings: No changes found during synchronizing keybindings.
2026-01-06 10:40:24.804 [info] Snippets: No changes found during synchronizing snippets.
2026-01-06 10:40:24.805 [info] Tasks: No changes found during synchronizing tasks.
2026-01-06 10:40:24.806 [info] Mcp: No changes found during synchronizing mcp.
2026-01-06 10:40:24.808 [info] GlobalState: No changes found during synchronizing ui state.
2026-01-06 10:40:24.832 [info] Extensions: No changes found during synchronizing extensions.
2026-01-06 10:40:24.833 [info] Prompts: No changes found during synchronizing prompts.
2026-01-06 10:40:24.833 [info] Profiles: No changes found during synchronizing profiles.
2026-01-06 10:40:24.834 [info] Sync done. Took 800ms
2026-01-06 10:42:39.230 [info] [AutoSync] Triggered by Activity
2026-01-06 10:42:39.230 [info] Sync started.
2026-01-06 10:42:39.949 [info] Settings: No changes found during synchronizing settings.
2026-01-06 10:42:39.952 [info] Keybindings: No changes found during synchronizing keybindings.
2026-01-06 10:42:39.955 [info] Snippets: No changes found during synchronizing snippets.
2026-01-06 10:42:39.957 [info] Tasks: No changes found during synchronizing tasks.
2026-01-06 10:42:39.958 [info] Mcp: No changes found during synchronizing mcp.
2026-01-06 10:42:39.960 [info] GlobalState: No changes found during synchronizing ui state.
2026-01-06 10:42:39.980 [info] Extensions: No changes found during synchronizing extensions.
2026-01-06 10:42:39.980 [info] Prompts: No changes found during synchronizing prompts.
2026-01-06 10:42:39.981 [info] Profiles: No changes found during synchronizing profiles.
2026-01-06 10:42:39.981 [info] Sync done. Took 753ms
2026-01-06 10:43:27.309 [info] [AutoSync] Triggered by Activity
2026-01-06 10:43:27.310 [info] Sync started.
2026-01-06 10:43:27.502 [info] Settings: No changes found during synchronizing settings.
2026-01-06 10:43:27.504 [info] Keybindings: No changes found during synchronizing keybindings.
2026-01-06 10:43:27.506 [info] Snippets: No changes found during synchronizing snippets.
2026-01-06 10:43:27.508 [info] Tasks: No changes found during synchronizing tasks.
2026-01-06 10:43:27.509 [info] Mcp: No changes found during synchronizing mcp.
2026-01-06 10:43:27.510 [info] GlobalState: No changes found during synchronizing ui state.
2026-01-06 10:43:27.541 [info] Extensions: No changes found during synchronizing extensions.
2026-01-06 10:43:27.542 [info] Prompts: No changes found during synchronizing prompts.
2026-01-06 10:43:27.543 [info] Profiles: No changes found during synchronizing profiles.
2026-01-06 10:43:27.543 [info] Sync done. Took 237ms
2026-01-06 10:44:02.443 [info] [AutoSync] Triggered by Activity
2026-01-06 10:44:02.444 [info] Sync started.
2026-01-06 10:44:02.638 [info] Settings: No changes found during synchronizing settings.
2026-01-06 10:44:02.640 [info] Keybindings: No changes found during synchronizing keybindings.
2026-01-06 10:44:02.643 [info] Snippets: No changes found during synchronizing snippets.
2026-01-06 10:44:02.644 [info] Tasks: No changes found during synchronizing tasks.
2026-01-06 10:44:02.645 [info] Mcp: No changes found during synchronizing mcp.
2026-01-06 10:44:02.655 [info] GlobalState: No changes found during synchronizing ui state.
2026-01-06 10:44:02.700 [info] Extensions: No changes found during synchronizing extensions.
2026-01-06 10:44:02.701 [info] Prompts: No changes found during synchronizing prompts.
2026-01-06 10:44:02.702 [info] Profiles: No changes found during synchronizing profiles.
2026-01-06 10:44:02.702 [info] Sync done. Took 264ms
2026-01-06 10:44:22.037 [info] [AutoSync] Triggered by Activity
2026-01-06 10:44:22.038 [info] Sync started.
2026-01-06 10:44:22.243 [info] Settings: No changes found during synchronizing settings.
2026-01-06 10:44:22.244 [info] Keybindings: No changes found during synchronizing keybindings.
2026-01-06 10:44:22.246 [info] Snippets: No changes found during synchronizing snippets.
2026-01-06 10:44:22.247 [info] Tasks: No changes found during synchronizing tasks.
2026-01-06 10:44:22.247 [info] Mcp: No changes found during synchronizing mcp.
2026-01-06 10:44:22.249 [info] GlobalState: No changes found during synchronizing ui state.
2026-01-06 10:44:22.271 [info] Extensions: No changes found during synchronizing extensions.
2026-01-06 10:44:22.272 [info] Prompts: No changes found during synchronizing prompts.
2026-01-06 10:44:22.272 [info] Profiles: No changes found during synchronizing profiles.
2026-01-06 10:44:22.273 [info] Sync done. Took 237ms
2026-01-06 10:44:36.400 [info] [AutoSync] Triggered by Activity
2026-01-06 10:44:36.401 [info] Sync started.
2026-01-06 10:44:36.586 [info] Settings: No changes found during synchronizing settings.
2026-01-06 10:44:36.588 [info] Keybindings: No changes found during synchronizing keybindings.
2026-01-06 10:44:36.590 [info] Snippets: No changes found during synchronizing snippets.
2026-01-06 10:44:36.591 [info] Tasks: No changes found during synchronizing tasks.
2026-01-06 10:44:36.592 [info] Mcp: No changes found during synchronizing mcp.
2026-01-06 10:44:36.594 [info] GlobalState: No changes found during synchronizing ui state.
2026-01-06 10:44:36.618 [info] Extensions: No changes found during synchronizing extensions.
2026-01-06 10:44:36.619 [info] Prompts: No changes found during synchronizing prompts.
2026-01-06 10:44:36.619 [info] Profiles: No changes found during synchronizing profiles.
2026-01-06 10:44:36.620 [info] Sync done. Took 222ms
2026-01-06 10:46:04.392 [info] [AutoSync] Triggered by Activity
2026-01-06 10:46:04.392 [info] Sync started.
2026-01-06 10:46:04.587 [info] Settings: No changes found during synchronizing settings.
2026-01-06 10:46:04.589 [info] Keybindings: No changes found during synchronizing keybindings.
2026-01-06 10:46:04.591 [info] Snippets: No changes found during synchronizing snippets.
2026-01-06 10:46:04.591 [info] Tasks: No changes found during synchronizing tasks.
2026-01-06 10:46:04.592 [info] Mcp: No changes found during synchronizing mcp.
2026-01-06 10:46:04.594 [info] GlobalState: No changes found during synchronizing ui state.
2026-01-06 10:46:04.616 [info] Extensions: No changes found during synchronizing extensions.
2026-01-06 10:46:04.618 [info] Prompts: No changes found during synchronizing prompts.
2026-01-06 10:46:04.619 [info] Profiles: No changes found during synchronizing profiles.
2026-01-06 10:46:04.619 [info] Sync done. Took 231ms
2026-01-06 10:46:23.063 [info] [AutoSync] Triggered by Activity
2026-01-06 10:46:23.064 [info] Sync started.
2026-01-06 10:46:23.247 [info] Settings: No changes found during synchronizing settings.
2026-01-06 10:46:23.248 [info] Keybindings: No changes found during synchronizing keybindings.
2026-01-06 10:46:23.249 [info] Snippets: No changes found during synchronizing snippets.
2026-01-06 10:46:23.250 [info] Tasks: No changes found during synchronizing tasks.
2026-01-06 10:46:23.251 [info] Mcp: No changes found during synchronizing mcp.
2026-01-06 10:46:23.253 [info] GlobalState: No changes found during synchronizing ui state.
2026-01-06 10:46:23.278 [info] Extensions: No changes found during synchronizing extensions.
2026-01-06 10:46:23.279 [info] Prompts: No changes found during synchronizing prompts.
2026-01-06 10:46:23.280 [info] Profiles: No changes found during synchronizing profiles.
2026-01-06 10:46:23.280 [info] Sync done. Took 220ms
2026-01-06 10:48:27.567 [info] [AutoSync] Triggered by Activity
2026-01-06 10:48:27.567 [info] Sync started.
2026-01-06 10:48:27.756 [info] Settings: No changes found during synchronizing settings.
2026-01-06 10:48:27.759 [info] Keybindings: No changes found during synchronizing keybindings.
2026-01-06 10:48:27.761 [info] Snippets: No changes found during synchronizing snippets.
2026-01-06 10:48:27.762 [info] Tasks: No changes found during synchronizing tasks.
2026-01-06 10:48:27.764 [info] Mcp: No changes found during synchronizing mcp.
2026-01-06 10:48:27.765 [info] GlobalState: No changes found during synchronizing ui state.
2026-01-06 10:48:27.786 [info] Extensions: No changes found during synchronizing extensions.
2026-01-06 10:48:27.789 [info] Prompts: No changes found during synchronizing prompts.
2026-01-06 10:48:27.790 [info] Profiles: No changes found during synchronizing profiles.
2026-01-06 10:48:27.790 [info] Sync done. Took 226ms
2026-01-06 10:49:40.531 [info] [AutoSync] Triggered by Activity
2026-01-06 10:49:40.532 [info] Sync started.
2026-01-06 10:49:40.730 [info] Settings: No changes found during synchronizing settings.
2026-01-06 10:49:40.732 [info] Keybindings: No changes found during synchronizing keybindings.
2026-01-06 10:49:40.734 [info] Snippets: No changes found during synchronizing snippets.
2026-01-06 10:49:40.735 [info] Tasks: No changes found during synchronizing tasks.
2026-01-06 10:49:40.736 [info] Mcp: No changes found during synchronizing mcp.
2026-01-06 10:49:40.738 [info] GlobalState: No changes found during synchronizing ui state.
2026-01-06 10:49:40.765 [info] Extensions: No changes found during synchronizing extensions.
2026-01-06 10:49:40.766 [info] Prompts: No changes found during synchronizing prompts.
2026-01-06 10:49:40.766 [info] Profiles: No changes found during synchronizing profiles.
2026-01-06 10:49:40.766 [info] Sync done. Took 238ms
2026-01-06 10:50:25.133 [info] [AutoSync] Triggered by Activity
2026-01-06 10:50:25.134 [info] Sync started.
2026-01-06 10:50:25.367 [info] Settings: No changes found during synchronizing settings.
2026-01-06 10:50:25.368 [info] Keybindings: No changes found during synchronizing keybindings.
2026-01-06 10:50:25.370 [info] Snippets: No changes found during synchronizing snippets.
2026-01-06 10:50:25.371 [info] Tasks: No changes found during synchronizing tasks.
2026-01-06 10:50:25.373 [info] Mcp: No changes found during synchronizing mcp.
2026-01-06 10:50:25.374 [info] GlobalState: No changes found during synchronizing ui state.
2026-01-06 10:50:25.396 [info] Extensions: No changes found during synchronizing extensions.
2026-01-06 10:50:25.397 [info] Prompts: No changes found during synchronizing prompts.
2026-01-06 10:50:25.397 [info] Profiles: No changes found during synchronizing profiles.
2026-01-06 10:50:25.397 [info] Sync done. Took 267ms
2026-01-06 10:51:36.722 [info] [AutoSync] Triggered by Activity
2026-01-06 10:51:36.723 [info] Sync started.
2026-01-06 10:51:36.932 [info] Settings: No changes found during synchronizing settings.
2026-01-06 10:51:36.933 [info] Keybindings: No changes found during synchronizing keybindings.
2026-01-06 10:51:36.935 [info] Snippets: No changes found during synchronizing snippets.
2026-01-06 10:51:36.936 [info] Tasks: No changes found during synchronizing tasks.
2026-01-06 10:51:36.937 [info] Mcp: No changes found during synchronizing mcp.
2026-01-06 10:51:36.938 [info] GlobalState: No changes found during synchronizing ui state.
2026-01-06 10:51:36.972 [info] Extensions: No changes found during synchronizing extensions.
2026-01-06 10:51:36.973 [info] Prompts: No changes found during synchronizing prompts.
2026-01-06 10:51:36.974 [info] Profiles: No changes found during synchronizing profiles.
2026-01-06 10:51:36.974 [info] Sync done. Took 255ms
2026-01-06 10:54:10.884 [info] [AutoSync] Triggered by Activity
2026-01-06 10:54:10.885 [info] Sync started.
2026-01-06 10:54:11.687 [info] Settings: No changes found during synchronizing settings.
2026-01-06 10:54:11.689 [info] Keybindings: No changes found during synchronizing keybindings.
2026-01-06 10:54:11.690 [info] Snippets: No changes found during synchronizing snippets.
2026-01-06 10:54:11.691 [info] Tasks: No changes found during synchronizing tasks.
2026-01-06 10:54:11.691 [info] Mcp: No changes found during synchronizing mcp.
2026-01-06 10:54:11.693 [info] GlobalState: No changes found during synchronizing ui state.
2026-01-06 10:54:11.717 [info] Extensions: No changes found during synchronizing extensions.
2026-01-06 10:54:11.718 [info] Prompts: No changes found during synchronizing prompts.
2026-01-06 10:54:11.719 [info] Profiles: No changes found during synchronizing profiles.
2026-01-06 10:54:11.720 [info] Sync done. Took 838ms
2026-01-06 10:54:49.305 [info] [AutoSync] Triggered by Activity
2026-01-06 10:54:49.306 [info] Sync started.
2026-01-06 10:54:49.536 [info] Settings: No changes found during synchronizing settings.
2026-01-06 10:54:49.537 [info] Keybindings: No changes found during synchronizing keybindings.
2026-01-06 10:54:49.538 [info] Snippets: No changes found during synchronizing snippets.
2026-01-06 10:54:49.539 [info] Tasks: No changes found during synchronizing tasks.
2026-01-06 10:54:49.540 [info] Mcp: No changes found during synchronizing mcp.
2026-01-06 10:54:49.541 [info] GlobalState: No changes found during synchronizing ui state.
2026-01-06 10:54:49.568 [info] Extensions: No changes found during synchronizing extensions.
2026-01-06 10:54:49.569 [info] Prompts: No changes found during synchronizing prompts.
2026-01-06 10:54:49.569 [info] Profiles: No changes found during synchronizing profiles.
2026-01-06 10:54:49.569 [info] Sync done. Took 267ms
2026-01-06 10:55:04.326 [info] [AutoSync] Triggered by Activity
2026-01-06 10:55:04.326 [info] Sync started.
2026-01-06 10:55:04.590 [info] Settings: No changes found during synchronizing settings.
2026-01-06 10:55:04.591 [info] Keybindings: No changes found during synchronizing keybindings.
2026-01-06 10:55:04.598 [info] Snippets: No changes found during synchronizing snippets.
2026-01-06 10:55:04.602 [info] Tasks: No changes found during synchronizing tasks.
2026-01-06 10:55:04.605 [info] Mcp: No changes found during synchronizing mcp.
2026-01-06 10:55:04.610 [info] GlobalState: No changes found during synchronizing ui state.
2026-01-06 10:55:04.644 [info] Extensions: No changes found during synchronizing extensions.
2026-01-06 10:55:04.646 [info] Prompts: No changes found during synchronizing prompts.
2026-01-06 10:55:04.646 [info] Profiles: No changes found during synchronizing profiles.
2026-01-06 10:55:04.646 [info] Sync done. Took 323ms
2026-01-06 10:55:20.237 [info] [AutoSync] Triggered by Activity
2026-01-06 10:55:20.238 [info] Sync started.
2026-01-06 10:55:20.410 [info] Settings: No changes found during synchronizing settings.
2026-01-06 10:55:20.413 [info] Keybindings: No changes found during synchronizing keybindings.
2026-01-06 10:55:20.417 [info] Snippets: No changes found during synchronizing snippets.
2026-01-06 10:55:20.420 [info] Tasks: No changes found during synchronizing tasks.
2026-01-06 10:55:20.422 [info] Mcp: No changes found during synchronizing mcp.
2026-01-06 10:55:20.425 [info] GlobalState: No changes found during synchronizing ui state.
2026-01-06 10:55:20.451 [info] Extensions: No changes found during synchronizing extensions.
2026-01-06 10:55:20.452 [info] Prompts: No changes found during synchronizing prompts.
2026-01-06 10:55:20.452 [info] Profiles: No changes found during synchronizing profiles.
2026-01-06 10:55:20.453 [info] Sync done. Took 218ms
2026-01-06 10:55:37.434 [info] [AutoSync] Triggered by Activity
2026-01-06 10:55:37.434 [info] Sync started.
2026-01-06 10:55:37.636 [info] Settings: No changes found during synchronizing settings.
2026-01-06 10:55:37.638 [info] Keybindings: No changes found during synchronizing keybindings.
2026-01-06 10:55:37.641 [info] Snippets: No changes found during synchronizing snippets.
2026-01-06 10:55:37.642 [info] Tasks: No changes found during synchronizing tasks.
2026-01-06 10:55:37.643 [info] Mcp: No changes found during synchronizing mcp.
2026-01-06 10:55:37.646 [info] GlobalState: No changes found during synchronizing ui state.
2026-01-06 10:55:37.668 [info] Extensions: No changes found during synchronizing extensions.
2026-01-06 10:55:37.669 [info] Prompts: No changes found during synchronizing prompts.
2026-01-06 10:55:37.669 [info] Profiles: No changes found during synchronizing profiles.
2026-01-06 10:55:37.670 [info] Sync done. Took 236ms
2026-01-06 10:55:50.212 [info] [AutoSync] Triggered by Activity
2026-01-06 10:55:50.213 [info] Sync started.
2026-01-06 10:55:50.410 [info] Settings: No changes found during synchronizing settings.
2026-01-06 10:55:50.412 [info] Keybindings: No changes found during synchronizing keybindings.
2026-01-06 10:55:50.414 [info] Snippets: No changes found during synchronizing snippets.
2026-01-06 10:55:50.415 [info] Tasks: No changes found during synchronizing tasks.
2026-01-06 10:55:50.416 [info] Mcp: No changes found during synchronizing mcp.
2026-01-06 10:55:50.418 [info] GlobalState: No changes found during synchronizing ui state.
2026-01-06 10:55:50.438 [info] Extensions: No changes found during synchronizing extensions.
2026-01-06 10:55:50.439 [info] Prompts: No changes found during synchronizing prompts.
2026-01-06 10:55:50.440 [info] Profiles: No changes found during synchronizing profiles.
2026-01-06 10:55:50.440 [info] Sync done. Took 232ms
2026-01-06 10:56:13.385 [info] [AutoSync] Triggered by Activity
2026-01-06 10:56:13.385 [info] Sync started.
2026-01-06 10:56:13.591 [info] Settings: No changes found during synchronizing settings.
2026-01-06 10:56:13.593 [info] Keybindings: No changes found during synchronizing keybindings.
2026-01-06 10:56:13.594 [info] Snippets: No changes found during synchronizing snippets.
2026-01-06 10:56:13.595 [info] Tasks: No changes found during synchronizing tasks.
2026-01-06 10:56:13.596 [info] Mcp: No changes found during synchronizing mcp.
2026-01-06 10:56:13.598 [info] GlobalState: No changes found during synchronizing ui state.
2026-01-06 10:56:13.620 [info] Extensions: No changes found during synchronizing extensions.
2026-01-06 10:56:13.622 [info] Prompts: No changes found during synchronizing prompts.
2026-01-06 10:56:13.622 [info] Profiles: No changes found during synchronizing profiles.
2026-01-06 10:56:13.623 [info] Sync done. Took 241ms
2026-01-06 10:56:29.415 [info] [AutoSync] Triggered by Activity
2026-01-06 10:56:29.416 [info] Sync started.
2026-01-06 10:56:29.640 [info] Settings: No changes found during synchronizing settings.
2026-01-06 10:56:29.642 [info] Keybindings: No changes found during synchronizing keybindings.
2026-01-06 10:56:29.643 [info] Snippets: No changes found during synchronizing snippets.
2026-01-06 10:56:29.645 [info] Tasks: No changes found during synchronizing tasks.
2026-01-06 10:56:29.647 [info] Mcp: No changes found during synchronizing mcp.
2026-01-06 10:56:29.649 [info] GlobalState: No changes found during synchronizing ui state.
2026-01-06 10:56:29.677 [info] Extensions: No changes found during synchronizing extensions.
2026-01-06 10:56:29.678 [info] Prompts: No changes found during synchronizing prompts.
2026-01-06 10:56:29.679 [info] Profiles: No changes found during synchronizing profiles.
2026-01-06 10:56:29.679 [info] Sync done. Took 267ms
2026-01-06 10:56:45.094 [info] [AutoSync] Triggered by Activity
2026-01-06 10:56:45.095 [info] Sync started.
2026-01-06 10:56:45.606 [info] Settings: No changes found during synchronizing settings.
2026-01-06 10:56:45.607 [info] Keybindings: No changes found during synchronizing keybindings.
2026-01-06 10:56:45.609 [info] Snippets: No changes found during synchronizing snippets.
2026-01-06 10:56:45.610 [info] Tasks: No changes found during synchronizing tasks.
2026-01-06 10:56:45.611 [info] Mcp: No changes found during synchronizing mcp.
2026-01-06 10:56:45.613 [info] GlobalState: No changes found during synchronizing ui state.
2026-01-06 10:56:45.642 [info] Extensions: No changes found during synchronizing extensions.
2026-01-06 10:56:45.644 [info] Prompts: No changes found during synchronizing prompts.
2026-01-06 10:56:45.645 [info] Profiles: No changes found during synchronizing profiles.
2026-01-06 10:56:45.645 [info] Sync done. Took 554ms
2026-01-06 10:57:08.244 [info] [AutoSync] Triggered by Activity
2026-01-06 10:57:08.244 [info] Sync started.
2026-01-06 10:57:08.448 [info] Settings: No changes found during synchronizing settings.
2026-01-06 10:57:08.450 [info] Keybindings: No changes found during synchronizing keybindings.
2026-01-06 10:57:08.452 [info] Snippets: No changes found during synchronizing snippets.
2026-01-06 10:57:08.453 [info] Tasks: No changes found during synchronizing tasks.
2026-01-06 10:57:08.454 [info] Mcp: No changes found during synchronizing mcp.
2026-01-06 10:57:08.456 [info] GlobalState: No changes found during synchronizing ui state.
2026-01-06 10:57:08.489 [info] Extensions: No changes found during synchronizing extensions.
2026-01-06 10:57:08.490 [info] Prompts: No changes found during synchronizing prompts.
2026-01-06 10:57:08.490 [info] Profiles: No changes found during synchronizing profiles.
2026-01-06 10:57:08.491 [info] Sync done. Took 250ms
2026-01-06 10:57:22.088 [info] [AutoSync] Triggered by Activity
2026-01-06 10:57:22.089 [info] Sync started.
2026-01-06 10:57:22.314 [info] Settings: No changes found during synchronizing settings.
2026-01-06 10:57:22.316 [info] Keybindings: No changes found during synchronizing keybindings.
2026-01-06 10:57:22.317 [info] Snippets: No changes found during synchronizing snippets.
2026-01-06 10:57:22.318 [info] Tasks: No changes found during synchronizing tasks.
2026-01-06 10:57:22.319 [info] Mcp: No changes found during synchronizing mcp.
2026-01-06 10:57:22.320 [info] GlobalState: No changes found during synchronizing ui state.
2026-01-06 10:57:22.344 [info] Extensions: No changes found during synchronizing extensions.
2026-01-06 10:57:22.345 [info] Prompts: No changes found during synchronizing prompts.
2026-01-06 10:57:22.346 [info] Profiles: No changes found during synchronizing profiles.
2026-01-06 10:57:22.347 [info] Sync done. Took 261ms
2026-01-06 10:57:34.806 [info] [AutoSync] Triggered by Activity
2026-01-06 10:57:34.807 [info] Sync started.
2026-01-06 10:57:35.006 [info] Settings: No changes found during synchronizing settings.
2026-01-06 10:57:35.008 [info] Keybindings: No changes found during synchronizing keybindings.
2026-01-06 10:57:35.009 [info] Snippets: No changes found during synchronizing snippets.
2026-01-06 10:57:35.011 [info] Tasks: No changes found during synchronizing tasks.
2026-01-06 10:57:35.013 [info] Mcp: No changes found during synchronizing mcp.
2026-01-06 10:57:35.018 [info] GlobalState: No changes found during synchronizing ui state.
2026-01-06 10:57:35.055 [info] Extensions: No changes found during synchronizing extensions.
2026-01-06 10:57:35.056 [info] Prompts: No changes found during synchronizing prompts.
2026-01-06 10:57:35.056 [info] Profiles: No changes found during synchronizing profiles.
2026-01-06 10:57:35.057 [info] Sync done. Took 253ms
2026-01-06 10:59:39.032 [info] [AutoSync] Triggered by Activity
2026-01-06 10:59:39.032 [info] Sync started.
2026-01-06 10:59:39.226 [info] Settings: No changes found during synchronizing settings.
2026-01-06 10:59:39.227 [info] Keybindings: No changes found during synchronizing keybindings.
2026-01-06 10:59:39.229 [info] Snippets: No changes found during synchronizing snippets.
2026-01-06 10:59:39.229 [info] Tasks: No changes found during synchronizing tasks.
2026-01-06 10:59:39.230 [info] Mcp: No changes found during synchronizing mcp.
2026-01-06 10:59:39.231 [info] GlobalState: No changes found during synchronizing ui state.
2026-01-06 10:59:39.253 [info] Extensions: No changes found during synchronizing extensions.
2026-01-06 10:59:39.254 [info] Prompts: No changes found during synchronizing prompts.
2026-01-06 10:59:39.254 [info] Profiles: No changes found during synchronizing profiles.
2026-01-06 10:59:39.254 [info] Sync done. Took 226ms
2026-01-06 11:00:41.576 [info] [AutoSync] Triggered by Activity
2026-01-06 11:00:41.576 [info] Sync started.
2026-01-06 11:00:41.763 [info] Settings: No changes found during synchronizing settings.
2026-01-06 11:00:41.765 [info] Keybindings: No changes found during synchronizing keybindings.
2026-01-06 11:00:41.766 [info] Snippets: No changes found during synchronizing snippets.
2026-01-06 11:00:41.767 [info] Tasks: No changes found during synchronizing tasks.
2026-01-06 11:00:41.768 [info] Mcp: No changes found during synchronizing mcp.
2026-01-06 11:00:41.769 [info] GlobalState: No changes found during synchronizing ui state.
2026-01-06 11:00:41.796 [info] Extensions: No changes found during synchronizing extensions.
2026-01-06 11:00:41.797 [info] Prompts: No changes found during synchronizing prompts.
2026-01-06 11:00:41.797 [info] Profiles: No changes found during synchronizing profiles.
2026-01-06 11:00:41.798 [info] Sync done. Took 225ms
2026-01-06 11:01:22.385 [info] [AutoSync] Triggered by Activity
2026-01-06 11:01:22.386 [info] Sync started.
2026-01-06 11:01:22.606 [info] Settings: No changes found during synchronizing settings.
2026-01-06 11:01:22.609 [info] Keybindings: No changes found during synchronizing keybindings.
2026-01-06 11:01:22.610 [info] Snippets: No changes found during synchronizing snippets.
2026-01-06 11:01:22.611 [info] Tasks: No changes found during synchronizing tasks.
2026-01-06 11:01:22.612 [info] Mcp: No changes found during synchronizing mcp.
2026-01-06 11:01:22.613 [info] GlobalState: No changes found during synchronizing ui state.
2026-01-06 11:01:22.635 [info] Extensions: No changes found during synchronizing extensions.
2026-01-06 11:01:22.637 [info] Prompts: No changes found during synchronizing prompts.
2026-01-06 11:01:22.638 [info] Profiles: No changes found during synchronizing profiles.
2026-01-06 11:01:22.638 [info] Sync done. Took 256ms
2026-01-06 11:01:48.768 [info] [AutoSync] Triggered by Activity
2026-01-06 11:01:48.768 [info] Sync started.
2026-01-06 11:01:48.989 [info] Settings: No changes found during synchronizing settings.
2026-01-06 11:01:48.990 [info] Keybindings: No changes found during synchronizing keybindings.
2026-01-06 11:01:48.991 [info] Snippets: No changes found during synchronizing snippets.
2026-01-06 11:01:48.992 [info] Tasks: No changes found during synchronizing tasks.
2026-01-06 11:01:48.993 [info] Mcp: No changes found during synchronizing mcp.
2026-01-06 11:01:48.995 [info] GlobalState: No changes found during synchronizing ui state.
2026-01-06 11:01:49.024 [info] Extensions: No changes found during synchronizing extensions.
2026-01-06 11:01:49.025 [info] Prompts: No changes found during synchronizing prompts.
2026-01-06 11:01:49.025 [info] Profiles: No changes found during synchronizing profiles.
2026-01-06 11:01:49.025 [info] Sync done. Took 261ms
2026-01-06 11:02:06.440 [info] [AutoSync] Triggered by Activity
2026-01-06 11:02:06.441 [info] Sync started.
2026-01-06 11:02:06.636 [info] Settings: No changes found during synchronizing settings.
2026-01-06 11:02:06.639 [info] Keybindings: No changes found during synchronizing keybindings.
2026-01-06 11:02:06.641 [info] Snippets: No changes found during synchronizing snippets.
2026-01-06 11:02:06.643 [info] Tasks: No changes found during synchronizing tasks.
2026-01-06 11:02:06.644 [info] Mcp: No changes found during synchronizing mcp.
2026-01-06 11:02:06.645 [info] GlobalState: No changes found during synchronizing ui state.
2026-01-06 11:02:06.673 [info] Extensions: No changes found during synchronizing extensions.
2026-01-06 11:02:06.677 [info] Prompts: No changes found during synchronizing prompts.
2026-01-06 11:02:06.677 [info] Profiles: No changes found during synchronizing profiles.
2026-01-06 11:02:06.677 [info] Sync done. Took 240ms
2026-01-06 11:02:38.326 [info] [AutoSync] Triggered by Activity
2026-01-06 11:02:38.326 [info] Sync started.
2026-01-06 11:02:38.549 [info] Settings: No changes found during synchronizing settings.
2026-01-06 11:02:38.553 [info] Keybindings: No changes found during synchronizing keybindings.
2026-01-06 11:02:38.557 [info] Snippets: No changes found during synchronizing snippets.
2026-01-06 11:02:38.558 [info] Tasks: No changes found during synchronizing tasks.
2026-01-06 11:02:38.559 [info] Mcp: No changes found during synchronizing mcp.
2026-01-06 11:02:38.561 [info] GlobalState: No changes found during synchronizing ui state.
2026-01-06 11:02:38.591 [info] Extensions: No changes found during synchronizing extensions.
2026-01-06 11:02:38.592 [info] Prompts: No changes found during synchronizing prompts.
2026-01-06 11:02:38.593 [info] Profiles: No changes found during synchronizing profiles.
2026-01-06 11:02:38.593 [info] Sync done. Took 270ms
2026-01-06 11:03:31.055 [info] [AutoSync] Triggered by Activity
2026-01-06 11:03:31.056 [info] Sync started.
2026-01-06 11:03:31.311 [info] Settings: No changes found during synchronizing settings.
2026-01-06 11:03:31.313 [info] Keybindings: No changes found during synchronizing keybindings.
2026-01-06 11:03:31.314 [info] Snippets: No changes found during synchronizing snippets.
2026-01-06 11:03:31.315 [info] Tasks: No changes found during synchronizing tasks.
2026-01-06 11:03:31.315 [info] Mcp: No changes found during synchronizing mcp.
2026-01-06 11:03:31.317 [info] GlobalState: No changes found during synchronizing ui state.
2026-01-06 11:03:31.340 [info] Extensions: No changes found during synchronizing extensions.
2026-01-06 11:03:31.341 [info] Prompts: No changes found during synchronizing prompts.
2026-01-06 11:03:31.341 [info] Profiles: No changes found during synchronizing profiles.
2026-01-06 11:03:31.342 [info] Sync done. Took 290ms
2026-01-06 11:03:57.671 [info] [AutoSync] Triggered by Activity
2026-01-06 11:03:57.671 [info] Sync started.
2026-01-06 11:03:57.882 [info] Settings: No changes found during synchronizing settings.
2026-01-06 11:03:57.886 [info] Keybindings: No changes found during synchronizing keybindings.
2026-01-06 11:03:57.889 [info] Snippets: No changes found during synchronizing snippets.
2026-01-06 11:03:57.890 [info] Tasks: No changes found during synchronizing tasks.
2026-01-06 11:03:57.892 [info] Mcp: No changes found during synchronizing mcp.
2026-01-06 11:03:57.894 [info] GlobalState: No changes found during synchronizing ui state.
2026-01-06 11:03:57.914 [info] Extensions: No changes found during synchronizing extensions.
2026-01-06 11:03:57.915 [info] Prompts: No changes found during synchronizing prompts.
2026-01-06 11:03:57.915 [info] Profiles: No changes found during synchronizing profiles.
2026-01-06 11:03:57.916 [info] Sync done. Took 245ms
2026-01-06 11:04:13.386 [info] [AutoSync] Triggered by Activity
2026-01-06 11:04:13.387 [info] Sync started.
2026-01-06 11:04:13.615 [info] Settings: No changes found during synchronizing settings.
2026-01-06 11:04:13.617 [info] Keybindings: No changes found during synchronizing keybindings.
2026-01-06 11:04:13.620 [info] Snippets: No changes found during synchronizing snippets.
2026-01-06 11:04:13.624 [info] Tasks: No changes found during synchronizing tasks.
2026-01-06 11:04:13.627 [info] Mcp: No changes found during synchronizing mcp.
2026-01-06 11:04:13.630 [info] GlobalState: No changes found during synchronizing ui state.
2026-01-06 11:04:13.657 [info] Extensions: No changes found during synchronizing extensions.
2026-01-06 11:04:13.658 [info] Prompts: No changes found during synchronizing prompts.
2026-01-06 11:04:13.658 [info] Profiles: No changes found during synchronizing profiles.
2026-01-06 11:04:13.659 [info] Sync done. Took 275ms
2026-01-06 11:05:21.991 [info] [AutoSync] Triggered by Activity
2026-01-06 11:05:21.992 [info] Sync started.
2026-01-06 11:05:22.210 [info] Settings: No changes found during synchronizing settings.
2026-01-06 11:05:22.213 [info] Keybindings: No changes found during synchronizing keybindings.
2026-01-06 11:05:22.216 [info] Snippets: No changes found during synchronizing snippets.
2026-01-06 11:05:22.217 [info] Tasks: No changes found during synchronizing tasks.
2026-01-06 11:05:22.220 [info] Mcp: No changes found during synchronizing mcp.
2026-01-06 11:05:22.221 [info] GlobalState: No changes found during synchronizing ui state.
2026-01-06 11:05:22.242 [info] Extensions: No changes found during synchronizing extensions.
2026-01-06 11:05:22.243 [info] Prompts: No changes found during synchronizing prompts.
2026-01-06 11:05:22.244 [info] Profiles: No changes found during synchronizing profiles.
2026-01-06 11:05:22.244 [info] Sync done. Took 256ms
2026-01-06 11:05:42.915 [info] [AutoSync] Triggered by Activity
2026-01-06 11:05:42.916 [info] Sync started.
2026-01-06 11:05:43.132 [info] Settings: No changes found during synchronizing settings.
2026-01-06 11:05:43.133 [info] Keybindings: No changes found during synchronizing keybindings.
2026-01-06 11:05:43.134 [info] Snippets: No changes found during synchronizing snippets.
2026-01-06 11:05:43.135 [info] Tasks: No changes found during synchronizing tasks.
2026-01-06 11:05:43.135 [info] Mcp: No changes found during synchronizing mcp.
2026-01-06 11:05:43.137 [info] GlobalState: No changes found during synchronizing ui state.
2026-01-06 11:05:43.162 [info] Extensions: No changes found during synchronizing extensions.
2026-01-06 11:05:43.163 [info] Prompts: No changes found during synchronizing prompts.
2026-01-06 11:05:43.163 [info] Profiles: No changes found during synchronizing profiles.
2026-01-06 11:05:43.163 [info] Sync done. Took 255ms
2026-01-06 11:05:58.726 [info] [AutoSync] Triggered by Activity
2026-01-06 11:05:58.727 [info] Sync started.
2026-01-06 11:05:58.930 [info] Settings: No changes found during synchronizing settings.
2026-01-06 11:05:58.932 [info] Keybindings: No changes found during synchronizing keybindings.
2026-01-06 11:05:58.933 [info] Snippets: No changes found during synchronizing snippets.
2026-01-06 11:05:58.933 [info] Tasks: No changes found during synchronizing tasks.
2026-01-06 11:05:58.934 [info] Mcp: No changes found during synchronizing mcp.
2026-01-06 11:05:58.936 [info] GlobalState: No changes found during synchronizing ui state.
2026-01-06 11:05:58.961 [info] Extensions: No changes found during synchronizing extensions.
2026-01-06 11:05:58.961 [info] Prompts: No changes found during synchronizing prompts.
2026-01-06 11:05:58.962 [info] Profiles: No changes found during synchronizing profiles.
2026-01-06 11:05:58.962 [info] Sync done. Took 239ms
2026-01-06 11:07:12.267 [info] [AutoSync] Triggered by Activity
2026-01-06 11:07:12.268 [info] Sync started.
2026-01-06 11:07:12.457 [info] Settings: No changes found during synchronizing settings.
2026-01-06 11:07:12.462 [info] Keybindings: No changes found during synchronizing keybindings.
2026-01-06 11:07:12.466 [info] Snippets: No changes found during synchronizing snippets.
2026-01-06 11:07:12.468 [info] Tasks: No changes found during synchronizing tasks.
2026-01-06 11:07:12.469 [info] Mcp: No changes found during synchronizing mcp.
2026-01-06 11:07:12.471 [info] GlobalState: No changes found during synchronizing ui state.
2026-01-06 11:07:12.493 [info] Extensions: No changes found during synchronizing extensions.
2026-01-06 11:07:12.494 [info] Prompts: No changes found during synchronizing prompts.
2026-01-06 11:07:12.494 [info] Profiles: No changes found during synchronizing profiles.
2026-01-06 11:07:12.495 [info] Sync done. Took 232ms
2026-01-06 11:07:39.611 [info] [AutoSync] Triggered by Activity
2026-01-06 11:07:39.612 [info] Sync started.
2026-01-06 11:07:39.782 [info] Settings: No changes found during synchronizing settings.
2026-01-06 11:07:39.784 [info] Keybindings: No changes found during synchronizing keybindings.
2026-01-06 11:07:39.786 [info] Snippets: No changes found during synchronizing snippets.
2026-01-06 11:07:39.787 [info] Tasks: No changes found during synchronizing tasks.
2026-01-06 11:07:39.788 [info] Mcp: No changes found during synchronizing mcp.
2026-01-06 11:07:39.789 [info] GlobalState: No changes found during synchronizing ui state.
2026-01-06 11:07:39.816 [info] Extensions: No changes found during synchronizing extensions.
2026-01-06 11:07:39.817 [info] Prompts: No changes found during synchronizing prompts.
2026-01-06 11:07:39.818 [info] Profiles: No changes found during synchronizing profiles.
2026-01-06 11:07:39.818 [info] Sync done. Took 211ms
2026-01-06 11:08:06.717 [info] [AutoSync] Triggered by Activity
2026-01-06 11:08:06.717 [info] Sync started.
2026-01-06 11:08:06.929 [info] Settings: No changes found during synchronizing settings.
2026-01-06 11:08:06.933 [info] Keybindings: No changes found during synchronizing keybindings.
2026-01-06 11:08:06.937 [info] Snippets: No changes found during synchronizing snippets.
2026-01-06 11:08:06.939 [info] Tasks: No changes found during synchronizing tasks.
2026-01-06 11:08:06.940 [info] Mcp: No changes found during synchronizing mcp.
2026-01-06 11:08:06.943 [info] GlobalState: No changes found during synchronizing ui state.
2026-01-06 11:08:06.968 [info] Extensions: No changes found during synchronizing extensions.
2026-01-06 11:08:06.969 [info] Prompts: No changes found during synchronizing prompts.
2026-01-06 11:08:06.969 [info] Profiles: No changes found during synchronizing profiles.
2026-01-06 11:08:06.970 [info] Sync done. Took 253ms
2026-01-06 11:08:31.340 [info] [AutoSync] Triggered by Activity
2026-01-06 11:08:31.341 [info] Sync started.
2026-01-06 11:08:31.582 [info] Settings: No changes found during synchronizing settings.
2026-01-06 11:08:31.584 [info] Keybindings: No changes found during synchronizing keybindings.
2026-01-06 11:08:31.590 [info] Snippets: No changes found during synchronizing snippets.
2026-01-06 11:08:31.591 [info] Tasks: No changes found during synchronizing tasks.
2026-01-06 11:08:31.592 [info] Mcp: No changes found during synchronizing mcp.
2026-01-06 11:08:31.593 [info] GlobalState: No changes found during synchronizing ui state.
2026-01-06 11:08:31.626 [info] Extensions: No changes found during synchronizing extensions.
2026-01-06 11:08:31.628 [info] Prompts: No changes found during synchronizing prompts.
2026-01-06 11:08:31.628 [info] Profiles: No changes found during synchronizing profiles.
2026-01-06 11:08:31.629 [info] Sync done. Took 290ms
2026-01-06 11:09:27.008 [info] [AutoSync] Triggered by Activity
2026-01-06 11:09:27.009 [info] Sync started.
2026-01-06 11:09:27.232 [info] Settings: No changes found during synchronizing settings.
2026-01-06 11:09:27.233 [info] Keybindings: No changes found during synchronizing keybindings.
2026-01-06 11:09:27.235 [info] Snippets: No changes found during synchronizing snippets.
2026-01-06 11:09:27.236 [info] Tasks: No changes found during synchronizing tasks.
2026-01-06 11:09:27.237 [info] Mcp: No changes found during synchronizing mcp.
2026-01-06 11:09:27.238 [info] GlobalState: No changes found during synchronizing ui state.
2026-01-06 11:09:27.265 [info] Extensions: No changes found during synchronizing extensions.
2026-01-06 11:09:27.266 [info] Prompts: No changes found during synchronizing prompts.
2026-01-06 11:09:27.267 [info] Profiles: No changes found during synchronizing profiles.
2026-01-06 11:09:27.267 [info] Sync done. Took 262ms
2026-01-06 11:11:09.994 [info] [AutoSync] Triggered by Activity
2026-01-06 11:11:09.994 [info] Sync started.
2026-01-06 11:11:10.259 [info] Settings: No changes found during synchronizing settings.
2026-01-06 11:11:10.260 [info] Keybindings: No changes found during synchronizing keybindings.
2026-01-06 11:11:10.261 [info] Snippets: No changes found during synchronizing snippets.
2026-01-06 11:11:10.262 [info] Tasks: No changes found during synchronizing tasks.
2026-01-06 11:11:10.262 [info] Mcp: No changes found during synchronizing mcp.
2026-01-06 11:11:10.263 [info] GlobalState: No changes found during synchronizing ui state.
2026-01-06 11:11:10.287 [info] Extensions: No changes found during synchronizing extensions.
2026-01-06 11:11:10.288 [info] Prompts: No changes found during synchronizing prompts.
2026-01-06 11:11:10.288 [info] Profiles: No changes found during synchronizing profiles.
2026-01-06 11:11:10.289 [info] Sync done. Took 297ms
2026-01-06 11:11:34.926 [info] [AutoSync] Triggered by Activity
2026-01-06 11:11:34.926 [info] Sync started.
2026-01-06 11:11:35.116 [info] Settings: No changes found during synchronizing settings.
2026-01-06 11:11:35.119 [info] Keybindings: No changes found during synchronizing keybindings.
2026-01-06 11:11:35.122 [info] Snippets: No changes found during synchronizing snippets.
2026-01-06 11:11:35.124 [info] Tasks: No changes found during synchronizing tasks.
2026-01-06 11:11:35.125 [info] Mcp: No changes found during synchronizing mcp.
2026-01-06 11:11:35.127 [info] GlobalState: No changes found during synchronizing ui state.
2026-01-06 11:11:35.147 [info] Extensions: No changes found during synchronizing extensions.
2026-01-06 11:11:35.148 [info] Prompts: No changes found during synchronizing prompts.
2026-01-06 11:11:35.149 [info] Profiles: No changes found during synchronizing profiles.
2026-01-06 11:11:35.149 [info] Sync done. Took 226ms
2026-01-06 11:12:45.985 [info] [AutoSync] Triggered by Activity
2026-01-06 11:12:45.986 [info] Sync started.
2026-01-06 11:12:46.233 [info] Settings: No changes found during synchronizing settings.
2026-01-06 11:12:46.235 [info] Keybindings: No changes found during synchronizing keybindings.
2026-01-06 11:12:46.236 [info] Snippets: No changes found during synchronizing snippets.
2026-01-06 11:12:46.237 [info] Tasks: No changes found during synchronizing tasks.
2026-01-06 11:12:46.237 [info] Mcp: No changes found during synchronizing mcp.
2026-01-06 11:12:46.239 [info] GlobalState: No changes found during synchronizing ui state.
2026-01-06 11:12:46.265 [info] Extensions: No changes found during synchronizing extensions.
2026-01-06 11:12:46.266 [info] Prompts: No changes found during synchronizing prompts.
2026-01-06 11:12:46.266 [info] Profiles: No changes found during synchronizing profiles.
2026-01-06 11:12:46.267 [info] Sync done. Took 284ms
2026-01-06 11:14:20.461 [info] [AutoSync] Triggered by Activity
2026-01-06 11:14:20.463 [info] Sync started.
2026-01-06 11:14:20.652 [info] Settings: No changes found during synchronizing settings.
2026-01-06 11:14:20.654 [info] Keybindings: No changes found during synchronizing keybindings.
2026-01-06 11:14:20.657 [info] Snippets: No changes found during synchronizing snippets.
2026-01-06 11:14:20.659 [info] Tasks: No changes found during synchronizing tasks.
2026-01-06 11:14:20.661 [info] Mcp: No changes found during synchronizing mcp.
2026-01-06 11:14:20.663 [info] GlobalState: No changes found during synchronizing ui state.
2026-01-06 11:14:20.687 [info] Extensions: No changes found during synchronizing extensions.
2026-01-06 11:14:20.688 [info] Prompts: No changes found during synchronizing prompts.
2026-01-06 11:14:20.688 [info] Profiles: No changes found during synchronizing profiles.
2026-01-06 11:14:20.689 [info] Sync done. Took 231ms
2026-01-06 11:14:42.173 [info] [AutoSync] Triggered by Activity
2026-01-06 11:14:42.174 [info] Sync started.
2026-01-06 11:14:42.373 [info] Settings: No changes found during synchronizing settings.
2026-01-06 11:14:42.375 [info] Keybindings: No changes found during synchronizing keybindings.
2026-01-06 11:14:42.378 [info] Snippets: No changes found during synchronizing snippets.
2026-01-06 11:14:42.379 [info] Tasks: No changes found during synchronizing tasks.
2026-01-06 11:14:42.380 [info] Mcp: No changes found during synchronizing mcp.
2026-01-06 11:14:42.382 [info] GlobalState: No changes found during synchronizing ui state.
2026-01-06 11:14:42.420 [info] Extensions: No changes found during synchronizing extensions.
2026-01-06 11:14:42.421 [info] Prompts: No changes found during synchronizing prompts.
2026-01-06 11:14:42.421 [info] Profiles: No changes found during synchronizing profiles.
2026-01-06 11:14:42.422 [info] Sync done. Took 250ms
2026-01-06 11:15:34.605 [info] [AutoSync] Triggered by Activity
2026-01-06 11:15:34.605 [info] Sync started.
2026-01-06 11:15:34.824 [info] Settings: No changes found during synchronizing settings.
2026-01-06 11:15:34.826 [info] Keybindings: No changes found during synchronizing keybindings.
2026-01-06 11:15:34.829 [info] Snippets: No changes found during synchronizing snippets.
2026-01-06 11:15:34.830 [info] Tasks: No changes found during synchronizing tasks.
2026-01-06 11:15:34.831 [info] Mcp: No changes found during synchronizing mcp.
2026-01-06 11:15:34.832 [info] GlobalState: No changes found during synchronizing ui state.
2026-01-06 11:15:34.855 [info] Extensions: No changes found during synchronizing extensions.
2026-01-06 11:15:34.855 [info] Prompts: No changes found during synchronizing prompts.
2026-01-06 11:15:34.856 [info] Profiles: No changes found during synchronizing profiles.
2026-01-06 11:15:34.856 [info] Sync done. Took 254ms
2026-01-06 11:16:10.490 [info] [AutoSync] Triggered by Activity
2026-01-06 11:16:10.491 [info] Sync started.
2026-01-06 11:16:10.689 [info] Settings: No changes found during synchronizing settings.
2026-01-06 11:16:10.690 [info] Keybindings: No changes found during synchronizing keybindings.
2026-01-06 11:16:10.691 [info] Snippets: No changes found during synchronizing snippets.
2026-01-06 11:16:10.692 [info] Tasks: No changes found during synchronizing tasks.
2026-01-06 11:16:10.694 [info] Mcp: No changes found during synchronizing mcp.
2026-01-06 11:16:10.696 [info] GlobalState: No changes found during synchronizing ui state.
2026-01-06 11:16:10.720 [info] Extensions: No changes found during synchronizing extensions.
2026-01-06 11:16:10.721 [info] Prompts: No changes found during synchronizing prompts.
2026-01-06 11:16:10.722 [info] Profiles: No changes found during synchronizing profiles.
2026-01-06 11:16:10.722 [info] Sync done. Took 236ms
2026-01-06 11:16:25.519 [info] [AutoSync] Triggered by Activity
2026-01-06 11:16:25.519 [info] Sync started.
2026-01-06 11:16:25.833 [info] Settings: No changes found during synchronizing settings.
2026-01-06 11:16:25.835 [info] Keybindings: No changes found during synchronizing keybindings.
2026-01-06 11:16:25.837 [info] Snippets: No changes found during synchronizing snippets.
2026-01-06 11:16:25.838 [info] Tasks: No changes found during synchronizing tasks.
2026-01-06 11:16:25.839 [info] Mcp: No changes found during synchronizing mcp.
2026-01-06 11:16:25.840 [info] GlobalState: No changes found during synchronizing ui state.
2026-01-06 11:16:25.865 [info] Extensions: No changes found during synchronizing extensions.
2026-01-06 11:16:25.866 [info] Prompts: No changes found during synchronizing prompts.
2026-01-06 11:16:25.866 [info] Profiles: No changes found during synchronizing profiles.
2026-01-06 11:16:25.866 [info] Sync done. Took 351ms
2026-01-06 11:16:59.497 [info] [AutoSync] Triggered by Activity
2026-01-06 11:16:59.498 [info] Sync started.
2026-01-06 11:16:59.705 [info] Settings: No changes found during synchronizing settings.
2026-01-06 11:16:59.706 [info] Keybindings: No changes found during synchronizing keybindings.
2026-01-06 11:16:59.707 [info] Snippets: No changes found during synchronizing snippets.
2026-01-06 11:16:59.708 [info] Tasks: No changes found during synchronizing tasks.
2026-01-06 11:16:59.708 [info] Mcp: No changes found during synchronizing mcp.
2026-01-06 11:16:59.710 [info] GlobalState: No changes found during synchronizing ui state.
2026-01-06 11:16:59.733 [info] Extensions: No changes found during synchronizing extensions.
2026-01-06 11:16:59.734 [info] Prompts: No changes found during synchronizing prompts.
2026-01-06 11:16:59.735 [info] Profiles: No changes found during synchronizing profiles.
2026-01-06 11:16:59.735 [info] Sync done. Took 242ms
2026-01-06 11:17:13.929 [info] [AutoSync] Triggered by Activity
2026-01-06 11:17:13.930 [info] Sync started.
2026-01-06 11:17:14.116 [info] Settings: No changes found during synchronizing settings.
2026-01-06 11:17:14.118 [info] Keybindings: No changes found during synchronizing keybindings.
2026-01-06 11:17:14.120 [info] Snippets: No changes found during synchronizing snippets.
2026-01-06 11:17:14.122 [info] Tasks: No changes found during synchronizing tasks.
2026-01-06 11:17:14.123 [info] Mcp: No changes found during synchronizing mcp.
2026-01-06 11:17:14.125 [info] GlobalState: No changes found during synchronizing ui state.
2026-01-06 11:17:14.152 [info] Extensions: No changes found during synchronizing extensions.
2026-01-06 11:17:14.153 [info] Prompts: No changes found during synchronizing prompts.
2026-01-06 11:17:14.153 [info] Profiles: No changes found during synchronizing profiles.
2026-01-06 11:17:14.154 [info] Sync done. Took 227ms
2026-01-06 11:17:58.569 [info] [AutoSync] Triggered by Activity
2026-01-06 11:17:58.569 [info] Sync started.
2026-01-06 11:17:58.780 [info] Settings: No changes found during synchronizing settings.
2026-01-06 11:17:58.783 [info] Keybindings: No changes found during synchronizing keybindings.
2026-01-06 11:17:58.786 [info] Snippets: No changes found during synchronizing snippets.
2026-01-06 11:17:58.787 [info] Tasks: No changes found during synchronizing tasks.
2026-01-06 11:17:58.789 [info] Mcp: No changes found during synchronizing mcp.
2026-01-06 11:17:58.791 [info] GlobalState: No changes found during synchronizing ui state.
2026-01-06 11:17:58.812 [info] Extensions: No changes found during synchronizing extensions.
2026-01-06 11:17:58.813 [info] Prompts: No changes found during synchronizing prompts.
2026-01-06 11:17:58.813 [info] Profiles: No changes found during synchronizing profiles.
2026-01-06 11:17:58.814 [info] Sync done. Took 249ms
2026-01-06 11:18:15.372 [info] [AutoSync] Triggered by Activity
2026-01-06 11:18:15.372 [info] Sync started.
2026-01-06 11:18:15.573 [info] Settings: No changes found during synchronizing settings.
2026-01-06 11:18:15.574 [info] Keybindings: No changes found during synchronizing keybindings.
2026-01-06 11:18:15.575 [info] Snippets: No changes found during synchronizing snippets.
2026-01-06 11:18:15.576 [info] Tasks: No changes found during synchronizing tasks.
2026-01-06 11:18:15.576 [info] Mcp: No changes found during synchronizing mcp.
2026-01-06 11:18:15.579 [info] GlobalState: No changes found during synchronizing ui state.
2026-01-06 11:18:15.604 [info] Extensions: No changes found during synchronizing extensions.
2026-01-06 11:18:15.605 [info] Prompts: No changes found during synchronizing prompts.
2026-01-06 11:18:15.605 [info] Profiles: No changes found during synchronizing profiles.
2026-01-06 11:18:15.606 [info] Sync done. Took 235ms
2026-01-06 11:19:27.018 [info] [AutoSync] Triggered by Activity
2026-01-06 11:19:27.018 [info] Sync started.
2026-01-06 11:19:27.223 [info] Settings: No changes found during synchronizing settings.
2026-01-06 11:19:27.225 [info] Keybindings: No changes found during synchronizing keybindings.
2026-01-06 11:19:27.227 [info] Snippets: No changes found during synchronizing snippets.
2026-01-06 11:19:27.228 [info] Tasks: No changes found during synchronizing tasks.
2026-01-06 11:19:27.229 [info] Mcp: No changes found during synchronizing mcp.
2026-01-06 11:19:27.231 [info] GlobalState: No changes found during synchronizing ui state.
2026-01-06 11:19:27.259 [info] Extensions: No changes found during synchronizing extensions.
2026-01-06 11:19:27.260 [info] Prompts: No changes found during synchronizing prompts.
2026-01-06 11:19:27.260 [info] Profiles: No changes found during synchronizing profiles.
2026-01-06 11:19:27.261 [info] Sync done. Took 247ms
2026-01-06 11:19:51.612 [info] [AutoSync] Triggered by Activity
2026-01-06 11:19:51.613 [info] Sync started.
2026-01-06 11:19:51.816 [info] Settings: No changes found during synchronizing settings.
2026-01-06 11:19:51.818 [info] Keybindings: No changes found during synchronizing keybindings.
2026-01-06 11:19:51.820 [info] Snippets: No changes found during synchronizing snippets.
2026-01-06 11:19:51.821 [info] Tasks: No changes found during synchronizing tasks.
2026-01-06 11:19:51.822 [info] Mcp: No changes found during synchronizing mcp.
2026-01-06 11:19:51.824 [info] GlobalState: No changes found during synchronizing ui state.
2026-01-06 11:19:51.846 [info] Extensions: No changes found during synchronizing extensions.
2026-01-06 11:19:51.847 [info] Prompts: No changes found during synchronizing prompts.
2026-01-06 11:19:51.847 [info] Profiles: No changes found during synchronizing profiles.
2026-01-06 11:19:51.847 [info] Sync done. Took 238ms
2026-01-06 11:20:20.677 [info] [AutoSync] Triggered by Activity
2026-01-06 11:20:20.677 [info] Sync started.
2026-01-06 11:20:20.888 [info] Settings: No changes found during synchronizing settings.
2026-01-06 11:20:20.891 [info] Keybindings: No changes found during synchronizing keybindings.
2026-01-06 11:20:20.893 [info] Snippets: No changes found during synchronizing snippets.
2026-01-06 11:20:20.894 [info] Tasks: No changes found during synchronizing tasks.
2026-01-06 11:20:20.895 [info] Mcp: No changes found during synchronizing mcp.
2026-01-06 11:20:20.897 [info] GlobalState: No changes found during synchronizing ui state.
2026-01-06 11:20:20.917 [info] Extensions: No changes found during synchronizing extensions.
2026-01-06 11:20:20.918 [info] Prompts: No changes found during synchronizing prompts.
2026-01-06 11:20:20.918 [info] Profiles: No changes found during synchronizing profiles.
2026-01-06 11:20:20.919 [info] Sync done. Took 245ms
2026-01-06 11:21:00.087 [info] [AutoSync] Triggered by Activity
2026-01-06 11:21:00.088 [info] Sync started.
2026-01-06 11:21:00.283 [info] Settings: No changes found during synchronizing settings.
2026-01-06 11:21:00.285 [info] Keybindings: No changes found during synchronizing keybindings.
2026-01-06 11:21:00.288 [info] Snippets: No changes found during synchronizing snippets.
2026-01-06 11:21:00.289 [info] Tasks: No changes found during synchronizing tasks.
2026-01-06 11:21:00.290 [info] Mcp: No changes found during synchronizing mcp.
2026-01-06 11:21:00.292 [info] GlobalState: No changes found during synchronizing ui state.
2026-01-06 11:21:00.316 [info] Extensions: No changes found during synchronizing extensions.
2026-01-06 11:21:00.317 [info] Prompts: No changes found during synchronizing prompts.
2026-01-06 11:21:00.318 [info] Profiles: No changes found during synchronizing profiles.
2026-01-06 11:21:00.318 [info] Sync done. Took 234ms
2026-01-06 11:21:41.368 [info] [AutoSync] Triggered by Activity
2026-01-06 11:21:41.368 [info] Sync started.
2026-01-06 11:21:41.564 [info] Settings: No changes found during synchronizing settings.
2026-01-06 11:21:41.567 [info] Keybindings: No changes found during synchronizing keybindings.
2026-01-06 11:21:41.569 [info] Snippets: No changes found during synchronizing snippets.
2026-01-06 11:21:41.571 [info] Tasks: No changes found during synchronizing tasks.
2026-01-06 11:21:41.572 [info] Mcp: No changes found during synchronizing mcp.
2026-01-06 11:21:41.574 [info] GlobalState: No changes found during synchronizing ui state.
2026-01-06 11:21:41.597 [info] Extensions: No changes found during synchronizing extensions.
2026-01-06 11:21:41.598 [info] Prompts: No changes found during synchronizing prompts.
2026-01-06 11:21:41.598 [info] Profiles: No changes found during synchronizing profiles.
2026-01-06 11:21:41.599 [info] Sync done. Took 233ms
2026-01-06 11:22:28.859 [info] [AutoSync] Triggered by Activity
2026-01-06 11:22:28.860 [info] Sync started.
2026-01-06 11:22:29.025 [info] Settings: No changes found during synchronizing settings.
2026-01-06 11:22:29.026 [info] Keybindings: No changes found during synchronizing keybindings.
2026-01-06 11:22:29.027 [info] Snippets: No changes found during synchronizing snippets.
2026-01-06 11:22:29.028 [info] Tasks: No changes found during synchronizing tasks.
2026-01-06 11:22:29.029 [info] Mcp: No changes found during synchronizing mcp.
2026-01-06 11:22:29.030 [info] GlobalState: No changes found during synchronizing ui state.
2026-01-06 11:22:29.051 [info] Extensions: No changes found during synchronizing extensions.
2026-01-06 11:22:29.052 [info] Prompts: No changes found during synchronizing prompts.
2026-01-06 11:22:29.052 [info] Profiles: No changes found during synchronizing profiles.
2026-01-06 11:22:29.052 [info] Sync done. Took 196ms
2026-01-06 11:22:40.961 [info] [AutoSync] Triggered by Activity
2026-01-06 11:22:40.962 [info] Sync started.
2026-01-06 11:22:41.180 [info] Settings: No changes found during synchronizing settings.
2026-01-06 11:22:41.181 [info] Keybindings: No changes found during synchronizing keybindings.
2026-01-06 11:22:41.182 [info] Snippets: No changes found during synchronizing snippets.
2026-01-06 11:22:41.183 [info] Tasks: No changes found during synchronizing tasks.
2026-01-06 11:22:41.183 [info] Mcp: No changes found during synchronizing mcp.
2026-01-06 11:22:41.185 [info] GlobalState: No changes found during synchronizing ui state.
2026-01-06 11:22:41.213 [info] Extensions: No changes found during synchronizing extensions.
2026-01-06 11:22:41.214 [info] Prompts: No changes found during synchronizing prompts.
2026-01-06 11:22:41.214 [info] Profiles: No changes found during synchronizing profiles.
2026-01-06 11:22:41.215 [info] Sync done. Took 257ms
2026-01-06 11:22:53.430 [info] [AutoSync] Triggered by Activity
2026-01-06 11:22:53.431 [info] Sync started.
2026-01-06 11:22:53.622 [info] Settings: No changes found during synchronizing settings.
2026-01-06 11:22:53.623 [info] Keybindings: No changes found during synchronizing keybindings.
2026-01-06 11:22:53.625 [info] Snippets: No changes found during synchronizing snippets.
2026-01-06 11:22:53.626 [info] Tasks: No changes found during synchronizing tasks.
2026-01-06 11:22:53.628 [info] Mcp: No changes found during synchronizing mcp.
2026-01-06 11:22:53.630 [info] GlobalState: No changes found during synchronizing ui state.
2026-01-06 11:22:53.655 [info] Extensions: No changes found during synchronizing extensions.
2026-01-06 11:22:53.656 [info] Prompts: No changes found during synchronizing prompts.
2026-01-06 11:22:53.657 [info] Profiles: No changes found during synchronizing profiles.
2026-01-06 11:22:53.657 [info] Sync done. Took 227ms
2026-01-06 11:23:50.248 [info] [AutoSync] Triggered by Activity
2026-01-06 11:23:50.248 [info] Sync started.
2026-01-06 11:23:50.462 [info] Settings: No changes found during synchronizing settings.
2026-01-06 11:23:50.465 [info] Keybindings: No changes found during synchronizing keybindings.
2026-01-06 11:23:50.470 [info] Snippets: No changes found during synchronizing snippets.
2026-01-06 11:23:50.472 [info] Tasks: No changes found during synchronizing tasks.
2026-01-06 11:23:50.474 [info] Mcp: No changes found during synchronizing mcp.
2026-01-06 11:23:50.479 [info] GlobalState: No changes found during synchronizing ui state.
2026-01-06 11:23:50.513 [info] Extensions: No changes found during synchronizing extensions.
2026-01-06 11:23:50.514 [info] Prompts: No changes found during synchronizing prompts.
2026-01-06 11:23:50.515 [info] Profiles: No changes found during synchronizing profiles.
2026-01-06 11:23:50.515 [info] Sync done. Took 269ms
2026-01-06 11:24:03.436 [info] [AutoSync] Triggered by Activity
2026-01-06 11:24:03.436 [info] Sync started.
2026-01-06 11:24:03.605 [info] Settings: No changes found during synchronizing settings.
2026-01-06 11:24:03.606 [info] Keybindings: No changes found during synchronizing keybindings.
2026-01-06 11:24:03.607 [info] Snippets: No changes found during synchronizing snippets.
2026-01-06 11:24:03.607 [info] Tasks: No changes found during synchronizing tasks.
2026-01-06 11:24:03.608 [info] Mcp: No changes found during synchronizing mcp.
2026-01-06 11:24:03.609 [info] GlobalState: No changes found during synchronizing ui state.
2026-01-06 11:24:03.634 [info] Extensions: No changes found during synchronizing extensions.
2026-01-06 11:24:03.635 [info] Prompts: No changes found during synchronizing prompts.
2026-01-06 11:24:03.635 [info] Profiles: No changes found during synchronizing profiles.
2026-01-06 11:24:03.636 [info] Sync done. Took 201ms
2026-01-06 11:24:37.257 [info] [AutoSync] Triggered by Activity
2026-01-06 11:24:37.257 [info] Sync started.
2026-01-06 11:24:37.527 [info] Settings: No changes found during synchronizing settings.
2026-01-06 11:24:37.528 [info] Keybindings: No changes found during synchronizing keybindings.
2026-01-06 11:24:37.529 [info] Snippets: No changes found during synchronizing snippets.
2026-01-06 11:24:37.530 [info] Tasks: No changes found during synchronizing tasks.
2026-01-06 11:24:37.530 [info] Mcp: No changes found during synchronizing mcp.
2026-01-06 11:24:37.532 [info] GlobalState: No changes found during synchronizing ui state.
2026-01-06 11:24:37.555 [info] Extensions: No changes found during synchronizing extensions.
2026-01-06 11:24:37.556 [info] Prompts: No changes found during synchronizing prompts.
2026-01-06 11:24:37.556 [info] Profiles: No changes found during synchronizing profiles.
2026-01-06 11:24:37.556 [info] Sync done. Took 302ms
2026-01-06 11:24:56.523 [info] [AutoSync] Triggered by Activity
2026-01-06 11:24:56.524 [info] Sync started.
2026-01-06 11:24:56.714 [info] Settings: No changes found during synchronizing settings.
2026-01-06 11:24:56.716 [info] Keybindings: No changes found during synchronizing keybindings.
2026-01-06 11:24:56.717 [info] Snippets: No changes found during synchronizing snippets.
2026-01-06 11:24:56.718 [info] Tasks: No changes found during synchronizing tasks.
2026-01-06 11:24:56.719 [info] Mcp: No changes found during synchronizing mcp.
2026-01-06 11:24:56.721 [info] GlobalState: No changes found during synchronizing ui state.
2026-01-06 11:24:56.752 [info] Extensions: No changes found during synchronizing extensions.
2026-01-06 11:24:56.753 [info] Prompts: No changes found during synchronizing prompts.
2026-01-06 11:24:56.753 [info] Profiles: No changes found during synchronizing profiles.
2026-01-06 11:24:56.754 [info] Sync done. Took 232ms
2026-01-06 11:28:25.718 [info] [AutoSync] Triggered by Activity
2026-01-06 11:28:25.719 [info] Sync started.
2026-01-06 11:28:26.416 [info] Settings: No changes found during synchronizing settings.
2026-01-06 11:28:26.418 [info] Keybindings: No changes found during synchronizing keybindings.
2026-01-06 11:28:26.419 [info] Snippets: No changes found during synchronizing snippets.
2026-01-06 11:28:26.420 [info] Tasks: No changes found during synchronizing tasks.
2026-01-06 11:28:26.421 [info] Mcp: No changes found during synchronizing mcp.
2026-01-06 11:28:26.423 [info] GlobalState: No changes found during synchronizing ui state.
2026-01-06 11:28:26.446 [info] Extensions: No changes found during synchronizing extensions.
2026-01-06 11:28:26.450 [info] Prompts: No changes found during synchronizing prompts.
2026-01-06 11:28:26.450 [info] Profiles: No changes found during synchronizing profiles.
2026-01-06 11:28:26.450 [info] Sync done. Took 734ms
2026-01-06 11:29:29.771 [info] [AutoSync] Triggered by Activity
2026-01-06 11:29:29.772 [info] Sync started.
2026-01-06 11:29:29.975 [info] Settings: No changes found during synchronizing settings.
2026-01-06 11:29:29.978 [info] Keybindings: No changes found during synchronizing keybindings.
2026-01-06 11:29:29.980 [info] Snippets: No changes found during synchronizing snippets.
2026-01-06 11:29:29.981 [info] Tasks: No changes found during synchronizing tasks.
2026-01-06 11:29:29.982 [info] Mcp: No changes found during synchronizing mcp.
2026-01-06 11:29:29.984 [info] GlobalState: No changes found during synchronizing ui state.
2026-01-06 11:29:30.012 [info] Extensions: No changes found during synchronizing extensions.
2026-01-06 11:29:30.013 [info] Prompts: No changes found during synchronizing prompts.
2026-01-06 11:29:30.013 [info] Profiles: No changes found during synchronizing profiles.
2026-01-06 11:29:30.013 [info] Sync done. Took 245ms
2026-01-06 11:30:19.527 [info] [AutoSync] Triggered by Activity
2026-01-06 11:30:19.528 [info] Sync started.
2026-01-06 11:30:19.737 [info] Settings: No changes found during synchronizing settings.
2026-01-06 11:30:19.738 [info] Keybindings: No changes found during synchronizing keybindings.
2026-01-06 11:30:19.739 [info] Snippets: No changes found during synchronizing snippets.
2026-01-06 11:30:19.740 [info] Tasks: No changes found during synchronizing tasks.
2026-01-06 11:30:19.741 [info] Mcp: No changes found during synchronizing mcp.
2026-01-06 11:30:19.744 [info] GlobalState: No changes found during synchronizing ui state.
2026-01-06 11:30:19.772 [info] Extensions: No changes found during synchronizing extensions.
2026-01-06 11:30:19.774 [info] Prompts: No changes found during synchronizing prompts.
2026-01-06 11:30:19.774 [info] Profiles: No changes found during synchronizing profiles.
2026-01-06 11:30:19.775 [info] Sync done. Took 248ms
2026-01-06 11:30:44.685 [info] [AutoSync] Triggered by Activity
2026-01-06 11:30:44.686 [info] Sync started.
2026-01-06 11:30:44.889 [info] Settings: No changes found during synchronizing settings.
2026-01-06 11:30:44.892 [info] Keybindings: No changes found during synchronizing keybindings.
2026-01-06 11:30:44.894 [info] Snippets: No changes found during synchronizing snippets.
2026-01-06 11:30:44.897 [info] Tasks: No changes found during synchronizing tasks.
2026-01-06 11:30:44.901 [info] Mcp: No changes found during synchronizing mcp.
2026-01-06 11:30:44.904 [info] GlobalState: No changes found during synchronizing ui state.
2026-01-06 11:30:44.939 [info] Extensions: No changes found during synchronizing extensions.
2026-01-06 11:30:44.939 [info] Prompts: No changes found during synchronizing prompts.
2026-01-06 11:30:44.940 [info] Profiles: No changes found during synchronizing profiles.
2026-01-06 11:30:44.940 [info] Sync done. Took 255ms
2026-01-06 11:32:14.469 [info] [AutoSync] Triggered by Activity
2026-01-06 11:32:14.469 [info] Sync started.
2026-01-06 11:32:14.657 [info] Settings: No changes found during synchronizing settings.
2026-01-06 11:32:14.658 [info] Keybindings: No changes found during synchronizing keybindings.
2026-01-06 11:32:14.660 [info] Snippets: No changes found during synchronizing snippets.
2026-01-06 11:32:14.663 [info] Tasks: No changes found during synchronizing tasks.
2026-01-06 11:32:14.665 [info] Mcp: No changes found during synchronizing mcp.
2026-01-06 11:32:14.667 [info] GlobalState: No changes found during synchronizing ui state.
2026-01-06 11:32:14.688 [info] Extensions: No changes found during synchronizing extensions.
2026-01-06 11:32:14.688 [info] Prompts: No changes found during synchronizing prompts.
2026-01-06 11:32:14.688 [info] Profiles: No changes found during synchronizing profiles.
2026-01-06 11:32:14.689 [info] Sync done. Took 223ms
2026-01-06 11:32:48.583 [info] [AutoSync] Triggered by Activity
2026-01-06 11:32:48.583 [info] Sync started.
2026-01-06 11:32:48.781 [info] Settings: No changes found during synchronizing settings.
2026-01-06 11:32:48.783 [info] Keybindings: No changes found during synchronizing keybindings.
2026-01-06 11:32:48.784 [info] Snippets: No changes found during synchronizing snippets.
2026-01-06 11:32:48.785 [info] Tasks: No changes found during synchronizing tasks.
2026-01-06 11:32:48.786 [info] Mcp: No changes found during synchronizing mcp.
2026-01-06 11:32:48.787 [info] GlobalState: No changes found during synchronizing ui state.
2026-01-06 11:32:48.814 [info] Extensions: No changes found during synchronizing extensions.
2026-01-06 11:32:48.815 [info] Prompts: No changes found during synchronizing prompts.
2026-01-06 11:32:48.815 [info] Profiles: No changes found during synchronizing profiles.
2026-01-06 11:32:48.815 [info] Sync done. Took 236ms
2026-01-06 11:33:05.709 [info] [AutoSync] Triggered by Activity
2026-01-06 11:33:05.710 [info] Sync started.
2026-01-06 11:33:05.900 [info] Settings: No changes found during synchronizing settings.
2026-01-06 11:33:05.901 [info] Keybindings: No changes found during synchronizing keybindings.
2026-01-06 11:33:05.903 [info] Snippets: No changes found during synchronizing snippets.
2026-01-06 11:33:05.904 [info] Tasks: No changes found during synchronizing tasks.
2026-01-06 11:33:05.905 [info] Mcp: No changes found during synchronizing mcp.
2026-01-06 11:33:05.906 [info] GlobalState: No changes found during synchronizing ui state.
2026-01-06 11:33:05.927 [info] Extensions: No changes found during synchronizing extensions.
2026-01-06 11:33:05.928 [info] Prompts: No changes found during synchronizing prompts.
2026-01-06 11:33:05.928 [info] Profiles: No changes found during synchronizing profiles.
2026-01-06 11:33:05.928 [info] Sync done. Took 223ms
2026-01-06 11:33:24.353 [info] [AutoSync] Triggered by Activity
2026-01-06 11:33:24.354 [info] Sync started.
2026-01-06 11:33:24.550 [info] Settings: No changes found during synchronizing settings.
2026-01-06 11:33:24.552 [info] Keybindings: No changes found during synchronizing keybindings.
2026-01-06 11:33:24.553 [info] Snippets: No changes found during synchronizing snippets.
2026-01-06 11:33:24.554 [info] Tasks: No changes found during synchronizing tasks.
2026-01-06 11:33:24.555 [info] Mcp: No changes found during synchronizing mcp.
2026-01-06 11:33:24.557 [info] GlobalState: No changes found during synchronizing ui state.
2026-01-06 11:33:24.582 [info] Extensions: No changes found during synchronizing extensions.
2026-01-06 11:33:24.583 [info] Prompts: No changes found during synchronizing prompts.
2026-01-06 11:33:24.584 [info] Profiles: No changes found during synchronizing profiles.
2026-01-06 11:33:24.584 [info] Sync done. Took 234ms
2026-01-06 11:33:39.443 [info] [AutoSync] Triggered by Activity
2026-01-06 11:33:39.444 [info] Sync started.
2026-01-06 11:33:39.633 [info] Settings: No changes found during synchronizing settings.
2026-01-06 11:33:39.636 [info] Keybindings: No changes found during synchronizing keybindings.
2026-01-06 11:33:39.637 [info] Snippets: No changes found during synchronizing snippets.
2026-01-06 11:33:39.638 [info] Tasks: No changes found during synchronizing tasks.
2026-01-06 11:33:39.639 [info] Mcp: No changes found during synchronizing mcp.
2026-01-06 11:33:39.641 [info] GlobalState: No changes found during synchronizing ui state.
2026-01-06 11:33:39.661 [info] Extensions: No changes found during synchronizing extensions.
2026-01-06 11:33:39.663 [info] Prompts: No changes found during synchronizing prompts.
2026-01-06 11:33:39.663 [info] Profiles: No changes found during synchronizing profiles.
2026-01-06 11:33:39.664 [info] Sync done. Took 223ms
2026-01-06 11:34:53.455 [info] [AutoSync] Triggered by Activity
2026-01-06 11:34:53.455 [info] Sync started.
2026-01-06 11:34:53.660 [info] Settings: No changes found during synchronizing settings.
2026-01-06 11:34:53.662 [info] Keybindings: No changes found during synchronizing keybindings.
2026-01-06 11:34:53.664 [info] Snippets: No changes found during synchronizing snippets.
2026-01-06 11:34:53.665 [info] Tasks: No changes found during synchronizing tasks.
2026-01-06 11:34:53.666 [info] Mcp: No changes found during synchronizing mcp.
2026-01-06 11:34:53.667 [info] GlobalState: No changes found during synchronizing ui state.
2026-01-06 11:34:53.690 [info] Extensions: No changes found during synchronizing extensions.
2026-01-06 11:34:53.691 [info] Prompts: No changes found during synchronizing prompts.
2026-01-06 11:34:53.692 [info] Profiles: No changes found during synchronizing profiles.
2026-01-06 11:34:53.692 [info] Sync done. Took 240ms
2026-01-06 11:35:59.091 [info] [AutoSync] Triggered by Activity
2026-01-06 11:35:59.091 [info] Sync started.
2026-01-06 11:35:59.281 [info] Settings: No changes found during synchronizing settings.
2026-01-06 11:35:59.284 [info] Keybindings: No changes found during synchronizing keybindings.
2026-01-06 11:35:59.287 [info] Snippets: No changes found during synchronizing snippets.
2026-01-06 11:35:59.288 [info] Tasks: No changes found during synchronizing tasks.
2026-01-06 11:35:59.289 [info] Mcp: No changes found during synchronizing mcp.
2026-01-06 11:35:59.292 [info] GlobalState: No changes found during synchronizing ui state.
2026-01-06 11:35:59.322 [info] Extensions: No changes found during synchronizing extensions.
2026-01-06 11:35:59.322 [info] Prompts: No changes found during synchronizing prompts.
2026-01-06 11:35:59.323 [info] Profiles: No changes found during synchronizing profiles.
2026-01-06 11:35:59.323 [info] Sync done. Took 233ms
2026-01-06 11:36:14.290 [info] [AutoSync] Triggered by Activity
2026-01-06 11:36:14.291 [info] Sync started.
2026-01-06 11:36:14.512 [info] Settings: No changes found during synchronizing settings.
2026-01-06 11:36:14.513 [info] Keybindings: No changes found during synchronizing keybindings.
2026-01-06 11:36:14.515 [info] Snippets: No changes found during synchronizing snippets.
2026-01-06 11:36:14.515 [info] Tasks: No changes found during synchronizing tasks.
2026-01-06 11:36:14.516 [info] Mcp: No changes found during synchronizing mcp.
2026-01-06 11:36:14.518 [info] GlobalState: No changes found during synchronizing ui state.
2026-01-06 11:36:14.542 [info] Extensions: No changes found during synchronizing extensions.
2026-01-06 11:36:14.543 [info] Prompts: No changes found during synchronizing prompts.
2026-01-06 11:36:14.543 [info] Profiles: No changes found during synchronizing profiles.
2026-01-06 11:36:14.544 [info] Sync done. Took 257ms
2026-01-06 11:37:16.283 [info] [AutoSync] Triggered by Activity
2026-01-06 11:37:16.283 [info] Sync started.
2026-01-06 11:37:16.535 [info] Settings: No changes found during synchronizing settings.
2026-01-06 11:37:16.536 [info] Keybindings: No changes found during synchronizing keybindings.
2026-01-06 11:37:16.538 [info] Snippets: No changes found during synchronizing snippets.
2026-01-06 11:37:16.539 [info] Tasks: No changes found during synchronizing tasks.
2026-01-06 11:37:16.539 [info] Mcp: No changes found during synchronizing mcp.
2026-01-06 11:37:16.541 [info] GlobalState: No changes found during synchronizing ui state.
2026-01-06 11:37:16.571 [info] Extensions: No changes found during synchronizing extensions.
2026-01-06 11:37:16.572 [info] Prompts: No changes found during synchronizing prompts.
2026-01-06 11:37:16.572 [info] Profiles: No changes found during synchronizing profiles.
2026-01-06 11:37:16.573 [info] Sync done. Took 293ms
2026-01-06 11:37:55.255 [info] [AutoSync] Triggered by Activity
2026-01-06 11:37:55.255 [info] Sync started.
2026-01-06 11:37:55.474 [info] Settings: No changes found during synchronizing settings.
2026-01-06 11:37:55.475 [info] Keybindings: No changes found during synchronizing keybindings.
2026-01-06 11:37:55.476 [info] Snippets: No changes found during synchronizing snippets.
2026-01-06 11:37:55.477 [info] Tasks: No changes found during synchronizing tasks.
2026-01-06 11:37:55.477 [info] Mcp: No changes found during synchronizing mcp.
2026-01-06 11:37:55.479 [info] GlobalState: No changes found during synchronizing ui state.
2026-01-06 11:37:55.500 [info] Extensions: No changes found during synchronizing extensions.
2026-01-06 11:37:55.501 [info] Prompts: No changes found during synchronizing prompts.
2026-01-06 11:37:55.501 [info] Profiles: No changes found during synchronizing profiles.
2026-01-06 11:37:55.501 [info] Sync done. Took 247ms
2026-01-06 11:38:13.985 [info] [AutoSync] Triggered by Activity
2026-01-06 11:38:13.986 [info] Sync started.
2026-01-06 11:38:14.186 [info] Settings: No changes found during synchronizing settings.
2026-01-06 11:38:14.188 [info] Keybindings: No changes found during synchronizing keybindings.
2026-01-06 11:38:14.190 [info] Snippets: No changes found during synchronizing snippets.
2026-01-06 11:38:14.191 [info] Tasks: No changes found during synchronizing tasks.
2026-01-06 11:38:14.191 [info] Mcp: No changes found during synchronizing mcp.
2026-01-06 11:38:14.193 [info] GlobalState: No changes found during synchronizing ui state.
2026-01-06 11:38:14.223 [info] Extensions: No changes found during synchronizing extensions.
2026-01-06 11:38:14.224 [info] Prompts: No changes found during synchronizing prompts.
2026-01-06 11:38:14.224 [info] Profiles: No changes found during synchronizing profiles.
2026-01-06 11:38:14.225 [info] Sync done. Took 242ms
2026-01-06 11:38:41.984 [info] [AutoSync] Triggered by Activity
2026-01-06 11:38:41.985 [info] Sync started.
2026-01-06 11:38:42.175 [info] Settings: No changes found during synchronizing settings.
2026-01-06 11:38:42.177 [info] Keybindings: No changes found during synchronizing keybindings.
2026-01-06 11:38:42.178 [info] Snippets: No changes found during synchronizing snippets.
2026-01-06 11:38:42.179 [info] Tasks: No changes found during synchronizing tasks.
2026-01-06 11:38:42.180 [info] Mcp: No changes found during synchronizing mcp.
2026-01-06 11:38:42.183 [info] GlobalState: No changes found during synchronizing ui state.
2026-01-06 11:38:42.216 [info] Extensions: No changes found during synchronizing extensions.
2026-01-06 11:38:42.217 [info] Prompts: No changes found during synchronizing prompts.
2026-01-06 11:38:42.218 [info] Profiles: No changes found during synchronizing profiles.
2026-01-06 11:38:42.218 [info] Sync done. Took 237ms
2026-01-06 11:39:08.174 [info] [AutoSync] Triggered by Activity
2026-01-06 11:39:08.175 [info] Sync started.
2026-01-06 11:39:08.365 [info] Settings: No changes found during synchronizing settings.
2026-01-06 11:39:08.367 [info] Keybindings: No changes found during synchronizing keybindings.
2026-01-06 11:39:08.368 [info] Snippets: No changes found during synchronizing snippets.
2026-01-06 11:39:08.369 [info] Tasks: No changes found during synchronizing tasks.
2026-01-06 11:39:08.370 [info] Mcp: No changes found during synchronizing mcp.
2026-01-06 11:39:08.371 [info] GlobalState: No changes found during synchronizing ui state.
2026-01-06 11:39:08.396 [info] Extensions: No changes found during synchronizing extensions.
2026-01-06 11:39:08.397 [info] Prompts: No changes found during synchronizing prompts.
2026-01-06 11:39:08.397 [info] Profiles: No changes found during synchronizing profiles.
2026-01-06 11:39:08.398 [info] Sync done. Took 227ms
2026-01-06 11:40:10.962 [info] [AutoSync] Triggered by Activity
2026-01-06 11:40:10.963 [info] Sync started.
2026-01-06 11:40:11.151 [info] Settings: No changes found during synchronizing settings.
2026-01-06 11:40:11.153 [info] Keybindings: No changes found during synchronizing keybindings.
2026-01-06 11:40:11.155 [info] Snippets: No changes found during synchronizing snippets.
2026-01-06 11:40:11.157 [info] Tasks: No changes found during synchronizing tasks.
2026-01-06 11:40:11.158 [info] Mcp: No changes found during synchronizing mcp.
2026-01-06 11:40:11.162 [info] GlobalState: No changes found during synchronizing ui state.
2026-01-06 11:40:11.197 [info] Extensions: No changes found during synchronizing extensions.
2026-01-06 11:40:11.198 [info] Prompts: No changes found during synchronizing prompts.
2026-01-06 11:40:11.199 [info] Profiles: No changes found during synchronizing profiles.
2026-01-06 11:40:11.200 [info] Sync done. Took 241ms
2026-01-06 11:40:30.168 [info] [AutoSync] Triggered by Activity
2026-01-06 11:40:30.169 [info] Sync started.
2026-01-06 11:40:30.352 [info] Settings: No changes found during synchronizing settings.
2026-01-06 11:40:30.353 [info] Keybindings: No changes found during synchronizing keybindings.
2026-01-06 11:40:30.354 [info] Snippets: No changes found during synchronizing snippets.
2026-01-06 11:40:30.355 [info] Tasks: No changes found during synchronizing tasks.
2026-01-06 11:40:30.356 [info] Mcp: No changes found during synchronizing mcp.
2026-01-06 11:40:30.358 [info] GlobalState: No changes found during synchronizing ui state.
2026-01-06 11:40:30.383 [info] Extensions: No changes found during synchronizing extensions.
2026-01-06 11:40:30.384 [info] Prompts: No changes found during synchronizing prompts.
2026-01-06 11:40:30.384 [info] Profiles: No changes found during synchronizing profiles.
2026-01-06 11:40:30.385 [info] Sync done. Took 221ms
2026-01-06 11:40:54.170 [info] [AutoSync] Triggered by Activity
2026-01-06 11:40:54.170 [info] Sync started.
2026-01-06 11:40:54.385 [info] Settings: No changes found during synchronizing settings.
2026-01-06 11:40:54.387 [info] Keybindings: No changes found during synchronizing keybindings.
2026-01-06 11:40:54.389 [info] Snippets: No changes found during synchronizing snippets.
2026-01-06 11:40:54.390 [info] Tasks: No changes found during synchronizing tasks.
2026-01-06 11:40:54.391 [info] Mcp: No changes found during synchronizing mcp.
2026-01-06 11:40:54.392 [info] GlobalState: No changes found during synchronizing ui state.
2026-01-06 11:40:54.416 [info] Extensions: No changes found during synchronizing extensions.
2026-01-06 11:40:54.417 [info] Prompts: No changes found during synchronizing prompts.
2026-01-06 11:40:54.418 [info] Profiles: No changes found during synchronizing profiles.
2026-01-06 11:40:54.418 [info] Sync done. Took 252ms
2026-01-06 11:41:19.363 [info] [AutoSync] Triggered by Activity
2026-01-06 11:41:19.363 [info] Sync started.
2026-01-06 11:41:19.615 [info] Settings: No changes found during synchronizing settings.
2026-01-06 11:41:19.619 [info] Keybindings: No changes found during synchronizing keybindings.
2026-01-06 11:41:19.621 [info] Snippets: No changes found during synchronizing snippets.
2026-01-06 11:41:19.622 [info] Tasks: No changes found during synchronizing tasks.
2026-01-06 11:41:19.622 [info] Mcp: No changes found during synchronizing mcp.
2026-01-06 11:41:19.624 [info] GlobalState: No changes found during synchronizing ui state.
2026-01-06 11:41:19.647 [info] Extensions: No changes found during synchronizing extensions.
2026-01-06 11:41:19.648 [info] Prompts: No changes found during synchronizing prompts.
2026-01-06 11:41:19.648 [info] Profiles: No changes found during synchronizing profiles.
2026-01-06 11:41:19.649 [info] Sync done. Took 287ms
2026-01-06 11:42:54.324 [info] [AutoSync] Triggered by Activity
2026-01-06 11:42:54.325 [info] Sync started.
2026-01-06 11:42:54.512 [info] Settings: No changes found during synchronizing settings.
2026-01-06 11:42:54.514 [info] Keybindings: No changes found during synchronizing keybindings.
2026-01-06 11:42:54.516 [info] Snippets: No changes found during synchronizing snippets.
2026-01-06 11:42:54.517 [info] Tasks: No changes found during synchronizing tasks.
2026-01-06 11:42:54.518 [info] Mcp: No changes found during synchronizing mcp.
2026-01-06 11:42:54.520 [info] GlobalState: No changes found during synchronizing ui state.
2026-01-06 11:42:54.545 [info] Extensions: No changes found during synchronizing extensions.
2026-01-06 11:42:54.550 [info] Prompts: No changes found during synchronizing prompts.
2026-01-06 11:42:54.550 [info] Profiles: No changes found during synchronizing profiles.
2026-01-06 11:42:54.550 [info] Sync done. Took 229ms
2026-01-06 11:43:12.782 [info] [AutoSync] Triggered by Activity
2026-01-06 11:43:12.782 [info] Sync started.
2026-01-06 11:43:13.004 [info] Settings: No changes found during synchronizing settings.
2026-01-06 11:43:13.005 [info] Keybindings: No changes found during synchronizing keybindings.
2026-01-06 11:43:13.006 [info] Snippets: No changes found during synchronizing snippets.
2026-01-06 11:43:13.007 [info] Tasks: No changes found during synchronizing tasks.
2026-01-06 11:43:13.008 [info] Mcp: No changes found during synchronizing mcp.
2026-01-06 11:43:13.010 [info] GlobalState: No changes found during synchronizing ui state.
2026-01-06 11:43:13.031 [info] Extensions: No changes found during synchronizing extensions.
2026-01-06 11:43:13.033 [info] Prompts: No changes found during synchronizing prompts.
2026-01-06 11:43:13.034 [info] Profiles: No changes found during synchronizing profiles.
2026-01-06 11:43:13.034 [info] Sync done. Took 254ms
2026-01-06 11:44:59.607 [info] [AutoSync] Triggered by Activity
2026-01-06 11:44:59.608 [info] Sync started.
2026-01-06 11:44:59.871 [info] Settings: No changes found during synchronizing settings.
2026-01-06 11:44:59.873 [info] Keybindings: No changes found during synchronizing keybindings.
2026-01-06 11:44:59.875 [info] Snippets: No changes found during synchronizing snippets.
2026-01-06 11:44:59.876 [info] Tasks: No changes found during synchronizing tasks.
2026-01-06 11:44:59.877 [info] Mcp: No changes found during synchronizing mcp.
2026-01-06 11:44:59.878 [info] GlobalState: No changes found during synchronizing ui state.
2026-01-06 11:44:59.902 [info] Extensions: No changes found during synchronizing extensions.
2026-01-06 11:44:59.903 [info] Prompts: No changes found during synchronizing prompts.
2026-01-06 11:44:59.903 [info] Profiles: No changes found during synchronizing profiles.
2026-01-06 11:44:59.904 [info] Sync done. Took 300ms
2026-01-06 11:45:27.257 [info] [AutoSync] Triggered by Activity
2026-01-06 11:45:27.257 [info] Sync started.
2026-01-06 11:45:27.462 [info] Settings: No changes found during synchronizing settings.
2026-01-06 11:45:27.463 [info] Keybindings: No changes found during synchronizing keybindings.
2026-01-06 11:45:27.465 [info] Snippets: No changes found during synchronizing snippets.
2026-01-06 11:45:27.466 [info] Tasks: No changes found during synchronizing tasks.
2026-01-06 11:45:27.467 [info] Mcp: No changes found during synchronizing mcp.
2026-01-06 11:45:27.468 [info] GlobalState: No changes found during synchronizing ui state.
2026-01-06 11:45:27.499 [info] Extensions: No changes found during synchronizing extensions.
2026-01-06 11:45:27.500 [info] Prompts: No changes found during synchronizing prompts.
2026-01-06 11:45:27.501 [info] Profiles: No changes found during synchronizing profiles.
2026-01-06 11:45:27.501 [info] Sync done. Took 247ms
2026-01-06 11:45:41.031 [info] [AutoSync] Triggered by Activity
2026-01-06 11:45:41.031 [info] Sync started.
2026-01-06 11:45:41.232 [info] Settings: No changes found during synchronizing settings.
2026-01-06 11:45:41.233 [info] Keybindings: No changes found during synchronizing keybindings.
2026-01-06 11:45:41.235 [info] Snippets: No changes found during synchronizing snippets.
2026-01-06 11:45:41.236 [info] Tasks: No changes found during synchronizing tasks.
2026-01-06 11:45:41.237 [info] Mcp: No changes found during synchronizing mcp.
2026-01-06 11:45:41.238 [info] GlobalState: No changes found during synchronizing ui state.
2026-01-06 11:45:41.262 [info] Extensions: No changes found during synchronizing extensions.
2026-01-06 11:45:41.263 [info] Prompts: No changes found during synchronizing prompts.
2026-01-06 11:45:41.263 [info] Profiles: No changes found during synchronizing profiles.
2026-01-06 11:45:41.264 [info] Sync done. Took 237ms
2026-01-06 11:45:53.811 [info] [AutoSync] Triggered by Activity
2026-01-06 11:45:53.811 [info] Sync started.
2026-01-06 11:45:54.013 [info] Settings: No changes found during synchronizing settings.
2026-01-06 11:45:54.015 [info] Keybindings: No changes found during synchronizing keybindings.
2026-01-06 11:45:54.017 [info] Snippets: No changes found during synchronizing snippets.
2026-01-06 11:45:54.018 [info] Tasks: No changes found during synchronizing tasks.
2026-01-06 11:45:54.019 [info] Mcp: No changes found during synchronizing mcp.
2026-01-06 11:45:54.020 [info] GlobalState: No changes found during synchronizing ui state.
2026-01-06 11:45:54.042 [info] Extensions: No changes found during synchronizing extensions.
2026-01-06 11:45:54.044 [info] Prompts: No changes found during synchronizing prompts.
2026-01-06 11:45:54.044 [info] Profiles: No changes found during synchronizing profiles.
2026-01-06 11:45:54.045 [info] Sync done. Took 237ms
2026-01-06 11:48:45.799 [info] [AutoSync] Triggered by Activity
2026-01-06 11:48:45.799 [info] Sync started.
2026-01-06 11:48:57.358 [info] Settings: No changes found during synchronizing settings.
2026-01-06 11:48:57.364 [info] Keybindings: No changes found during synchronizing keybindings.
2026-01-06 11:48:57.369 [info] Snippets: No changes found during synchronizing snippets.
2026-01-06 11:48:57.371 [info] Tasks: No changes found during synchronizing tasks.
2026-01-06 11:48:57.374 [info] Mcp: No changes found during synchronizing mcp.
2026-01-06 11:48:57.376 [info] GlobalState: No changes found during synchronizing ui state.
2026-01-06 11:48:57.409 [info] Extensions: No changes found during synchronizing extensions.
2026-01-06 11:48:57.412 [info] Prompts: No changes found during synchronizing prompts.
2026-01-06 11:48:57.412 [info] Profiles: No changes found during synchronizing profiles.
2026-01-06 11:48:57.413 [info] Sync done. Took 11615ms
2026-01-06 11:49:06.170 [info] [AutoSync] Triggered by Activity
2026-01-06 11:49:06.170 [info] Sync started.
2026-01-06 11:49:22.516 [info] Settings: No changes found during synchronizing settings.
2026-01-06 11:49:22.518 [info] Keybindings: No changes found during synchronizing keybindings.
2026-01-06 11:49:22.519 [info] Snippets: No changes found during synchronizing snippets.
2026-01-06 11:49:22.520 [info] Tasks: No changes found during synchronizing tasks.
2026-01-06 11:49:22.521 [info] Mcp: No changes found during synchronizing mcp.
2026-01-06 11:49:22.523 [info] GlobalState: No changes found during synchronizing ui state.
2026-01-06 11:49:22.548 [info] Extensions: No changes found during synchronizing extensions.
2026-01-06 11:49:22.549 [info] Prompts: No changes found during synchronizing prompts.
2026-01-06 11:49:22.549 [info] Profiles: No changes found during synchronizing profiles.
2026-01-06 11:49:22.549 [info] Sync done. Took 16381ms
2026-01-06 11:49:47.678 [info] [AutoSync] Triggered by Activity
2026-01-06 11:49:47.680 [info] Sync started.
2026-01-06 11:49:57.884 [info] Settings: No changes found during synchronizing settings.
2026-01-06 11:49:57.886 [info] Keybindings: No changes found during synchronizing keybindings.
2026-01-06 11:49:57.887 [info] Snippets: No changes found during synchronizing snippets.
2026-01-06 11:49:57.888 [info] Tasks: No changes found during synchronizing tasks.
2026-01-06 11:49:57.889 [info] Mcp: No changes found during synchronizing mcp.
2026-01-06 11:49:57.890 [info] GlobalState: No changes found during synchronizing ui state.
2026-01-06 11:49:57.915 [info] Extensions: No changes found during synchronizing extensions.
2026-01-06 11:49:57.918 [info] Prompts: No changes found during synchronizing prompts.
2026-01-06 11:49:57.918 [info] Profiles: No changes found during synchronizing profiles.
2026-01-06 11:49:57.919 [info] Sync done. Took 10244ms
2026-01-06 11:50:32.983 [info] [AutoSync] Triggered by Activity
2026-01-06 11:50:32.984 [info] Sync started.
2026-01-06 11:50:33.963 [info] Settings: No changes found during synchronizing settings.
2026-01-06 11:50:33.963 [info] Keybindings: No changes found during synchronizing keybindings.
2026-01-06 11:50:33.964 [info] Snippets: No changes found during synchronizing snippets.
2026-01-06 11:50:33.965 [info] Tasks: No changes found during synchronizing tasks.
2026-01-06 11:50:33.966 [info] Mcp: No changes found during synchronizing mcp.
2026-01-06 11:50:33.967 [info] GlobalState: No changes found during synchronizing ui state.
2026-01-06 11:50:33.988 [info] Extensions: No changes found during synchronizing extensions.
2026-01-06 11:50:33.990 [info] Prompts: No changes found during synchronizing prompts.
2026-01-06 11:50:33.990 [info] Profiles: No changes found during synchronizing profiles.
2026-01-06 11:50:33.991 [info] Sync done. Took 1010ms
2026-01-06 11:51:25.894 [info] [AutoSync] Triggered by Activity
2026-01-06 11:51:25.895 [info] Sync started.
2026-01-06 11:51:26.119 [info] Settings: No changes found during synchronizing settings.
2026-01-06 11:51:26.121 [info] Keybindings: No changes found during synchronizing keybindings.
2026-01-06 11:51:26.122 [info] Snippets: No changes found during synchronizing snippets.
2026-01-06 11:51:26.123 [info] Tasks: No changes found during synchronizing tasks.
2026-01-06 11:51:26.124 [info] Mcp: No changes found during synchronizing mcp.
2026-01-06 11:51:26.125 [info] GlobalState: No changes found during synchronizing ui state.
2026-01-06 11:51:26.154 [info] Extensions: No changes found during synchronizing extensions.
2026-01-06 11:51:26.155 [info] Prompts: No changes found during synchronizing prompts.
2026-01-06 11:51:26.155 [info] Profiles: No changes found during synchronizing profiles.
2026-01-06 11:51:26.156 [info] Sync done. Took 264ms
2026-01-06 11:51:38.613 [info] [AutoSync] Triggered by Activity
2026-01-06 11:51:38.613 [info] Sync started.
2026-01-06 11:51:38.820 [info] Settings: No changes found during synchronizing settings.
2026-01-06 11:51:38.822 [info] Keybindings: No changes found during synchronizing keybindings.
2026-01-06 11:51:38.823 [info] Snippets: No changes found during synchronizing snippets.
2026-01-06 11:51:38.824 [info] Tasks: No changes found during synchronizing tasks.
2026-01-06 11:51:38.825 [info] Mcp: No changes found during synchronizing mcp.
2026-01-06 11:51:38.826 [info] GlobalState: No changes found during synchronizing ui state.
2026-01-06 11:51:38.851 [info] Extensions: No changes found during synchronizing extensions.
2026-01-06 11:51:38.851 [info] Prompts: No changes found during synchronizing prompts.
2026-01-06 11:51:38.852 [info] Profiles: No changes found during synchronizing profiles.
2026-01-06 11:51:38.852 [info] Sync done. Took 240ms
2026-01-06 11:56:38.856 [info] [AutoSync] Triggered by Interval
2026-01-06 11:56:38.857 [info] Sync started.
2026-01-06 11:56:39.693 [info] Settings: No changes found during synchronizing settings.
2026-01-06 11:56:39.695 [info] Keybindings: No changes found during synchronizing keybindings.
2026-01-06 11:56:39.697 [info] Snippets: No changes found during synchronizing snippets.
2026-01-06 11:56:39.699 [info] Tasks: No changes found during synchronizing tasks.
2026-01-06 11:56:39.699 [info] Mcp: No changes found during synchronizing mcp.
2026-01-06 11:56:39.701 [info] GlobalState: No changes found during synchronizing ui state.
2026-01-06 11:56:39.722 [info] Extensions: No changes found during synchronizing extensions.
2026-01-06 11:56:39.723 [info] Prompts: No changes found during synchronizing prompts.
2026-01-06 11:56:39.724 [info] Profiles: No changes found during synchronizing profiles.
2026-01-06 11:56:39.724 [info] Sync done. Took 871ms
2026-01-06 11:57:09.468 [info] [AutoSync] Triggered by Activity
2026-01-06 11:57:09.468 [info] Sync started.
2026-01-06 11:57:09.666 [info] Settings: No changes found during synchronizing settings.
2026-01-06 11:57:09.670 [info] Keybindings: No changes found during synchronizing keybindings.
2026-01-06 11:57:09.677 [info] Snippets: No changes found during synchronizing snippets.
2026-01-06 11:57:09.680 [info] Tasks: No changes found during synchronizing tasks.
2026-01-06 11:57:09.682 [info] Mcp: No changes found during synchronizing mcp.
2026-01-06 11:57:09.686 [info] GlobalState: No changes found during synchronizing ui state.
2026-01-06 11:57:09.715 [info] Extensions: No changes found during synchronizing extensions.
2026-01-06 11:57:09.718 [info] Prompts: No changes found during synchronizing prompts.
2026-01-06 11:57:09.719 [info] Profiles: No changes found during synchronizing profiles.
2026-01-06 11:57:09.719 [info] Sync done. Took 255ms
2026-01-06 11:57:39.950 [info] [AutoSync] Triggered by Activity
2026-01-06 11:57:39.951 [info] Sync started.
2026-01-06 11:57:40.170 [info] Settings: No changes found during synchronizing settings.
2026-01-06 11:57:40.173 [info] Keybindings: No changes found during synchronizing keybindings.
2026-01-06 11:57:40.175 [info] Snippets: No changes found during synchronizing snippets.
2026-01-06 11:57:40.176 [info] Tasks: No changes found during synchronizing tasks.
2026-01-06 11:57:40.177 [info] Mcp: No changes found during synchronizing mcp.
2026-01-06 11:57:40.179 [info] GlobalState: No changes found during synchronizing ui state.
2026-01-06 11:57:40.202 [info] Extensions: No changes found during synchronizing extensions.
2026-01-06 11:57:40.203 [info] Prompts: No changes found during synchronizing prompts.
2026-01-06 11:57:40.203 [info] Profiles: No changes found during synchronizing profiles.
2026-01-06 11:57:40.203 [info] Sync done. Took 256ms
2026-01-06 12:00:04.167 [info] [AutoSync] Triggered by Activity
2026-01-06 12:00:04.167 [info] Sync started.
2026-01-06 12:00:05.024 [info] Settings: No changes found during synchronizing settings.
2026-01-06 12:00:05.025 [info] Keybindings: No changes found during synchronizing keybindings.
2026-01-06 12:00:05.027 [info] Snippets: No changes found during synchronizing snippets.
2026-01-06 12:00:05.027 [info] Tasks: No changes found during synchronizing tasks.
2026-01-06 12:00:05.028 [info] Mcp: No changes found during synchronizing mcp.
2026-01-06 12:00:05.030 [info] GlobalState: No changes found during synchronizing ui state.
2026-01-06 12:00:05.059 [info] Extensions: No changes found during synchronizing extensions.
2026-01-06 12:00:05.060 [info] Prompts: No changes found during synchronizing prompts.
2026-01-06 12:00:05.061 [info] Profiles: No changes found during synchronizing profiles.
2026-01-06 12:00:05.061 [info] Sync done. Took 898ms
