11/13/2025, 7:35:50 PM GMT-3 [Modules] Modules initializing
11/13/2025, 7:35:50 PM GMT-3 [Modules] Distribution: remote
11/13/2025, 7:35:50 PM GMT-3 [Modules] Host updates: enabled
11/13/2025, 7:35:50 PM GMT-3 [Modules] Module updates: enabled
11/13/2025, 7:35:50 PM GMT-3 [Modules] Module install path: /home/van/.config/discord/0.0.114/modules
11/13/2025, 7:35:50 PM GMT-3 [Modules] Module installed file path: /home/van/.config/discord/0.0.114/modules/installed.json
11/13/2025, 7:35:50 PM GMT-3 [Modules] Module download path: /home/van/.config/discord/0.0.114/modules/pending
11/13/2025, 7:35:50 PM GMT-3 [Modules] Bootstrapping...
11/13/2025, 7:35:50 PM GMT-3 [Modules] Installing discord_desktop_core@0 from /opt/discord/resources/bootstrap/discord_desktop_core.zip
11/13/2025, 7:35:50 PM GMT-3 [Modules] Failed installing discord_desktop_core@0: Error: ENOENT: no such file or directory, open '/opt/discord/resources/bootstrap/discord_desktop_core.zip'
11/13/2025, 7:35:50 PM GMT-3 [Modules] Installing discord_erlpack@0 from /opt/discord/resources/bootstrap/discord_erlpack.zip
11/13/2025, 7:35:50 PM GMT-3 [Modules] Failed installing discord_erlpack@0: Error: ENOENT: no such file or directory, open '/opt/discord/resources/bootstrap/discord_erlpack.zip'
11/13/2025, 7:35:50 PM GMT-3 [Modules] Installing discord_spellcheck@0 from /opt/discord/resources/bootstrap/discord_spellcheck.zip
11/13/2025, 7:35:50 PM GMT-3 [Modules] Failed installing discord_spellcheck@0: Error: ENOENT: no such file or directory, open '/opt/discord/resources/bootstrap/discord_spellcheck.zip'
11/13/2025, 7:35:50 PM GMT-3 [Modules] Installing discord_utils@0 from /opt/discord/resources/bootstrap/discord_utils.zip
11/13/2025, 7:35:50 PM GMT-3 [Modules] Failed installing discord_utils@0: Error: ENOENT: no such file or directory, open '/opt/discord/resources/bootstrap/discord_utils.zip'
11/13/2025, 7:35:50 PM GMT-3 [Modules] Installing discord_voice@0 from /opt/discord/resources/bootstrap/discord_voice.zip
11/13/2025, 7:35:50 PM GMT-3 [Modules] Failed installing discord_voice@0: Error: ENOENT: no such file or directory, open '/opt/discord/resources/bootstrap/discord_voice.zip'
11/13/2025, 7:35:50 PM GMT-3 [Modules] Installing discord_zstd@0 from /opt/discord/resources/bootstrap/discord_zstd.zip
11/13/2025, 7:35:50 PM GMT-3 [Modules] Failed installing discord_zstd@0: Error: ENOENT: no such file or directory, open '/opt/discord/resources/bootstrap/discord_zstd.zip'
11/13/2025, 7:35:50 PM GMT-3 [Modules] Finished module installations. [success: 0] [failure: 6]
11/13/2025, 7:35:50 PM GMT-3 [Modules] Checking for host updates.
11/13/2025, 7:35:51 PM GMT-3 [Modules] Host is up to date.
11/13/2025, 7:35:51 PM GMT-3 [Modules] Checking for module updates at https://discord.com/api/modules/stable/versions.json
11/13/2025, 7:35:51 PM GMT-3 [Modules] Module update available: discord_desktop_core@1 [installed: 0]
11/13/2025, 7:35:51 PM GMT-3 [Modules] Module update available: discord_erlpack@1 [installed: 0]
11/13/2025, 7:35:51 PM GMT-3 [Modules] Module update available: discord_spellcheck@1 [installed: 0]
11/13/2025, 7:35:51 PM GMT-3 [Modules] Module update available: discord_utils@1 [installed: 0]
11/13/2025, 7:35:51 PM GMT-3 [Modules] Module update available: discord_voice@1 [installed: 0]
11/13/2025, 7:35:51 PM GMT-3 [Modules] Module update available: discord_zstd@1 [installed: 0]
11/13/2025, 7:35:51 PM GMT-3 [Modules] Fetching discord_desktop_core@1 from https://discord.com/api/modules/stable/discord_desktop_core/1
11/13/2025, 7:35:51 PM GMT-3 [Modules] Streaming discord_desktop_core@1 to /home/van/.config/discord/0.0.114/modules/pending/discord_desktop_core-1.zip
11/13/2025, 7:35:51 PM GMT-3 [Modules] Streaming discord_desktop_core@1 to /home/van/.config/discord/0.0.114/modules/pending/discord_desktop_core-1.zip: 1%
11/13/2025, 7:35:51 PM GMT-3 [Modules] Streaming discord_desktop_core@1 to /home/van/.config/discord/0.0.114/modules/pending/discord_desktop_core-1.zip: 2%
11/13/2025, 7:35:51 PM GMT-3 [Modules] Streaming discord_desktop_core@1 to /home/van/.config/discord/0.0.114/modules/pending/discord_desktop_core-1.zip: 3%
11/13/2025, 7:35:51 PM GMT-3 [Modules] Streaming discord_desktop_core@1 to /home/van/.config/discord/0.0.114/modules/pending/discord_desktop_core-1.zip: 4%
11/13/2025, 7:35:51 PM GMT-3 [Modules] Streaming discord_desktop_core@1 to /home/van/.config/discord/0.0.114/modules/pending/discord_desktop_core-1.zip: 5%
11/13/2025, 7:35:51 PM GMT-3 [Modules] Streaming discord_desktop_core@1 to /home/van/.config/discord/0.0.114/modules/pending/discord_desktop_core-1.zip: 6%
11/13/2025, 7:35:51 PM GMT-3 [Modules] Streaming discord_desktop_core@1 to /home/van/.config/discord/0.0.114/modules/pending/discord_desktop_core-1.zip: 7%
11/13/2025, 7:35:51 PM GMT-3 [Modules] Streaming discord_desktop_core@1 to /home/van/.config/discord/0.0.114/modules/pending/discord_desktop_core-1.zip: 8%
11/13/2025, 7:35:51 PM GMT-3 [Modules] Streaming discord_desktop_core@1 to /home/van/.config/discord/0.0.114/modules/pending/discord_desktop_core-1.zip: 9%
11/13/2025, 7:35:51 PM GMT-3 [Modules] Streaming discord_desktop_core@1 to /home/van/.config/discord/0.0.114/modules/pending/discord_desktop_core-1.zip: 11%
11/13/2025, 7:35:51 PM GMT-3 [Modules] Streaming discord_desktop_core@1 to /home/van/.config/discord/0.0.114/modules/pending/discord_desktop_core-1.zip: 13%
11/13/2025, 7:35:51 PM GMT-3 [Modules] Streaming discord_desktop_core@1 to /home/van/.config/discord/0.0.114/modules/pending/discord_desktop_core-1.zip: 14%
11/13/2025, 7:35:51 PM GMT-3 [Modules] Streaming discord_desktop_core@1 to /home/van/.config/discord/0.0.114/modules/pending/discord_desktop_core-1.zip: 17%
11/13/2025, 7:35:51 PM GMT-3 [Modules] Streaming discord_desktop_core@1 to /home/van/.config/discord/0.0.114/modules/pending/discord_desktop_core-1.zip: 18%
11/13/2025, 7:35:51 PM GMT-3 [Modules] Streaming discord_desktop_core@1 to /home/van/.config/discord/0.0.114/modules/pending/discord_desktop_core-1.zip: 19%
11/13/2025, 7:35:51 PM GMT-3 [Modules] Streaming discord_desktop_core@1 to /home/van/.config/discord/0.0.114/modules/pending/discord_desktop_core-1.zip: 20%
11/13/2025, 7:35:51 PM GMT-3 [Modules] Streaming discord_desktop_core@1 to /home/van/.config/discord/0.0.114/modules/pending/discord_desktop_core-1.zip: 21%
11/13/2025, 7:35:51 PM GMT-3 [Modules] Streaming discord_desktop_core@1 to /home/van/.config/discord/0.0.114/modules/pending/discord_desktop_core-1.zip: 22%
11/13/2025, 7:35:51 PM GMT-3 [Modules] Streaming discord_desktop_core@1 to /home/van/.config/discord/0.0.114/modules/pending/discord_desktop_core-1.zip: 25%
11/13/2025, 7:35:51 PM GMT-3 [Modules] Streaming discord_desktop_core@1 to /home/van/.config/discord/0.0.114/modules/pending/discord_desktop_core-1.zip: 26%
11/13/2025, 7:35:51 PM GMT-3 [Modules] Streaming discord_desktop_core@1 to /home/van/.config/discord/0.0.114/modules/pending/discord_desktop_core-1.zip: 28%
11/13/2025, 7:35:51 PM GMT-3 [Modules] Streaming discord_desktop_core@1 to /home/van/.config/discord/0.0.114/modules/pending/discord_desktop_core-1.zip: 29%
11/13/2025, 7:35:51 PM GMT-3 [Modules] Streaming discord_desktop_core@1 to /home/van/.config/discord/0.0.114/modules/pending/discord_desktop_core-1.zip: 32%
11/13/2025, 7:35:51 PM GMT-3 [Modules] Streaming discord_desktop_core@1 to /home/van/.config/discord/0.0.114/modules/pending/discord_desktop_core-1.zip: 33%
11/13/2025, 7:35:51 PM GMT-3 [Modules] Streaming discord_desktop_core@1 to /home/van/.config/discord/0.0.114/modules/pending/discord_desktop_core-1.zip: 34%
11/13/2025, 7:35:52 PM GMT-3 [Modules] Streaming discord_desktop_core@1 to /home/van/.config/discord/0.0.114/modules/pending/discord_desktop_core-1.zip: 35%
11/13/2025, 7:35:52 PM GMT-3 [Modules] Streaming discord_desktop_core@1 to /home/van/.config/discord/0.0.114/modules/pending/discord_desktop_core-1.zip: 38%
11/13/2025, 7:35:52 PM GMT-3 [Modules] Streaming discord_desktop_core@1 to /home/van/.config/discord/0.0.114/modules/pending/discord_desktop_core-1.zip: 41%
11/13/2025, 7:35:52 PM GMT-3 [Modules] Streaming discord_desktop_core@1 to /home/van/.config/discord/0.0.114/modules/pending/discord_desktop_core-1.zip: 42%
11/13/2025, 7:35:52 PM GMT-3 [Modules] Streaming discord_desktop_core@1 to /home/van/.config/discord/0.0.114/modules/pending/discord_desktop_core-1.zip: 46%
11/13/2025, 7:35:52 PM GMT-3 [Modules] Streaming discord_desktop_core@1 to /home/van/.config/discord/0.0.114/modules/pending/discord_desktop_core-1.zip: 47%
11/13/2025, 7:35:52 PM GMT-3 [Modules] Streaming discord_desktop_core@1 to /home/van/.config/discord/0.0.114/modules/pending/discord_desktop_core-1.zip: 48%
11/13/2025, 7:35:52 PM GMT-3 [Modules] Streaming discord_desktop_core@1 to /home/van/.config/discord/0.0.114/modules/pending/discord_desktop_core-1.zip: 49%
11/13/2025, 7:35:52 PM GMT-3 [Modules] Streaming discord_desktop_core@1 to /home/van/.config/discord/0.0.114/modules/pending/discord_desktop_core-1.zip: 52%
11/13/2025, 7:35:52 PM GMT-3 [Modules] Streaming discord_desktop_core@1 to /home/van/.config/discord/0.0.114/modules/pending/discord_desktop_core-1.zip: 54%
11/13/2025, 7:35:52 PM GMT-3 [Modules] Streaming discord_desktop_core@1 to /home/van/.config/discord/0.0.114/modules/pending/discord_desktop_core-1.zip: 58%
11/13/2025, 7:35:52 PM GMT-3 [Modules] Streaming discord_desktop_core@1 to /home/van/.config/discord/0.0.114/modules/pending/discord_desktop_core-1.zip: 62%
11/13/2025, 7:35:52 PM GMT-3 [Modules] Streaming discord_desktop_core@1 to /home/van/.config/discord/0.0.114/modules/pending/discord_desktop_core-1.zip: 66%
11/13/2025, 7:35:52 PM GMT-3 [Modules] Streaming discord_desktop_core@1 to /home/van/.config/discord/0.0.114/modules/pending/discord_desktop_core-1.zip: 69%
11/13/2025, 7:35:52 PM GMT-3 [Modules] Streaming discord_desktop_core@1 to /home/van/.config/discord/0.0.114/modules/pending/discord_desktop_core-1.zip: 70%
11/13/2025, 7:35:52 PM GMT-3 [Modules] Streaming discord_desktop_core@1 to /home/van/.config/discord/0.0.114/modules/pending/discord_desktop_core-1.zip: 72%
11/13/2025, 7:35:52 PM GMT-3 [Modules] Streaming discord_desktop_core@1 to /home/van/.config/discord/0.0.114/modules/pending/discord_desktop_core-1.zip: 73%
11/13/2025, 7:35:52 PM GMT-3 [Modules] Streaming discord_desktop_core@1 to /home/van/.config/discord/0.0.114/modules/pending/discord_desktop_core-1.zip: 74%
11/13/2025, 7:35:52 PM GMT-3 [Modules] Streaming discord_desktop_core@1 to /home/van/.config/discord/0.0.114/modules/pending/discord_desktop_core-1.zip: 79%
11/13/2025, 7:35:52 PM GMT-3 [Modules] Streaming discord_desktop_core@1 to /home/van/.config/discord/0.0.114/modules/pending/discord_desktop_core-1.zip: 83%
11/13/2025, 7:35:52 PM GMT-3 [Modules] Streaming discord_desktop_core@1 to /home/van/.config/discord/0.0.114/modules/pending/discord_desktop_core-1.zip: 87%
11/13/2025, 7:35:52 PM GMT-3 [Modules] Streaming discord_desktop_core@1 to /home/van/.config/discord/0.0.114/modules/pending/discord_desktop_core-1.zip: 90%
11/13/2025, 7:35:52 PM GMT-3 [Modules] Streaming discord_desktop_core@1 to /home/van/.config/discord/0.0.114/modules/pending/discord_desktop_core-1.zip: 92%
11/13/2025, 7:35:52 PM GMT-3 [Modules] Streaming discord_desktop_core@1 to /home/van/.config/discord/0.0.114/modules/pending/discord_desktop_core-1.zip: 95%
11/13/2025, 7:35:52 PM GMT-3 [Modules] Streaming discord_desktop_core@1 to /home/van/.config/discord/0.0.114/modules/pending/discord_desktop_core-1.zip: 98%
11/13/2025, 7:35:52 PM GMT-3 [Modules] Streaming discord_desktop_core@1 to /home/van/.config/discord/0.0.114/modules/pending/discord_desktop_core-1.zip: 100%
11/13/2025, 7:35:52 PM GMT-3 [Modules] Fetching discord_erlpack@1 from https://discord.com/api/modules/stable/discord_erlpack/1
11/13/2025, 7:35:52 PM GMT-3 [Modules] Streaming discord_erlpack@1 to /home/van/.config/discord/0.0.114/modules/pending/discord_erlpack-1.zip
11/13/2025, 7:35:52 PM GMT-3 [Modules] Streaming discord_erlpack@1 to /home/van/.config/discord/0.0.114/modules/pending/discord_erlpack-1.zip: 6%
11/13/2025, 7:35:52 PM GMT-3 [Modules] Streaming discord_erlpack@1 to /home/van/.config/discord/0.0.114/modules/pending/discord_erlpack-1.zip: 24%
11/13/2025, 7:35:52 PM GMT-3 [Modules] Streaming discord_erlpack@1 to /home/van/.config/discord/0.0.114/modules/pending/discord_erlpack-1.zip: 43%
11/13/2025, 7:35:52 PM GMT-3 [Modules] Streaming discord_erlpack@1 to /home/van/.config/discord/0.0.114/modules/pending/discord_erlpack-1.zip: 46%
11/13/2025, 7:35:52 PM GMT-3 [Modules] Streaming discord_erlpack@1 to /home/van/.config/discord/0.0.114/modules/pending/discord_erlpack-1.zip: 48%
11/13/2025, 7:35:52 PM GMT-3 [Modules] Streaming discord_erlpack@1 to /home/van/.config/discord/0.0.114/modules/pending/discord_erlpack-1.zip: 55%
11/13/2025, 7:35:52 PM GMT-3 [Modules] Streaming discord_erlpack@1 to /home/van/.config/discord/0.0.114/modules/pending/discord_erlpack-1.zip: 72%
11/13/2025, 7:35:52 PM GMT-3 [Modules] Streaming discord_erlpack@1 to /home/van/.config/discord/0.0.114/modules/pending/discord_erlpack-1.zip: 78%
11/13/2025, 7:35:52 PM GMT-3 [Modules] Streaming discord_erlpack@1 to /home/van/.config/discord/0.0.114/modules/pending/discord_erlpack-1.zip: 88%
11/13/2025, 7:35:52 PM GMT-3 [Modules] Streaming discord_erlpack@1 to /home/van/.config/discord/0.0.114/modules/pending/discord_erlpack-1.zip: 89%
11/13/2025, 7:35:52 PM GMT-3 [Modules] Streaming discord_erlpack@1 to /home/van/.config/discord/0.0.114/modules/pending/discord_erlpack-1.zip: 91%
11/13/2025, 7:35:52 PM GMT-3 [Modules] Streaming discord_erlpack@1 to /home/van/.config/discord/0.0.114/modules/pending/discord_erlpack-1.zip: 94%
11/13/2025, 7:35:52 PM GMT-3 [Modules] Streaming discord_erlpack@1 to /home/van/.config/discord/0.0.114/modules/pending/discord_erlpack-1.zip: 97%
11/13/2025, 7:35:52 PM GMT-3 [Modules] Streaming discord_erlpack@1 to /home/van/.config/discord/0.0.114/modules/pending/discord_erlpack-1.zip: 100%
11/13/2025, 7:35:52 PM GMT-3 [Modules] Fetching discord_spellcheck@1 from https://discord.com/api/modules/stable/discord_spellcheck/1
11/13/2025, 7:35:52 PM GMT-3 [Modules] Streaming discord_spellcheck@1 to /home/van/.config/discord/0.0.114/modules/pending/discord_spellcheck-1.zip
11/13/2025, 7:35:52 PM GMT-3 [Modules] Streaming discord_spellcheck@1 to /home/van/.config/discord/0.0.114/modules/pending/discord_spellcheck-1.zip: 1%
11/13/2025, 7:35:52 PM GMT-3 [Modules] Streaming discord_spellcheck@1 to /home/van/.config/discord/0.0.114/modules/pending/discord_spellcheck-1.zip: 2%
11/13/2025, 7:35:52 PM GMT-3 [Modules] Streaming discord_spellcheck@1 to /home/van/.config/discord/0.0.114/modules/pending/discord_spellcheck-1.zip: 3%
11/13/2025, 7:35:52 PM GMT-3 [Modules] Streaming discord_spellcheck@1 to /home/van/.config/discord/0.0.114/modules/pending/discord_spellcheck-1.zip: 4%
11/13/2025, 7:35:52 PM GMT-3 [Modules] Streaming discord_spellcheck@1 to /home/van/.config/discord/0.0.114/modules/pending/discord_spellcheck-1.zip: 5%
11/13/2025, 7:35:52 PM GMT-3 [Modules] Streaming discord_spellcheck@1 to /home/van/.config/discord/0.0.114/modules/pending/discord_spellcheck-1.zip: 6%
11/13/2025, 7:35:52 PM GMT-3 [Modules] Streaming discord_spellcheck@1 to /home/van/.config/discord/0.0.114/modules/pending/discord_spellcheck-1.zip: 7%
11/13/2025, 7:35:52 PM GMT-3 [Modules] Streaming discord_spellcheck@1 to /home/van/.config/discord/0.0.114/modules/pending/discord_spellcheck-1.zip: 8%
11/13/2025, 7:35:52 PM GMT-3 [Modules] Streaming discord_spellcheck@1 to /home/van/.config/discord/0.0.114/modules/pending/discord_spellcheck-1.zip: 9%
11/13/2025, 7:35:52 PM GMT-3 [Modules] Streaming discord_spellcheck@1 to /home/van/.config/discord/0.0.114/modules/pending/discord_spellcheck-1.zip: 10%
11/13/2025, 7:35:52 PM GMT-3 [Modules] Streaming discord_spellcheck@1 to /home/van/.config/discord/0.0.114/modules/pending/discord_spellcheck-1.zip: 11%
11/13/2025, 7:35:52 PM GMT-3 [Modules] Streaming discord_spellcheck@1 to /home/van/.config/discord/0.0.114/modules/pending/discord_spellcheck-1.zip: 12%
11/13/2025, 7:35:52 PM GMT-3 [Modules] Streaming discord_spellcheck@1 to /home/van/.config/discord/0.0.114/modules/pending/discord_spellcheck-1.zip: 13%
11/13/2025, 7:35:52 PM GMT-3 [Modules] Streaming discord_spellcheck@1 to /home/van/.config/discord/0.0.114/modules/pending/discord_spellcheck-1.zip: 14%
11/13/2025, 7:35:52 PM GMT-3 [Modules] Streaming discord_spellcheck@1 to /home/van/.config/discord/0.0.114/modules/pending/discord_spellcheck-1.zip: 15%
11/13/2025, 7:35:52 PM GMT-3 [Modules] Streaming discord_spellcheck@1 to /home/van/.config/discord/0.0.114/modules/pending/discord_spellcheck-1.zip: 16%
11/13/2025, 7:35:52 PM GMT-3 [Modules] Streaming discord_spellcheck@1 to /home/van/.config/discord/0.0.114/modules/pending/discord_spellcheck-1.zip: 17%
11/13/2025, 7:35:52 PM GMT-3 [Modules] Streaming discord_spellcheck@1 to /home/van/.config/discord/0.0.114/modules/pending/discord_spellcheck-1.zip: 18%
11/13/2025, 7:35:52 PM GMT-3 [Modules] Streaming discord_spellcheck@1 to /home/van/.config/discord/0.0.114/modules/pending/discord_spellcheck-1.zip: 19%
11/13/2025, 7:35:52 PM GMT-3 [Modules] Streaming discord_spellcheck@1 to /home/van/.config/discord/0.0.114/modules/pending/discord_spellcheck-1.zip: 20%
11/13/2025, 7:35:52 PM GMT-3 [Modules] Streaming discord_spellcheck@1 to /home/van/.config/discord/0.0.114/modules/pending/discord_spellcheck-1.zip: 21%
11/13/2025, 7:35:52 PM GMT-3 [Modules] Streaming discord_spellcheck@1 to /home/van/.config/discord/0.0.114/modules/pending/discord_spellcheck-1.zip: 22%
11/13/2025, 7:35:52 PM GMT-3 [Modules] Streaming discord_spellcheck@1 to /home/van/.config/discord/0.0.114/modules/pending/discord_spellcheck-1.zip: 23%
11/13/2025, 7:35:52 PM GMT-3 [Modules] Streaming discord_spellcheck@1 to /home/van/.config/discord/0.0.114/modules/pending/discord_spellcheck-1.zip: 24%
11/13/2025, 7:35:52 PM GMT-3 [Modules] Streaming discord_spellcheck@1 to /home/van/.config/discord/0.0.114/modules/pending/discord_spellcheck-1.zip: 25%
11/13/2025, 7:35:52 PM GMT-3 [Modules] Streaming discord_spellcheck@1 to /home/van/.config/discord/0.0.114/modules/pending/discord_spellcheck-1.zip: 26%
11/13/2025, 7:35:52 PM GMT-3 [Modules] Streaming discord_spellcheck@1 to /home/van/.config/discord/0.0.114/modules/pending/discord_spellcheck-1.zip: 27%
11/13/2025, 7:35:52 PM GMT-3 [Modules] Streaming discord_spellcheck@1 to /home/van/.config/discord/0.0.114/modules/pending/discord_spellcheck-1.zip: 28%
11/13/2025, 7:35:52 PM GMT-3 [Modules] Streaming discord_spellcheck@1 to /home/van/.config/discord/0.0.114/modules/pending/discord_spellcheck-1.zip: 29%
11/13/2025, 7:35:52 PM GMT-3 [Modules] Streaming discord_spellcheck@1 to /home/van/.config/discord/0.0.114/modules/pending/discord_spellcheck-1.zip: 30%
11/13/2025, 7:35:52 PM GMT-3 [Modules] Streaming discord_spellcheck@1 to /home/van/.config/discord/0.0.114/modules/pending/discord_spellcheck-1.zip: 31%
11/13/2025, 7:35:52 PM GMT-3 [Modules] Streaming discord_spellcheck@1 to /home/van/.config/discord/0.0.114/modules/pending/discord_spellcheck-1.zip: 32%
11/13/2025, 7:35:52 PM GMT-3 [Modules] Streaming discord_spellcheck@1 to /home/van/.config/discord/0.0.114/modules/pending/discord_spellcheck-1.zip: 33%
11/13/2025, 7:35:52 PM GMT-3 [Modules] Streaming discord_spellcheck@1 to /home/van/.config/discord/0.0.114/modules/pending/discord_spellcheck-1.zip: 34%
11/13/2025, 7:35:52 PM GMT-3 [Modules] Streaming discord_spellcheck@1 to /home/van/.config/discord/0.0.114/modules/pending/discord_spellcheck-1.zip: 35%
11/13/2025, 7:35:52 PM GMT-3 [Modules] Streaming discord_spellcheck@1 to /home/van/.config/discord/0.0.114/modules/pending/discord_spellcheck-1.zip: 36%
11/13/2025, 7:35:52 PM GMT-3 [Modules] Streaming discord_spellcheck@1 to /home/van/.config/discord/0.0.114/modules/pending/discord_spellcheck-1.zip: 37%
11/13/2025, 7:35:52 PM GMT-3 [Modules] Streaming discord_spellcheck@1 to /home/van/.config/discord/0.0.114/modules/pending/discord_spellcheck-1.zip: 38%
11/13/2025, 7:35:52 PM GMT-3 [Modules] Streaming discord_spellcheck@1 to /home/van/.config/discord/0.0.114/modules/pending/discord_spellcheck-1.zip: 39%
11/13/2025, 7:35:52 PM GMT-3 [Modules] Streaming discord_spellcheck@1 to /home/van/.config/discord/0.0.114/modules/pending/discord_spellcheck-1.zip: 40%
11/13/2025, 7:35:52 PM GMT-3 [Modules] Streaming discord_spellcheck@1 to /home/van/.config/discord/0.0.114/modules/pending/discord_spellcheck-1.zip: 41%
11/13/2025, 7:35:52 PM GMT-3 [Modules] Streaming discord_spellcheck@1 to /home/van/.config/discord/0.0.114/modules/pending/discord_spellcheck-1.zip: 42%
11/13/2025, 7:35:52 PM GMT-3 [Modules] Streaming discord_spellcheck@1 to /home/van/.config/discord/0.0.114/modules/pending/discord_spellcheck-1.zip: 43%
11/13/2025, 7:35:53 PM GMT-3 [Modules] Streaming discord_spellcheck@1 to /home/van/.config/discord/0.0.114/modules/pending/discord_spellcheck-1.zip: 44%
11/13/2025, 7:35:53 PM GMT-3 [Modules] Streaming discord_spellcheck@1 to /home/van/.config/discord/0.0.114/modules/pending/discord_spellcheck-1.zip: 45%
11/13/2025, 7:35:53 PM GMT-3 [Modules] Streaming discord_spellcheck@1 to /home/van/.config/discord/0.0.114/modules/pending/discord_spellcheck-1.zip: 47%
11/13/2025, 7:35:53 PM GMT-3 [Modules] Streaming discord_spellcheck@1 to /home/van/.config/discord/0.0.114/modules/pending/discord_spellcheck-1.zip: 48%
11/13/2025, 7:35:53 PM GMT-3 [Modules] Streaming discord_spellcheck@1 to /home/van/.config/discord/0.0.114/modules/pending/discord_spellcheck-1.zip: 50%
11/13/2025, 7:35:53 PM GMT-3 [Modules] Streaming discord_spellcheck@1 to /home/van/.config/discord/0.0.114/modules/pending/discord_spellcheck-1.zip: 51%
11/13/2025, 7:35:53 PM GMT-3 [Modules] Streaming discord_spellcheck@1 to /home/van/.config/discord/0.0.114/modules/pending/discord_spellcheck-1.zip: 52%
11/13/2025, 7:35:53 PM GMT-3 [Modules] Streaming discord_spellcheck@1 to /home/van/.config/discord/0.0.114/modules/pending/discord_spellcheck-1.zip: 54%
11/13/2025, 7:35:53 PM GMT-3 [Modules] Streaming discord_spellcheck@1 to /home/van/.config/discord/0.0.114/modules/pending/discord_spellcheck-1.zip: 55%
11/13/2025, 7:35:53 PM GMT-3 [Modules] Streaming discord_spellcheck@1 to /home/van/.config/discord/0.0.114/modules/pending/discord_spellcheck-1.zip: 56%
11/13/2025, 7:35:53 PM GMT-3 [Modules] Streaming discord_spellcheck@1 to /home/van/.config/discord/0.0.114/modules/pending/discord_spellcheck-1.zip: 57%
11/13/2025, 7:35:53 PM GMT-3 [Modules] Streaming discord_spellcheck@1 to /home/van/.config/discord/0.0.114/modules/pending/discord_spellcheck-1.zip: 58%
11/13/2025, 7:35:53 PM GMT-3 [Modules] Streaming discord_spellcheck@1 to /home/van/.config/discord/0.0.114/modules/pending/discord_spellcheck-1.zip: 59%
11/13/2025, 7:35:53 PM GMT-3 [Modules] Streaming discord_spellcheck@1 to /home/van/.config/discord/0.0.114/modules/pending/discord_spellcheck-1.zip: 60%
11/13/2025, 7:35:53 PM GMT-3 [Modules] Streaming discord_spellcheck@1 to /home/van/.config/discord/0.0.114/modules/pending/discord_spellcheck-1.zip: 61%
11/13/2025, 7:35:53 PM GMT-3 [Modules] Streaming discord_spellcheck@1 to /home/van/.config/discord/0.0.114/modules/pending/discord_spellcheck-1.zip: 62%
11/13/2025, 7:35:53 PM GMT-3 [Modules] Streaming discord_spellcheck@1 to /home/van/.config/discord/0.0.114/modules/pending/discord_spellcheck-1.zip: 63%
11/13/2025, 7:35:53 PM GMT-3 [Modules] Streaming discord_spellcheck@1 to /home/van/.config/discord/0.0.114/modules/pending/discord_spellcheck-1.zip: 64%
11/13/2025, 7:35:53 PM GMT-3 [Modules] Streaming discord_spellcheck@1 to /home/van/.config/discord/0.0.114/modules/pending/discord_spellcheck-1.zip: 65%
11/13/2025, 7:35:53 PM GMT-3 [Modules] Streaming discord_spellcheck@1 to /home/van/.config/discord/0.0.114/modules/pending/discord_spellcheck-1.zip: 66%
11/13/2025, 7:35:53 PM GMT-3 [Modules] Streaming discord_spellcheck@1 to /home/van/.config/discord/0.0.114/modules/pending/discord_spellcheck-1.zip: 67%
11/13/2025, 7:35:53 PM GMT-3 [Modules] Streaming discord_spellcheck@1 to /home/van/.config/discord/0.0.114/modules/pending/discord_spellcheck-1.zip: 69%
11/13/2025, 7:35:53 PM GMT-3 [Modules] Streaming discord_spellcheck@1 to /home/van/.config/discord/0.0.114/modules/pending/discord_spellcheck-1.zip: 70%
11/13/2025, 7:35:53 PM GMT-3 [Modules] Streaming discord_spellcheck@1 to /home/van/.config/discord/0.0.114/modules/pending/discord_spellcheck-1.zip: 73%
11/13/2025, 7:35:53 PM GMT-3 [Modules] Streaming discord_spellcheck@1 to /home/van/.config/discord/0.0.114/modules/pending/discord_spellcheck-1.zip: 74%
11/13/2025, 7:35:53 PM GMT-3 [Modules] Streaming discord_spellcheck@1 to /home/van/.config/discord/0.0.114/modules/pending/discord_spellcheck-1.zip: 82%
11/13/2025, 7:35:53 PM GMT-3 [Modules] Streaming discord_spellcheck@1 to /home/van/.config/discord/0.0.114/modules/pending/discord_spellcheck-1.zip: 91%
11/13/2025, 7:35:53 PM GMT-3 [Modules] Streaming discord_spellcheck@1 to /home/van/.config/discord/0.0.114/modules/pending/discord_spellcheck-1.zip: 100%
11/13/2025, 7:35:53 PM GMT-3 [Modules] Fetching discord_utils@1 from https://discord.com/api/modules/stable/discord_utils/1
11/13/2025, 7:35:53 PM GMT-3 [Modules] Streaming discord_utils@1 to /home/van/.config/discord/0.0.114/modules/pending/discord_utils-1.zip
11/13/2025, 7:35:53 PM GMT-3 [Modules] Streaming discord_utils@1 to /home/van/.config/discord/0.0.114/modules/pending/discord_utils-1.zip: 2%
11/13/2025, 7:35:53 PM GMT-3 [Modules] Streaming discord_utils@1 to /home/van/.config/discord/0.0.114/modules/pending/discord_utils-1.zip: 3%
11/13/2025, 7:35:53 PM GMT-3 [Modules] Streaming discord_utils@1 to /home/van/.config/discord/0.0.114/modules/pending/discord_utils-1.zip: 5%
11/13/2025, 7:35:53 PM GMT-3 [Modules] Streaming discord_utils@1 to /home/van/.config/discord/0.0.114/modules/pending/discord_utils-1.zip: 7%
11/13/2025, 7:35:53 PM GMT-3 [Modules] Streaming discord_utils@1 to /home/van/.config/discord/0.0.114/modules/pending/discord_utils-1.zip: 9%
11/13/2025, 7:35:53 PM GMT-3 [Modules] Streaming discord_utils@1 to /home/van/.config/discord/0.0.114/modules/pending/discord_utils-1.zip: 15%
11/13/2025, 7:35:53 PM GMT-3 [Modules] Streaming discord_utils@1 to /home/van/.config/discord/0.0.114/modules/pending/discord_utils-1.zip: 21%
11/13/2025, 7:35:53 PM GMT-3 [Modules] Streaming discord_utils@1 to /home/van/.config/discord/0.0.114/modules/pending/discord_utils-1.zip: 26%
11/13/2025, 7:35:53 PM GMT-3 [Modules] Streaming discord_utils@1 to /home/van/.config/discord/0.0.114/modules/pending/discord_utils-1.zip: 30%
11/13/2025, 7:35:53 PM GMT-3 [Modules] Streaming discord_utils@1 to /home/van/.config/discord/0.0.114/modules/pending/discord_utils-1.zip: 32%
11/13/2025, 7:35:53 PM GMT-3 [Modules] Streaming discord_utils@1 to /home/van/.config/discord/0.0.114/modules/pending/discord_utils-1.zip: 33%
11/13/2025, 7:35:53 PM GMT-3 [Modules] Streaming discord_utils@1 to /home/van/.config/discord/0.0.114/modules/pending/discord_utils-1.zip: 35%
11/13/2025, 7:35:53 PM GMT-3 [Modules] Streaming discord_utils@1 to /home/van/.config/discord/0.0.114/modules/pending/discord_utils-1.zip: 41%
11/13/2025, 7:35:53 PM GMT-3 [Modules] Streaming discord_utils@1 to /home/van/.config/discord/0.0.114/modules/pending/discord_utils-1.zip: 42%
11/13/2025, 7:35:53 PM GMT-3 [Modules] Streaming discord_utils@1 to /home/van/.config/discord/0.0.114/modules/pending/discord_utils-1.zip: 43%
11/13/2025, 7:35:53 PM GMT-3 [Modules] Streaming discord_utils@1 to /home/van/.config/discord/0.0.114/modules/pending/discord_utils-1.zip: 44%
11/13/2025, 7:35:53 PM GMT-3 [Modules] Streaming discord_utils@1 to /home/van/.config/discord/0.0.114/modules/pending/discord_utils-1.zip: 46%
11/13/2025, 7:35:53 PM GMT-3 [Modules] Streaming discord_utils@1 to /home/van/.config/discord/0.0.114/modules/pending/discord_utils-1.zip: 49%
11/13/2025, 7:35:53 PM GMT-3 [Modules] Streaming discord_utils@1 to /home/van/.config/discord/0.0.114/modules/pending/discord_utils-1.zip: 50%
11/13/2025, 7:35:53 PM GMT-3 [Modules] Streaming discord_utils@1 to /home/van/.config/discord/0.0.114/modules/pending/discord_utils-1.zip: 51%
11/13/2025, 7:35:53 PM GMT-3 [Modules] Streaming discord_utils@1 to /home/van/.config/discord/0.0.114/modules/pending/discord_utils-1.zip: 53%
11/13/2025, 7:35:53 PM GMT-3 [Modules] Streaming discord_utils@1 to /home/van/.config/discord/0.0.114/modules/pending/discord_utils-1.zip: 54%
11/13/2025, 7:35:53 PM GMT-3 [Modules] Streaming discord_utils@1 to /home/van/.config/discord/0.0.114/modules/pending/discord_utils-1.zip: 56%
11/13/2025, 7:35:53 PM GMT-3 [Modules] Streaming discord_utils@1 to /home/van/.config/discord/0.0.114/modules/pending/discord_utils-1.zip: 64%
11/13/2025, 7:35:53 PM GMT-3 [Modules] Streaming discord_utils@1 to /home/van/.config/discord/0.0.114/modules/pending/discord_utils-1.zip: 80%
11/13/2025, 7:35:53 PM GMT-3 [Modules] Streaming discord_utils@1 to /home/van/.config/discord/0.0.114/modules/pending/discord_utils-1.zip: 85%
11/13/2025, 7:35:53 PM GMT-3 [Modules] Streaming discord_utils@1 to /home/van/.config/discord/0.0.114/modules/pending/discord_utils-1.zip: 100%
11/13/2025, 7:35:53 PM GMT-3 [Modules] Fetching discord_voice@1 from https://discord.com/api/modules/stable/discord_voice/1
11/13/2025, 7:35:53 PM GMT-3 [Modules] Streaming discord_voice@1 to /home/van/.config/discord/0.0.114/modules/pending/discord_voice-1.zip
11/13/2025, 7:35:53 PM GMT-3 [Modules] Streaming discord_voice@1 to /home/van/.config/discord/0.0.114/modules/pending/discord_voice-1.zip: 1%
11/13/2025, 7:35:54 PM GMT-3 [Modules] Streaming discord_voice@1 to /home/van/.config/discord/0.0.114/modules/pending/discord_voice-1.zip: 2%
11/13/2025, 7:35:54 PM GMT-3 [Modules] Streaming discord_voice@1 to /home/van/.config/discord/0.0.114/modules/pending/discord_voice-1.zip: 3%
11/13/2025, 7:35:54 PM GMT-3 [Modules] Streaming discord_voice@1 to /home/van/.config/discord/0.0.114/modules/pending/discord_voice-1.zip: 4%
11/13/2025, 7:35:54 PM GMT-3 [Modules] Streaming discord_voice@1 to /home/van/.config/discord/0.0.114/modules/pending/discord_voice-1.zip: 5%
11/13/2025, 7:35:54 PM GMT-3 [Modules] Streaming discord_voice@1 to /home/van/.config/discord/0.0.114/modules/pending/discord_voice-1.zip: 7%
11/13/2025, 7:35:54 PM GMT-3 [Modules] Streaming discord_voice@1 to /home/van/.config/discord/0.0.114/modules/pending/discord_voice-1.zip: 10%
11/13/2025, 7:35:54 PM GMT-3 [Modules] Streaming discord_voice@1 to /home/van/.config/discord/0.0.114/modules/pending/discord_voice-1.zip: 11%
11/13/2025, 7:35:54 PM GMT-3 [Modules] Streaming discord_voice@1 to /home/van/.config/discord/0.0.114/modules/pending/discord_voice-1.zip: 12%
11/13/2025, 7:35:54 PM GMT-3 [Modules] Streaming discord_voice@1 to /home/van/.config/discord/0.0.114/modules/pending/discord_voice-1.zip: 13%
11/13/2025, 7:35:54 PM GMT-3 [Modules] Streaming discord_voice@1 to /home/van/.config/discord/0.0.114/modules/pending/discord_voice-1.zip: 15%
11/13/2025, 7:35:54 PM GMT-3 [Modules] Streaming discord_voice@1 to /home/van/.config/discord/0.0.114/modules/pending/discord_voice-1.zip: 17%
11/13/2025, 7:35:54 PM GMT-3 [Modules] Streaming discord_voice@1 to /home/van/.config/discord/0.0.114/modules/pending/discord_voice-1.zip: 18%
11/13/2025, 7:35:54 PM GMT-3 [Modules] Streaming discord_voice@1 to /home/van/.config/discord/0.0.114/modules/pending/discord_voice-1.zip: 19%
11/13/2025, 7:35:54 PM GMT-3 [Modules] Streaming discord_voice@1 to /home/van/.config/discord/0.0.114/modules/pending/discord_voice-1.zip: 22%
11/13/2025, 7:35:54 PM GMT-3 [Modules] Streaming discord_voice@1 to /home/van/.config/discord/0.0.114/modules/pending/discord_voice-1.zip: 23%
11/13/2025, 7:35:54 PM GMT-3 [Modules] Streaming discord_voice@1 to /home/van/.config/discord/0.0.114/modules/pending/discord_voice-1.zip: 24%
11/13/2025, 7:35:54 PM GMT-3 [Modules] Streaming discord_voice@1 to /home/van/.config/discord/0.0.114/modules/pending/discord_voice-1.zip: 25%
11/13/2025, 7:35:54 PM GMT-3 [Modules] Streaming discord_voice@1 to /home/van/.config/discord/0.0.114/modules/pending/discord_voice-1.zip: 26%
11/13/2025, 7:35:54 PM GMT-3 [Modules] Streaming discord_voice@1 to /home/van/.config/discord/0.0.114/modules/pending/discord_voice-1.zip: 27%
11/13/2025, 7:35:54 PM GMT-3 [Modules] Streaming discord_voice@1 to /home/van/.config/discord/0.0.114/modules/pending/discord_voice-1.zip: 28%
11/13/2025, 7:35:54 PM GMT-3 [Modules] Streaming discord_voice@1 to /home/van/.config/discord/0.0.114/modules/pending/discord_voice-1.zip: 29%
11/13/2025, 7:35:54 PM GMT-3 [Modules] Streaming discord_voice@1 to /home/van/.config/discord/0.0.114/modules/pending/discord_voice-1.zip: 30%
11/13/2025, 7:35:54 PM GMT-3 [Modules] Streaming discord_voice@1 to /home/van/.config/discord/0.0.114/modules/pending/discord_voice-1.zip: 34%
11/13/2025, 7:35:54 PM GMT-3 [Modules] Streaming discord_voice@1 to /home/van/.config/discord/0.0.114/modules/pending/discord_voice-1.zip: 37%
11/13/2025, 7:35:54 PM GMT-3 [Modules] Streaming discord_voice@1 to /home/van/.config/discord/0.0.114/modules/pending/discord_voice-1.zip: 38%
11/13/2025, 7:35:54 PM GMT-3 [Modules] Streaming discord_voice@1 to /home/van/.config/discord/0.0.114/modules/pending/discord_voice-1.zip: 39%
11/13/2025, 7:35:54 PM GMT-3 [Modules] Streaming discord_voice@1 to /home/van/.config/discord/0.0.114/modules/pending/discord_voice-1.zip: 40%
11/13/2025, 7:35:54 PM GMT-3 [Modules] Streaming discord_voice@1 to /home/van/.config/discord/0.0.114/modules/pending/discord_voice-1.zip: 41%
11/13/2025, 7:35:54 PM GMT-3 [Modules] Streaming discord_voice@1 to /home/van/.config/discord/0.0.114/modules/pending/discord_voice-1.zip: 42%
11/13/2025, 7:35:54 PM GMT-3 [Modules] Streaming discord_voice@1 to /home/van/.config/discord/0.0.114/modules/pending/discord_voice-1.zip: 43%
11/13/2025, 7:35:54 PM GMT-3 [Modules] Streaming discord_voice@1 to /home/van/.config/discord/0.0.114/modules/pending/discord_voice-1.zip: 44%
11/13/2025, 7:35:54 PM GMT-3 [Modules] Streaming discord_voice@1 to /home/van/.config/discord/0.0.114/modules/pending/discord_voice-1.zip: 45%
11/13/2025, 7:35:54 PM GMT-3 [Modules] Streaming discord_voice@1 to /home/van/.config/discord/0.0.114/modules/pending/discord_voice-1.zip: 46%
11/13/2025, 7:35:54 PM GMT-3 [Modules] Streaming discord_voice@1 to /home/van/.config/discord/0.0.114/modules/pending/discord_voice-1.zip: 47%
11/13/2025, 7:35:54 PM GMT-3 [Modules] Streaming discord_voice@1 to /home/van/.config/discord/0.0.114/modules/pending/discord_voice-1.zip: 48%
11/13/2025, 7:35:54 PM GMT-3 [Modules] Streaming discord_voice@1 to /home/van/.config/discord/0.0.114/modules/pending/discord_voice-1.zip: 49%
11/13/2025, 7:35:54 PM GMT-3 [Modules] Streaming discord_voice@1 to /home/van/.config/discord/0.0.114/modules/pending/discord_voice-1.zip: 50%
11/13/2025, 7:35:54 PM GMT-3 [Modules] Streaming discord_voice@1 to /home/van/.config/discord/0.0.114/modules/pending/discord_voice-1.zip: 51%
11/13/2025, 7:35:54 PM GMT-3 [Modules] Streaming discord_voice@1 to /home/van/.config/discord/0.0.114/modules/pending/discord_voice-1.zip: 53%
11/13/2025, 7:35:54 PM GMT-3 [Modules] Streaming discord_voice@1 to /home/van/.config/discord/0.0.114/modules/pending/discord_voice-1.zip: 54%
11/13/2025, 7:35:54 PM GMT-3 [Modules] Streaming discord_voice@1 to /home/van/.config/discord/0.0.114/modules/pending/discord_voice-1.zip: 55%
11/13/2025, 7:35:54 PM GMT-3 [Modules] Streaming discord_voice@1 to /home/van/.config/discord/0.0.114/modules/pending/discord_voice-1.zip: 56%
11/13/2025, 7:35:54 PM GMT-3 [Modules] Streaming discord_voice@1 to /home/van/.config/discord/0.0.114/modules/pending/discord_voice-1.zip: 57%
11/13/2025, 7:35:54 PM GMT-3 [Modules] Streaming discord_voice@1 to /home/van/.config/discord/0.0.114/modules/pending/discord_voice-1.zip: 58%
11/13/2025, 7:35:54 PM GMT-3 [Modules] Streaming discord_voice@1 to /home/van/.config/discord/0.0.114/modules/pending/discord_voice-1.zip: 60%
11/13/2025, 7:35:54 PM GMT-3 [Modules] Streaming discord_voice@1 to /home/van/.config/discord/0.0.114/modules/pending/discord_voice-1.zip: 61%
11/13/2025, 7:35:54 PM GMT-3 [Modules] Streaming discord_voice@1 to /home/van/.config/discord/0.0.114/modules/pending/discord_voice-1.zip: 62%
11/13/2025, 7:35:54 PM GMT-3 [Modules] Streaming discord_voice@1 to /home/van/.config/discord/0.0.114/modules/pending/discord_voice-1.zip: 63%
11/13/2025, 7:35:54 PM GMT-3 [Modules] Streaming discord_voice@1 to /home/van/.config/discord/0.0.114/modules/pending/discord_voice-1.zip: 64%
11/13/2025, 7:35:54 PM GMT-3 [Modules] Streaming discord_voice@1 to /home/van/.config/discord/0.0.114/modules/pending/discord_voice-1.zip: 65%
11/13/2025, 7:35:54 PM GMT-3 [Modules] Streaming discord_voice@1 to /home/van/.config/discord/0.0.114/modules/pending/discord_voice-1.zip: 66%
11/13/2025, 7:35:54 PM GMT-3 [Modules] Streaming discord_voice@1 to /home/van/.config/discord/0.0.114/modules/pending/discord_voice-1.zip: 67%
11/13/2025, 7:35:54 PM GMT-3 [Modules] Streaming discord_voice@1 to /home/van/.config/discord/0.0.114/modules/pending/discord_voice-1.zip: 68%
11/13/2025, 7:35:54 PM GMT-3 [Modules] Streaming discord_voice@1 to /home/van/.config/discord/0.0.114/modules/pending/discord_voice-1.zip: 69%
11/13/2025, 7:35:54 PM GMT-3 [Modules] Streaming discord_voice@1 to /home/van/.config/discord/0.0.114/modules/pending/discord_voice-1.zip: 70%
11/13/2025, 7:35:54 PM GMT-3 [Modules] Streaming discord_voice@1 to /home/van/.config/discord/0.0.114/modules/pending/discord_voice-1.zip: 73%
11/13/2025, 7:35:54 PM GMT-3 [Modules] Streaming discord_voice@1 to /home/van/.config/discord/0.0.114/modules/pending/discord_voice-1.zip: 75%
11/13/2025, 7:35:54 PM GMT-3 [Modules] Streaming discord_voice@1 to /home/van/.config/discord/0.0.114/modules/pending/discord_voice-1.zip: 76%
11/13/2025, 7:35:54 PM GMT-3 [Modules] Streaming discord_voice@1 to /home/van/.config/discord/0.0.114/modules/pending/discord_voice-1.zip: 77%
11/13/2025, 7:35:54 PM GMT-3 [Modules] Streaming discord_voice@1 to /home/van/.config/discord/0.0.114/modules/pending/discord_voice-1.zip: 78%
11/13/2025, 7:35:54 PM GMT-3 [Modules] Streaming discord_voice@1 to /home/van/.config/discord/0.0.114/modules/pending/discord_voice-1.zip: 79%
11/13/2025, 7:35:54 PM GMT-3 [Modules] Streaming discord_voice@1 to /home/van/.config/discord/0.0.114/modules/pending/discord_voice-1.zip: 80%
11/13/2025, 7:35:54 PM GMT-3 [Modules] Streaming discord_voice@1 to /home/van/.config/discord/0.0.114/modules/pending/discord_voice-1.zip: 81%
11/13/2025, 7:35:54 PM GMT-3 [Modules] Streaming discord_voice@1 to /home/van/.config/discord/0.0.114/modules/pending/discord_voice-1.zip: 82%
11/13/2025, 7:35:54 PM GMT-3 [Modules] Streaming discord_voice@1 to /home/van/.config/discord/0.0.114/modules/pending/discord_voice-1.zip: 83%
11/13/2025, 7:35:54 PM GMT-3 [Modules] Streaming discord_voice@1 to /home/van/.config/discord/0.0.114/modules/pending/discord_voice-1.zip: 84%
11/13/2025, 7:35:54 PM GMT-3 [Modules] Streaming discord_voice@1 to /home/van/.config/discord/0.0.114/modules/pending/discord_voice-1.zip: 85%
11/13/2025, 7:35:54 PM GMT-3 [Modules] Streaming discord_voice@1 to /home/van/.config/discord/0.0.114/modules/pending/discord_voice-1.zip: 86%
11/13/2025, 7:35:54 PM GMT-3 [Modules] Streaming discord_voice@1 to /home/van/.config/discord/0.0.114/modules/pending/discord_voice-1.zip: 87%
11/13/2025, 7:35:54 PM GMT-3 [Modules] Streaming discord_voice@1 to /home/van/.config/discord/0.0.114/modules/pending/discord_voice-1.zip: 88%
11/13/2025, 7:35:54 PM GMT-3 [Modules] Streaming discord_voice@1 to /home/van/.config/discord/0.0.114/modules/pending/discord_voice-1.zip: 89%
11/13/2025, 7:35:54 PM GMT-3 [Modules] Streaming discord_voice@1 to /home/van/.config/discord/0.0.114/modules/pending/discord_voice-1.zip: 90%
11/13/2025, 7:35:54 PM GMT-3 [Modules] Streaming discord_voice@1 to /home/van/.config/discord/0.0.114/modules/pending/discord_voice-1.zip: 91%
11/13/2025, 7:35:54 PM GMT-3 [Modules] Streaming discord_voice@1 to /home/van/.config/discord/0.0.114/modules/pending/discord_voice-1.zip: 93%
11/13/2025, 7:35:54 PM GMT-3 [Modules] Streaming discord_voice@1 to /home/van/.config/discord/0.0.114/modules/pending/discord_voice-1.zip: 96%
11/13/2025, 7:35:54 PM GMT-3 [Modules] Streaming discord_voice@1 to /home/van/.config/discord/0.0.114/modules/pending/discord_voice-1.zip: 98%
11/13/2025, 7:35:54 PM GMT-3 [Modules] Streaming discord_voice@1 to /home/van/.config/discord/0.0.114/modules/pending/discord_voice-1.zip: 100%
11/13/2025, 7:35:54 PM GMT-3 [Modules] Fetching discord_zstd@1 from https://discord.com/api/modules/stable/discord_zstd/1
11/13/2025, 7:35:54 PM GMT-3 [Modules] Streaming discord_zstd@1 to /home/van/.config/discord/0.0.114/modules/pending/discord_zstd-1.zip
11/13/2025, 7:35:54 PM GMT-3 [Modules] Streaming discord_zstd@1 to /home/van/.config/discord/0.0.114/modules/pending/discord_zstd-1.zip: 10%
11/13/2025, 7:35:54 PM GMT-3 [Modules] Streaming discord_zstd@1 to /home/van/.config/discord/0.0.114/modules/pending/discord_zstd-1.zip: 16%
11/13/2025, 7:35:54 PM GMT-3 [Modules] Streaming discord_zstd@1 to /home/van/.config/discord/0.0.114/modules/pending/discord_zstd-1.zip: 26%
11/13/2025, 7:35:54 PM GMT-3 [Modules] Streaming discord_zstd@1 to /home/van/.config/discord/0.0.114/modules/pending/discord_zstd-1.zip: 77%
11/13/2025, 7:35:55 PM GMT-3 [Modules] Streaming discord_zstd@1 to /home/van/.config/discord/0.0.114/modules/pending/discord_zstd-1.zip: 88%
11/13/2025, 7:35:55 PM GMT-3 [Modules] Streaming discord_zstd@1 to /home/van/.config/discord/0.0.114/modules/pending/discord_zstd-1.zip: 100%
11/13/2025, 7:35:55 PM GMT-3 [Modules] Finished module downloads. [success: 6] [failure: 0]
11/13/2025, 7:35:55 PM GMT-3 [Modules] Installing updates...
11/13/2025, 7:35:55 PM GMT-3 [Modules] Installing discord_desktop_core@1 from /home/van/.config/discord/0.0.114/modules/pending/discord_desktop_core-1.zip
11/13/2025, 7:35:55 PM GMT-3 [Modules] Installing discord_erlpack@1 from /home/van/.config/discord/0.0.114/modules/pending/discord_erlpack-1.zip
11/13/2025, 7:35:55 PM GMT-3 [Modules] Installing discord_spellcheck@1 from /home/van/.config/discord/0.0.114/modules/pending/discord_spellcheck-1.zip
11/13/2025, 7:35:55 PM GMT-3 [Modules] Installing discord_utils@1 from /home/van/.config/discord/0.0.114/modules/pending/discord_utils-1.zip
11/13/2025, 7:35:55 PM GMT-3 [Modules] Installing discord_voice@1 from /home/van/.config/discord/0.0.114/modules/pending/discord_voice-1.zip
11/13/2025, 7:35:55 PM GMT-3 [Modules] Installing discord_zstd@1 from /home/van/.config/discord/0.0.114/modules/pending/discord_zstd-1.zip
11/13/2025, 7:35:55 PM GMT-3 [Modules] Finished module installations. [success: 6] [failure: 0]
11/13/2025, 7:35:55 PM GMT-3 [Modules] Checking for host updates.
11/13/2025, 7:35:56 PM GMT-3 [Modules] Host is up to date.
11/13/2025, 7:35:56 PM GMT-3 [Modules] Checking for module updates at https://discord.com/api/modules/stable/versions.json
11/13/2025, 7:35:56 PM GMT-3 [Modules] No module updates available.
11/13/2025, 7:35:59 PM GMT-3 [Modules] Starting to install discord_krisp...
11/13/2025, 7:35:59 PM GMT-3 [Modules] Fetching discord_krisp@1 from https://discord.com/api/modules/stable/discord_krisp/1
11/13/2025, 7:35:59 PM GMT-3 [Modules] Streaming discord_krisp@1 to /home/van/.config/discord/0.0.114/modules/pending/discord_krisp-1.zip
11/13/2025, 7:35:59 PM GMT-3 [Modules] Starting to install discord_game_utils...
11/13/2025, 7:36:00 PM GMT-3 [Modules] Streaming discord_krisp@1 to /home/van/.config/discord/0.0.114/modules/pending/discord_krisp-1.zip: 1%
11/13/2025, 7:36:00 PM GMT-3 [Modules] Streaming discord_krisp@1 to /home/van/.config/discord/0.0.114/modules/pending/discord_krisp-1.zip: 2%
11/13/2025, 7:36:00 PM GMT-3 [Modules] Streaming discord_krisp@1 to /home/van/.config/discord/0.0.114/modules/pending/discord_krisp-1.zip: 3%
11/13/2025, 7:36:00 PM GMT-3 [Modules] Streaming discord_krisp@1 to /home/van/.config/discord/0.0.114/modules/pending/discord_krisp-1.zip: 4%
11/13/2025, 7:36:00 PM GMT-3 [Modules] Streaming discord_krisp@1 to /home/van/.config/discord/0.0.114/modules/pending/discord_krisp-1.zip: 5%
11/13/2025, 7:36:00 PM GMT-3 [Modules] Streaming discord_krisp@1 to /home/van/.config/discord/0.0.114/modules/pending/discord_krisp-1.zip: 6%
11/13/2025, 7:36:00 PM GMT-3 [Modules] Streaming discord_krisp@1 to /home/van/.config/discord/0.0.114/modules/pending/discord_krisp-1.zip: 7%
11/13/2025, 7:36:00 PM GMT-3 [Modules] Streaming discord_krisp@1 to /home/van/.config/discord/0.0.114/modules/pending/discord_krisp-1.zip: 8%
11/13/2025, 7:36:00 PM GMT-3 [Modules] Streaming discord_krisp@1 to /home/van/.config/discord/0.0.114/modules/pending/discord_krisp-1.zip: 9%
11/13/2025, 7:36:00 PM GMT-3 [Modules] Streaming discord_krisp@1 to /home/van/.config/discord/0.0.114/modules/pending/discord_krisp-1.zip: 10%
11/13/2025, 7:36:00 PM GMT-3 [Modules] Streaming discord_krisp@1 to /home/van/.config/discord/0.0.114/modules/pending/discord_krisp-1.zip: 11%
11/13/2025, 7:36:00 PM GMT-3 [Modules] Streaming discord_krisp@1 to /home/van/.config/discord/0.0.114/modules/pending/discord_krisp-1.zip: 12%
11/13/2025, 7:36:00 PM GMT-3 [Modules] Streaming discord_krisp@1 to /home/van/.config/discord/0.0.114/modules/pending/discord_krisp-1.zip: 13%
11/13/2025, 7:36:00 PM GMT-3 [Modules] Streaming discord_krisp@1 to /home/van/.config/discord/0.0.114/modules/pending/discord_krisp-1.zip: 14%
11/13/2025, 7:36:00 PM GMT-3 [Modules] Streaming discord_krisp@1 to /home/van/.config/discord/0.0.114/modules/pending/discord_krisp-1.zip: 15%
11/13/2025, 7:36:00 PM GMT-3 [Modules] Streaming discord_krisp@1 to /home/van/.config/discord/0.0.114/modules/pending/discord_krisp-1.zip: 16%
11/13/2025, 7:36:00 PM GMT-3 [Modules] Streaming discord_krisp@1 to /home/van/.config/discord/0.0.114/modules/pending/discord_krisp-1.zip: 17%
11/13/2025, 7:36:00 PM GMT-3 [Modules] Streaming discord_krisp@1 to /home/van/.config/discord/0.0.114/modules/pending/discord_krisp-1.zip: 18%
11/13/2025, 7:36:00 PM GMT-3 [Modules] Streaming discord_krisp@1 to /home/van/.config/discord/0.0.114/modules/pending/discord_krisp-1.zip: 19%
11/13/2025, 7:36:00 PM GMT-3 [Modules] Streaming discord_krisp@1 to /home/van/.config/discord/0.0.114/modules/pending/discord_krisp-1.zip: 20%
11/13/2025, 7:36:00 PM GMT-3 [Modules] Streaming discord_krisp@1 to /home/van/.config/discord/0.0.114/modules/pending/discord_krisp-1.zip: 21%
11/13/2025, 7:36:00 PM GMT-3 [Modules] Streaming discord_krisp@1 to /home/van/.config/discord/0.0.114/modules/pending/discord_krisp-1.zip: 22%
11/13/2025, 7:36:00 PM GMT-3 [Modules] Streaming discord_krisp@1 to /home/van/.config/discord/0.0.114/modules/pending/discord_krisp-1.zip: 23%
11/13/2025, 7:36:00 PM GMT-3 [Modules] Streaming discord_krisp@1 to /home/van/.config/discord/0.0.114/modules/pending/discord_krisp-1.zip: 24%
11/13/2025, 7:36:00 PM GMT-3 [Modules] Streaming discord_krisp@1 to /home/van/.config/discord/0.0.114/modules/pending/discord_krisp-1.zip: 25%
11/13/2025, 7:36:00 PM GMT-3 [Modules] Streaming discord_krisp@1 to /home/van/.config/discord/0.0.114/modules/pending/discord_krisp-1.zip: 26%
11/13/2025, 7:36:00 PM GMT-3 [Modules] Streaming discord_krisp@1 to /home/van/.config/discord/0.0.114/modules/pending/discord_krisp-1.zip: 27%
11/13/2025, 7:36:00 PM GMT-3 [Modules] Streaming discord_krisp@1 to /home/van/.config/discord/0.0.114/modules/pending/discord_krisp-1.zip: 28%
11/13/2025, 7:36:00 PM GMT-3 [Modules] Streaming discord_krisp@1 to /home/van/.config/discord/0.0.114/modules/pending/discord_krisp-1.zip: 29%
11/13/2025, 7:36:00 PM GMT-3 [Modules] Streaming discord_krisp@1 to /home/van/.config/discord/0.0.114/modules/pending/discord_krisp-1.zip: 30%
11/13/2025, 7:36:00 PM GMT-3 [Modules] Streaming discord_krisp@1 to /home/van/.config/discord/0.0.114/modules/pending/discord_krisp-1.zip: 31%
11/13/2025, 7:36:00 PM GMT-3 [Modules] Streaming discord_krisp@1 to /home/van/.config/discord/0.0.114/modules/pending/discord_krisp-1.zip: 32%
11/13/2025, 7:36:00 PM GMT-3 [Modules] Streaming discord_krisp@1 to /home/van/.config/discord/0.0.114/modules/pending/discord_krisp-1.zip: 33%
11/13/2025, 7:36:00 PM GMT-3 [Modules] Streaming discord_krisp@1 to /home/van/.config/discord/0.0.114/modules/pending/discord_krisp-1.zip: 34%
11/13/2025, 7:36:00 PM GMT-3 [Modules] Streaming discord_krisp@1 to /home/van/.config/discord/0.0.114/modules/pending/discord_krisp-1.zip: 35%
11/13/2025, 7:36:00 PM GMT-3 [Modules] Streaming discord_krisp@1 to /home/van/.config/discord/0.0.114/modules/pending/discord_krisp-1.zip: 36%
11/13/2025, 7:36:00 PM GMT-3 [Modules] Streaming discord_krisp@1 to /home/van/.config/discord/0.0.114/modules/pending/discord_krisp-1.zip: 37%
11/13/2025, 7:36:00 PM GMT-3 [Modules] Streaming discord_krisp@1 to /home/van/.config/discord/0.0.114/modules/pending/discord_krisp-1.zip: 38%
11/13/2025, 7:36:00 PM GMT-3 [Modules] Streaming discord_krisp@1 to /home/van/.config/discord/0.0.114/modules/pending/discord_krisp-1.zip: 39%
11/13/2025, 7:36:00 PM GMT-3 [Modules] Streaming discord_krisp@1 to /home/van/.config/discord/0.0.114/modules/pending/discord_krisp-1.zip: 40%
11/13/2025, 7:36:00 PM GMT-3 [Modules] Streaming discord_krisp@1 to /home/van/.config/discord/0.0.114/modules/pending/discord_krisp-1.zip: 41%
11/13/2025, 7:36:00 PM GMT-3 [Modules] Streaming discord_krisp@1 to /home/van/.config/discord/0.0.114/modules/pending/discord_krisp-1.zip: 42%
11/13/2025, 7:36:00 PM GMT-3 [Modules] Streaming discord_krisp@1 to /home/van/.config/discord/0.0.114/modules/pending/discord_krisp-1.zip: 43%
11/13/2025, 7:36:00 PM GMT-3 [Modules] Streaming discord_krisp@1 to /home/van/.config/discord/0.0.114/modules/pending/discord_krisp-1.zip: 44%
11/13/2025, 7:36:00 PM GMT-3 [Modules] Streaming discord_krisp@1 to /home/van/.config/discord/0.0.114/modules/pending/discord_krisp-1.zip: 45%
11/13/2025, 7:36:00 PM GMT-3 [Modules] Streaming discord_krisp@1 to /home/van/.config/discord/0.0.114/modules/pending/discord_krisp-1.zip: 46%
11/13/2025, 7:36:00 PM GMT-3 [Modules] Starting to install discord_rpc...
11/13/2025, 7:36:00 PM GMT-3 [Modules] Streaming discord_krisp@1 to /home/van/.config/discord/0.0.114/modules/pending/discord_krisp-1.zip: 47%
11/13/2025, 7:36:00 PM GMT-3 [Modules] Streaming discord_krisp@1 to /home/van/.config/discord/0.0.114/modules/pending/discord_krisp-1.zip: 48%
11/13/2025, 7:36:00 PM GMT-3 [Modules] Streaming discord_krisp@1 to /home/van/.config/discord/0.0.114/modules/pending/discord_krisp-1.zip: 49%
11/13/2025, 7:36:00 PM GMT-3 [Modules] Streaming discord_krisp@1 to /home/van/.config/discord/0.0.114/modules/pending/discord_krisp-1.zip: 50%
11/13/2025, 7:36:00 PM GMT-3 [Modules] Streaming discord_krisp@1 to /home/van/.config/discord/0.0.114/modules/pending/discord_krisp-1.zip: 51%
11/13/2025, 7:36:00 PM GMT-3 [Modules] Streaming discord_krisp@1 to /home/van/.config/discord/0.0.114/modules/pending/discord_krisp-1.zip: 52%
11/13/2025, 7:36:00 PM GMT-3 [Modules] Streaming discord_krisp@1 to /home/van/.config/discord/0.0.114/modules/pending/discord_krisp-1.zip: 53%
11/13/2025, 7:36:00 PM GMT-3 [Modules] Streaming discord_krisp@1 to /home/van/.config/discord/0.0.114/modules/pending/discord_krisp-1.zip: 54%
11/13/2025, 7:36:00 PM GMT-3 [Modules] Streaming discord_krisp@1 to /home/van/.config/discord/0.0.114/modules/pending/discord_krisp-1.zip: 55%
11/13/2025, 7:36:00 PM GMT-3 [Modules] Streaming discord_krisp@1 to /home/van/.config/discord/0.0.114/modules/pending/discord_krisp-1.zip: 56%
11/13/2025, 7:36:00 PM GMT-3 [Modules] Streaming discord_krisp@1 to /home/van/.config/discord/0.0.114/modules/pending/discord_krisp-1.zip: 57%
11/13/2025, 7:36:00 PM GMT-3 [Modules] Streaming discord_krisp@1 to /home/van/.config/discord/0.0.114/modules/pending/discord_krisp-1.zip: 58%
11/13/2025, 7:36:00 PM GMT-3 [Modules] Streaming discord_krisp@1 to /home/van/.config/discord/0.0.114/modules/pending/discord_krisp-1.zip: 59%
11/13/2025, 7:36:00 PM GMT-3 [Modules] Streaming discord_krisp@1 to /home/van/.config/discord/0.0.114/modules/pending/discord_krisp-1.zip: 60%
11/13/2025, 7:36:00 PM GMT-3 [Modules] Streaming discord_krisp@1 to /home/van/.config/discord/0.0.114/modules/pending/discord_krisp-1.zip: 61%
11/13/2025, 7:36:00 PM GMT-3 [Modules] Streaming discord_krisp@1 to /home/van/.config/discord/0.0.114/modules/pending/discord_krisp-1.zip: 62%
11/13/2025, 7:36:00 PM GMT-3 [Modules] Streaming discord_krisp@1 to /home/van/.config/discord/0.0.114/modules/pending/discord_krisp-1.zip: 63%
11/13/2025, 7:36:00 PM GMT-3 [Modules] Streaming discord_krisp@1 to /home/van/.config/discord/0.0.114/modules/pending/discord_krisp-1.zip: 64%
11/13/2025, 7:36:00 PM GMT-3 [Modules] Streaming discord_krisp@1 to /home/van/.config/discord/0.0.114/modules/pending/discord_krisp-1.zip: 65%
11/13/2025, 7:36:00 PM GMT-3 [Modules] Streaming discord_krisp@1 to /home/van/.config/discord/0.0.114/modules/pending/discord_krisp-1.zip: 66%
11/13/2025, 7:36:00 PM GMT-3 [Modules] Streaming discord_krisp@1 to /home/van/.config/discord/0.0.114/modules/pending/discord_krisp-1.zip: 67%
11/13/2025, 7:36:00 PM GMT-3 [Modules] Streaming discord_krisp@1 to /home/van/.config/discord/0.0.114/modules/pending/discord_krisp-1.zip: 68%
11/13/2025, 7:36:00 PM GMT-3 [Modules] Streaming discord_krisp@1 to /home/van/.config/discord/0.0.114/modules/pending/discord_krisp-1.zip: 69%
11/13/2025, 7:36:01 PM GMT-3 [Modules] Streaming discord_krisp@1 to /home/van/.config/discord/0.0.114/modules/pending/discord_krisp-1.zip: 70%
11/13/2025, 7:36:01 PM GMT-3 [Modules] Streaming discord_krisp@1 to /home/van/.config/discord/0.0.114/modules/pending/discord_krisp-1.zip: 71%
11/13/2025, 7:36:01 PM GMT-3 [Modules] Streaming discord_krisp@1 to /home/van/.config/discord/0.0.114/modules/pending/discord_krisp-1.zip: 72%
11/13/2025, 7:36:01 PM GMT-3 [Modules] Streaming discord_krisp@1 to /home/van/.config/discord/0.0.114/modules/pending/discord_krisp-1.zip: 73%
11/13/2025, 7:36:01 PM GMT-3 [Modules] Streaming discord_krisp@1 to /home/van/.config/discord/0.0.114/modules/pending/discord_krisp-1.zip: 74%
11/13/2025, 7:36:01 PM GMT-3 [Modules] Streaming discord_krisp@1 to /home/van/.config/discord/0.0.114/modules/pending/discord_krisp-1.zip: 75%
11/13/2025, 7:36:01 PM GMT-3 [Modules] Streaming discord_krisp@1 to /home/van/.config/discord/0.0.114/modules/pending/discord_krisp-1.zip: 76%
11/13/2025, 7:36:01 PM GMT-3 [Modules] Streaming discord_krisp@1 to /home/van/.config/discord/0.0.114/modules/pending/discord_krisp-1.zip: 77%
11/13/2025, 7:36:01 PM GMT-3 [Modules] Streaming discord_krisp@1 to /home/van/.config/discord/0.0.114/modules/pending/discord_krisp-1.zip: 78%
11/13/2025, 7:36:01 PM GMT-3 [Modules] Streaming discord_krisp@1 to /home/van/.config/discord/0.0.114/modules/pending/discord_krisp-1.zip: 79%
11/13/2025, 7:36:01 PM GMT-3 [Modules] Streaming discord_krisp@1 to /home/van/.config/discord/0.0.114/modules/pending/discord_krisp-1.zip: 80%
11/13/2025, 7:36:01 PM GMT-3 [Modules] Streaming discord_krisp@1 to /home/van/.config/discord/0.0.114/modules/pending/discord_krisp-1.zip: 81%
11/13/2025, 7:36:01 PM GMT-3 [Modules] Streaming discord_krisp@1 to /home/van/.config/discord/0.0.114/modules/pending/discord_krisp-1.zip: 82%
11/13/2025, 7:36:01 PM GMT-3 [Modules] Streaming discord_krisp@1 to /home/van/.config/discord/0.0.114/modules/pending/discord_krisp-1.zip: 83%
11/13/2025, 7:36:01 PM GMT-3 [Modules] Streaming discord_krisp@1 to /home/van/.config/discord/0.0.114/modules/pending/discord_krisp-1.zip: 84%
11/13/2025, 7:36:01 PM GMT-3 [Modules] Streaming discord_krisp@1 to /home/van/.config/discord/0.0.114/modules/pending/discord_krisp-1.zip: 85%
11/13/2025, 7:36:01 PM GMT-3 [Modules] Streaming discord_krisp@1 to /home/van/.config/discord/0.0.114/modules/pending/discord_krisp-1.zip: 86%
11/13/2025, 7:36:01 PM GMT-3 [Modules] Streaming discord_krisp@1 to /home/van/.config/discord/0.0.114/modules/pending/discord_krisp-1.zip: 87%
11/13/2025, 7:36:01 PM GMT-3 [Modules] Streaming discord_krisp@1 to /home/van/.config/discord/0.0.114/modules/pending/discord_krisp-1.zip: 88%
11/13/2025, 7:36:01 PM GMT-3 [Modules] Streaming discord_krisp@1 to /home/van/.config/discord/0.0.114/modules/pending/discord_krisp-1.zip: 89%
11/13/2025, 7:36:01 PM GMT-3 [Modules] Streaming discord_krisp@1 to /home/van/.config/discord/0.0.114/modules/pending/discord_krisp-1.zip: 90%
11/13/2025, 7:36:01 PM GMT-3 [Modules] Streaming discord_krisp@1 to /home/van/.config/discord/0.0.114/modules/pending/discord_krisp-1.zip: 91%
11/13/2025, 7:36:01 PM GMT-3 [Modules] Streaming discord_krisp@1 to /home/van/.config/discord/0.0.114/modules/pending/discord_krisp-1.zip: 92%
11/13/2025, 7:36:01 PM GMT-3 [Modules] Streaming discord_krisp@1 to /home/van/.config/discord/0.0.114/modules/pending/discord_krisp-1.zip: 93%
11/13/2025, 7:36:01 PM GMT-3 [Modules] Streaming discord_krisp@1 to /home/van/.config/discord/0.0.114/modules/pending/discord_krisp-1.zip: 94%
11/13/2025, 7:36:01 PM GMT-3 [Modules] Streaming discord_krisp@1 to /home/van/.config/discord/0.0.114/modules/pending/discord_krisp-1.zip: 95%
11/13/2025, 7:36:01 PM GMT-3 [Modules] Streaming discord_krisp@1 to /home/van/.config/discord/0.0.114/modules/pending/discord_krisp-1.zip: 96%
11/13/2025, 7:36:01 PM GMT-3 [Modules] Streaming discord_krisp@1 to /home/van/.config/discord/0.0.114/modules/pending/discord_krisp-1.zip: 97%
11/13/2025, 7:36:01 PM GMT-3 [Modules] Streaming discord_krisp@1 to /home/van/.config/discord/0.0.114/modules/pending/discord_krisp-1.zip: 98%
11/13/2025, 7:36:01 PM GMT-3 [Modules] Streaming discord_krisp@1 to /home/van/.config/discord/0.0.114/modules/pending/discord_krisp-1.zip: 99%
11/13/2025, 7:36:01 PM GMT-3 [Modules] Streaming discord_krisp@1 to /home/van/.config/discord/0.0.114/modules/pending/discord_krisp-1.zip: 100%
11/13/2025, 7:36:01 PM GMT-3 [Modules] Fetching discord_game_utils@1 from https://discord.com/api/modules/stable/discord_game_utils/1
11/13/2025, 7:36:01 PM GMT-3 [Modules] Streaming discord_game_utils@1 to /home/van/.config/discord/0.0.114/modules/pending/discord_game_utils-1.zip
11/13/2025, 7:36:01 PM GMT-3 [Modules] Installing discord_krisp@1 from /home/van/.config/discord/0.0.114/modules/pending/discord_krisp-1.zip
11/13/2025, 7:36:01 PM GMT-3 [Modules] Streaming discord_game_utils@1 to /home/van/.config/discord/0.0.114/modules/pending/discord_game_utils-1.zip: 2%
11/13/2025, 7:36:01 PM GMT-3 [Modules] Streaming discord_game_utils@1 to /home/van/.config/discord/0.0.114/modules/pending/discord_game_utils-1.zip: 3%
11/13/2025, 7:36:01 PM GMT-3 [Modules] Streaming discord_game_utils@1 to /home/van/.config/discord/0.0.114/modules/pending/discord_game_utils-1.zip: 4%
11/13/2025, 7:36:01 PM GMT-3 [Modules] Streaming discord_game_utils@1 to /home/van/.config/discord/0.0.114/modules/pending/discord_game_utils-1.zip: 5%
11/13/2025, 7:36:01 PM GMT-3 [Modules] Streaming discord_game_utils@1 to /home/van/.config/discord/0.0.114/modules/pending/discord_game_utils-1.zip: 6%
11/13/2025, 7:36:01 PM GMT-3 [Modules] Streaming discord_game_utils@1 to /home/van/.config/discord/0.0.114/modules/pending/discord_game_utils-1.zip: 7%
11/13/2025, 7:36:01 PM GMT-3 [Modules] Streaming discord_game_utils@1 to /home/van/.config/discord/0.0.114/modules/pending/discord_game_utils-1.zip: 8%
11/13/2025, 7:36:01 PM GMT-3 [Modules] Streaming discord_game_utils@1 to /home/van/.config/discord/0.0.114/modules/pending/discord_game_utils-1.zip: 9%
11/13/2025, 7:36:01 PM GMT-3 [Modules] Streaming discord_game_utils@1 to /home/van/.config/discord/0.0.114/modules/pending/discord_game_utils-1.zip: 10%
11/13/2025, 7:36:01 PM GMT-3 [Modules] Streaming discord_game_utils@1 to /home/van/.config/discord/0.0.114/modules/pending/discord_game_utils-1.zip: 11%
11/13/2025, 7:36:01 PM GMT-3 [Modules] Streaming discord_game_utils@1 to /home/van/.config/discord/0.0.114/modules/pending/discord_game_utils-1.zip: 12%
11/13/2025, 7:36:01 PM GMT-3 [Modules] Streaming discord_game_utils@1 to /home/van/.config/discord/0.0.114/modules/pending/discord_game_utils-1.zip: 13%
11/13/2025, 7:36:01 PM GMT-3 [Modules] Streaming discord_game_utils@1 to /home/van/.config/discord/0.0.114/modules/pending/discord_game_utils-1.zip: 14%
11/13/2025, 7:36:01 PM GMT-3 [Modules] Streaming discord_game_utils@1 to /home/van/.config/discord/0.0.114/modules/pending/discord_game_utils-1.zip: 15%
11/13/2025, 7:36:01 PM GMT-3 [Modules] Streaming discord_game_utils@1 to /home/van/.config/discord/0.0.114/modules/pending/discord_game_utils-1.zip: 16%
11/13/2025, 7:36:01 PM GMT-3 [Modules] Streaming discord_game_utils@1 to /home/van/.config/discord/0.0.114/modules/pending/discord_game_utils-1.zip: 17%
11/13/2025, 7:36:01 PM GMT-3 [Modules] Streaming discord_game_utils@1 to /home/van/.config/discord/0.0.114/modules/pending/discord_game_utils-1.zip: 18%
11/13/2025, 7:36:01 PM GMT-3 [Modules] Streaming discord_game_utils@1 to /home/van/.config/discord/0.0.114/modules/pending/discord_game_utils-1.zip: 19%
11/13/2025, 7:36:01 PM GMT-3 [Modules] Streaming discord_game_utils@1 to /home/van/.config/discord/0.0.114/modules/pending/discord_game_utils-1.zip: 20%
11/13/2025, 7:36:01 PM GMT-3 [Modules] Streaming discord_game_utils@1 to /home/van/.config/discord/0.0.114/modules/pending/discord_game_utils-1.zip: 21%
11/13/2025, 7:36:01 PM GMT-3 [Modules] Streaming discord_game_utils@1 to /home/van/.config/discord/0.0.114/modules/pending/discord_game_utils-1.zip: 22%
11/13/2025, 7:36:01 PM GMT-3 [Modules] Streaming discord_game_utils@1 to /home/van/.config/discord/0.0.114/modules/pending/discord_game_utils-1.zip: 23%
11/13/2025, 7:36:01 PM GMT-3 [Modules] Streaming discord_game_utils@1 to /home/van/.config/discord/0.0.114/modules/pending/discord_game_utils-1.zip: 24%
11/13/2025, 7:36:01 PM GMT-3 [Modules] Streaming discord_game_utils@1 to /home/van/.config/discord/0.0.114/modules/pending/discord_game_utils-1.zip: 25%
11/13/2025, 7:36:01 PM GMT-3 [Modules] Streaming discord_game_utils@1 to /home/van/.config/discord/0.0.114/modules/pending/discord_game_utils-1.zip: 26%
11/13/2025, 7:36:01 PM GMT-3 [Modules] Streaming discord_game_utils@1 to /home/van/.config/discord/0.0.114/modules/pending/discord_game_utils-1.zip: 28%
11/13/2025, 7:36:01 PM GMT-3 [Modules] Streaming discord_game_utils@1 to /home/van/.config/discord/0.0.114/modules/pending/discord_game_utils-1.zip: 30%
11/13/2025, 7:36:01 PM GMT-3 [Modules] Streaming discord_game_utils@1 to /home/van/.config/discord/0.0.114/modules/pending/discord_game_utils-1.zip: 31%
11/13/2025, 7:36:01 PM GMT-3 [Modules] Streaming discord_game_utils@1 to /home/van/.config/discord/0.0.114/modules/pending/discord_game_utils-1.zip: 32%
11/13/2025, 7:36:01 PM GMT-3 [Modules] Streaming discord_game_utils@1 to /home/van/.config/discord/0.0.114/modules/pending/discord_game_utils-1.zip: 33%
11/13/2025, 7:36:01 PM GMT-3 [Modules] Streaming discord_game_utils@1 to /home/van/.config/discord/0.0.114/modules/pending/discord_game_utils-1.zip: 34%
11/13/2025, 7:36:01 PM GMT-3 [Modules] Streaming discord_game_utils@1 to /home/van/.config/discord/0.0.114/modules/pending/discord_game_utils-1.zip: 35%
11/13/2025, 7:36:01 PM GMT-3 [Modules] Streaming discord_game_utils@1 to /home/van/.config/discord/0.0.114/modules/pending/discord_game_utils-1.zip: 36%
11/13/2025, 7:36:01 PM GMT-3 [Modules] Streaming discord_game_utils@1 to /home/van/.config/discord/0.0.114/modules/pending/discord_game_utils-1.zip: 37%
11/13/2025, 7:36:01 PM GMT-3 [Modules] Streaming discord_game_utils@1 to /home/van/.config/discord/0.0.114/modules/pending/discord_game_utils-1.zip: 38%
11/13/2025, 7:36:01 PM GMT-3 [Modules] Streaming discord_game_utils@1 to /home/van/.config/discord/0.0.114/modules/pending/discord_game_utils-1.zip: 39%
11/13/2025, 7:36:01 PM GMT-3 [Modules] Streaming discord_game_utils@1 to /home/van/.config/discord/0.0.114/modules/pending/discord_game_utils-1.zip: 40%
11/13/2025, 7:36:01 PM GMT-3 [Modules] Streaming discord_game_utils@1 to /home/van/.config/discord/0.0.114/modules/pending/discord_game_utils-1.zip: 41%
11/13/2025, 7:36:01 PM GMT-3 [Modules] Streaming discord_game_utils@1 to /home/van/.config/discord/0.0.114/modules/pending/discord_game_utils-1.zip: 42%
11/13/2025, 7:36:01 PM GMT-3 [Modules] Streaming discord_game_utils@1 to /home/van/.config/discord/0.0.114/modules/pending/discord_game_utils-1.zip: 43%
11/13/2025, 7:36:01 PM GMT-3 [Modules] Streaming discord_game_utils@1 to /home/van/.config/discord/0.0.114/modules/pending/discord_game_utils-1.zip: 44%
11/13/2025, 7:36:01 PM GMT-3 [Modules] Streaming discord_game_utils@1 to /home/van/.config/discord/0.0.114/modules/pending/discord_game_utils-1.zip: 45%
11/13/2025, 7:36:01 PM GMT-3 [Modules] Streaming discord_game_utils@1 to /home/van/.config/discord/0.0.114/modules/pending/discord_game_utils-1.zip: 46%
11/13/2025, 7:36:01 PM GMT-3 [Modules] Streaming discord_game_utils@1 to /home/van/.config/discord/0.0.114/modules/pending/discord_game_utils-1.zip: 47%
11/13/2025, 7:36:01 PM GMT-3 [Modules] Streaming discord_game_utils@1 to /home/van/.config/discord/0.0.114/modules/pending/discord_game_utils-1.zip: 48%
11/13/2025, 7:36:01 PM GMT-3 [Modules] Streaming discord_game_utils@1 to /home/van/.config/discord/0.0.114/modules/pending/discord_game_utils-1.zip: 49%
11/13/2025, 7:36:01 PM GMT-3 [Modules] Streaming discord_game_utils@1 to /home/van/.config/discord/0.0.114/modules/pending/discord_game_utils-1.zip: 50%
11/13/2025, 7:36:01 PM GMT-3 [Modules] Streaming discord_game_utils@1 to /home/van/.config/discord/0.0.114/modules/pending/discord_game_utils-1.zip: 51%
11/13/2025, 7:36:01 PM GMT-3 [Modules] Streaming discord_game_utils@1 to /home/van/.config/discord/0.0.114/modules/pending/discord_game_utils-1.zip: 52%
11/13/2025, 7:36:01 PM GMT-3 [Modules] Streaming discord_game_utils@1 to /home/van/.config/discord/0.0.114/modules/pending/discord_game_utils-1.zip: 53%
11/13/2025, 7:36:01 PM GMT-3 [Modules] Streaming discord_game_utils@1 to /home/van/.config/discord/0.0.114/modules/pending/discord_game_utils-1.zip: 54%
11/13/2025, 7:36:01 PM GMT-3 [Modules] Streaming discord_game_utils@1 to /home/van/.config/discord/0.0.114/modules/pending/discord_game_utils-1.zip: 55%
11/13/2025, 7:36:01 PM GMT-3 [Modules] Streaming discord_game_utils@1 to /home/van/.config/discord/0.0.114/modules/pending/discord_game_utils-1.zip: 56%
11/13/2025, 7:36:01 PM GMT-3 [Modules] Streaming discord_game_utils@1 to /home/van/.config/discord/0.0.114/modules/pending/discord_game_utils-1.zip: 57%
11/13/2025, 7:36:01 PM GMT-3 [Modules] Streaming discord_game_utils@1 to /home/van/.config/discord/0.0.114/modules/pending/discord_game_utils-1.zip: 58%
11/13/2025, 7:36:01 PM GMT-3 [Modules] Streaming discord_game_utils@1 to /home/van/.config/discord/0.0.114/modules/pending/discord_game_utils-1.zip: 59%
11/13/2025, 7:36:01 PM GMT-3 [Modules] Streaming discord_game_utils@1 to /home/van/.config/discord/0.0.114/modules/pending/discord_game_utils-1.zip: 60%
11/13/2025, 7:36:01 PM GMT-3 [Modules] Streaming discord_game_utils@1 to /home/van/.config/discord/0.0.114/modules/pending/discord_game_utils-1.zip: 61%
11/13/2025, 7:36:01 PM GMT-3 [Modules] Streaming discord_game_utils@1 to /home/van/.config/discord/0.0.114/modules/pending/discord_game_utils-1.zip: 62%
11/13/2025, 7:36:01 PM GMT-3 [Modules] Streaming discord_game_utils@1 to /home/van/.config/discord/0.0.114/modules/pending/discord_game_utils-1.zip: 63%
11/13/2025, 7:36:01 PM GMT-3 [Modules] Streaming discord_game_utils@1 to /home/van/.config/discord/0.0.114/modules/pending/discord_game_utils-1.zip: 64%
11/13/2025, 7:36:01 PM GMT-3 [Modules] Streaming discord_game_utils@1 to /home/van/.config/discord/0.0.114/modules/pending/discord_game_utils-1.zip: 65%
11/13/2025, 7:36:01 PM GMT-3 [Modules] Streaming discord_game_utils@1 to /home/van/.config/discord/0.0.114/modules/pending/discord_game_utils-1.zip: 66%
11/13/2025, 7:36:01 PM GMT-3 [Modules] Streaming discord_game_utils@1 to /home/van/.config/discord/0.0.114/modules/pending/discord_game_utils-1.zip: 67%
11/13/2025, 7:36:01 PM GMT-3 [Modules] Streaming discord_game_utils@1 to /home/van/.config/discord/0.0.114/modules/pending/discord_game_utils-1.zip: 68%
11/13/2025, 7:36:01 PM GMT-3 [Modules] Streaming discord_game_utils@1 to /home/van/.config/discord/0.0.114/modules/pending/discord_game_utils-1.zip: 69%
11/13/2025, 7:36:01 PM GMT-3 [Modules] Streaming discord_game_utils@1 to /home/van/.config/discord/0.0.114/modules/pending/discord_game_utils-1.zip: 70%
11/13/2025, 7:36:01 PM GMT-3 [Modules] Streaming discord_game_utils@1 to /home/van/.config/discord/0.0.114/modules/pending/discord_game_utils-1.zip: 71%
11/13/2025, 7:36:01 PM GMT-3 [Modules] Streaming discord_game_utils@1 to /home/van/.config/discord/0.0.114/modules/pending/discord_game_utils-1.zip: 72%
11/13/2025, 7:36:01 PM GMT-3 [Modules] Streaming discord_game_utils@1 to /home/van/.config/discord/0.0.114/modules/pending/discord_game_utils-1.zip: 73%
11/13/2025, 7:36:01 PM GMT-3 [Modules] Streaming discord_game_utils@1 to /home/van/.config/discord/0.0.114/modules/pending/discord_game_utils-1.zip: 74%
11/13/2025, 7:36:01 PM GMT-3 [Modules] Streaming discord_game_utils@1 to /home/van/.config/discord/0.0.114/modules/pending/discord_game_utils-1.zip: 75%
11/13/2025, 7:36:01 PM GMT-3 [Modules] Streaming discord_game_utils@1 to /home/van/.config/discord/0.0.114/modules/pending/discord_game_utils-1.zip: 76%
11/13/2025, 7:36:01 PM GMT-3 [Modules] Streaming discord_game_utils@1 to /home/van/.config/discord/0.0.114/modules/pending/discord_game_utils-1.zip: 77%
11/13/2025, 7:36:01 PM GMT-3 [Modules] Streaming discord_game_utils@1 to /home/van/.config/discord/0.0.114/modules/pending/discord_game_utils-1.zip: 78%
11/13/2025, 7:36:01 PM GMT-3 [Modules] Streaming discord_game_utils@1 to /home/van/.config/discord/0.0.114/modules/pending/discord_game_utils-1.zip: 79%
11/13/2025, 7:36:01 PM GMT-3 [Modules] Streaming discord_game_utils@1 to /home/van/.config/discord/0.0.114/modules/pending/discord_game_utils-1.zip: 80%
11/13/2025, 7:36:01 PM GMT-3 [Modules] Streaming discord_game_utils@1 to /home/van/.config/discord/0.0.114/modules/pending/discord_game_utils-1.zip: 82%
11/13/2025, 7:36:01 PM GMT-3 [Modules] Streaming discord_game_utils@1 to /home/van/.config/discord/0.0.114/modules/pending/discord_game_utils-1.zip: 85%
11/13/2025, 7:36:01 PM GMT-3 [Modules] Streaming discord_game_utils@1 to /home/van/.config/discord/0.0.114/modules/pending/discord_game_utils-1.zip: 86%
11/13/2025, 7:36:01 PM GMT-3 [Modules] Streaming discord_game_utils@1 to /home/van/.config/discord/0.0.114/modules/pending/discord_game_utils-1.zip: 87%
11/13/2025, 7:36:01 PM GMT-3 [Modules] Streaming discord_game_utils@1 to /home/van/.config/discord/0.0.114/modules/pending/discord_game_utils-1.zip: 88%
11/13/2025, 7:36:01 PM GMT-3 [Modules] Streaming discord_game_utils@1 to /home/van/.config/discord/0.0.114/modules/pending/discord_game_utils-1.zip: 89%
11/13/2025, 7:36:01 PM GMT-3 [Modules] Streaming discord_game_utils@1 to /home/van/.config/discord/0.0.114/modules/pending/discord_game_utils-1.zip: 90%
11/13/2025, 7:36:01 PM GMT-3 [Modules] Streaming discord_game_utils@1 to /home/van/.config/discord/0.0.114/modules/pending/discord_game_utils-1.zip: 91%
11/13/2025, 7:36:01 PM GMT-3 [Modules] Streaming discord_game_utils@1 to /home/van/.config/discord/0.0.114/modules/pending/discord_game_utils-1.zip: 92%
11/13/2025, 7:36:01 PM GMT-3 [Modules] Streaming discord_game_utils@1 to /home/van/.config/discord/0.0.114/modules/pending/discord_game_utils-1.zip: 93%
11/13/2025, 7:36:01 PM GMT-3 [Modules] Streaming discord_game_utils@1 to /home/van/.config/discord/0.0.114/modules/pending/discord_game_utils-1.zip: 94%
11/13/2025, 7:36:01 PM GMT-3 [Modules] Streaming discord_game_utils@1 to /home/van/.config/discord/0.0.114/modules/pending/discord_game_utils-1.zip: 95%
11/13/2025, 7:36:01 PM GMT-3 [Modules] Streaming discord_game_utils@1 to /home/van/.config/discord/0.0.114/modules/pending/discord_game_utils-1.zip: 96%
11/13/2025, 7:36:01 PM GMT-3 [Modules] Streaming discord_game_utils@1 to /home/van/.config/discord/0.0.114/modules/pending/discord_game_utils-1.zip: 97%
11/13/2025, 7:36:01 PM GMT-3 [Modules] Streaming discord_game_utils@1 to /home/van/.config/discord/0.0.114/modules/pending/discord_game_utils-1.zip: 98%
11/13/2025, 7:36:01 PM GMT-3 [Modules] Streaming discord_game_utils@1 to /home/van/.config/discord/0.0.114/modules/pending/discord_game_utils-1.zip: 99%
11/13/2025, 7:36:01 PM GMT-3 [Modules] Streaming discord_game_utils@1 to /home/van/.config/discord/0.0.114/modules/pending/discord_game_utils-1.zip: 100%
11/13/2025, 7:36:01 PM GMT-3 [Modules] Fetching discord_rpc@1 from https://discord.com/api/modules/stable/discord_rpc/1
11/13/2025, 7:36:01 PM GMT-3 [Modules] Streaming discord_rpc@1 to /home/van/.config/discord/0.0.114/modules/pending/discord_rpc-1.zip
11/13/2025, 7:36:01 PM GMT-3 [Modules] Installing discord_game_utils@1 from /home/van/.config/discord/0.0.114/modules/pending/discord_game_utils-1.zip
11/13/2025, 7:36:01 PM GMT-3 [Modules] Finished module installations. [success: 2] [failure: 0]
11/13/2025, 7:36:02 PM GMT-3 [Modules] Streaming discord_rpc@1 to /home/van/.config/discord/0.0.114/modules/pending/discord_rpc-1.zip: 100%
11/13/2025, 7:36:02 PM GMT-3 [Modules] Finished module downloads. [success: 3] [failure: 0]
11/13/2025, 7:36:02 PM GMT-3 [Modules] Installing discord_rpc@1 from /home/van/.config/discord/0.0.114/modules/pending/discord_rpc-1.zip
11/13/2025, 7:36:02 PM GMT-3 [Modules] Finished module installations. [success: 1] [failure: 0]
11/13/2025, 7:36:27 PM GMT-3 [Modules] Checking for host updates.
11/13/2025, 7:36:27 PM GMT-3 [Modules] Host is up to date.
11/13/2025, 7:36:27 PM GMT-3 [Modules] Checking for module updates at https://discord.com/api/modules/stable/versions.json
11/13/2025, 7:36:27 PM GMT-3 [Modules] No module updates available.
11/13/2025, 7:41:49 PM GMT-3 [Modules] Modules initializing
11/13/2025, 7:41:49 PM GMT-3 [Modules] Distribution: remote
11/13/2025, 7:41:49 PM GMT-3 [Modules] Host updates: enabled
11/13/2025, 7:41:49 PM GMT-3 [Modules] Module updates: enabled
11/13/2025, 7:41:49 PM GMT-3 [Modules] Module install path: /home/van/.config/discord/0.0.114/modules
11/13/2025, 7:41:49 PM GMT-3 [Modules] Module installed file path: /home/van/.config/discord/0.0.114/modules/installed.json
11/13/2025, 7:41:49 PM GMT-3 [Modules] Module download path: /home/van/.config/discord/0.0.114/modules/pending
11/13/2025, 7:41:50 PM GMT-3 [Modules] No updates to install
11/13/2025, 7:41:50 PM GMT-3 [Modules] Checking for host updates.
11/13/2025, 7:41:50 PM GMT-3 [Modules] Host is up to date.
11/13/2025, 7:41:50 PM GMT-3 [Modules] Checking for module updates at https://discord.com/api/modules/stable/versions.json
11/13/2025, 7:41:50 PM GMT-3 [Modules] No module updates available.
11/13/2025, 7:41:57 PM GMT-3 [Modules] Checking for host updates.
11/13/2025, 7:41:58 PM GMT-3 [Modules] Host is up to date.
11/13/2025, 7:41:58 PM GMT-3 [Modules] Checking for module updates at https://discord.com/api/modules/stable/versions.json
11/13/2025, 7:41:58 PM GMT-3 [Modules] No module updates available.
11/13/2025, 8:41:57 PM GMT-3 [Modules] Checking for host updates.
11/13/2025, 8:41:58 PM GMT-3 [Modules] Host is up to date.
11/13/2025, 8:41:58 PM GMT-3 [Modules] Checking for module updates at https://discord.com/api/modules/stable/versions.json
11/13/2025, 8:41:58 PM GMT-3 [Modules] No module updates available.
11/13/2025, 9:41:57 PM GMT-3 [Modules] Checking for host updates.
11/13/2025, 9:41:58 PM GMT-3 [Modules] Host is up to date.
11/13/2025, 9:41:58 PM GMT-3 [Modules] Checking for module updates at https://discord.com/api/modules/stable/versions.json
11/13/2025, 9:41:58 PM GMT-3 [Modules] No module updates available.
11/13/2025, 10:41:57 PM GMT-3 [Modules] Checking for host updates.
11/13/2025, 10:41:58 PM GMT-3 [Modules] Host is up to date.
11/13/2025, 10:41:58 PM GMT-3 [Modules] Checking for module updates at https://discord.com/api/modules/stable/versions.json
11/13/2025, 10:41:58 PM GMT-3 [Modules] No module updates available.
11/13/2025, 11:41:57 PM GMT-3 [Modules] Checking for host updates.
11/13/2025, 11:41:58 PM GMT-3 [Modules] Host is up to date.
11/13/2025, 11:41:58 PM GMT-3 [Modules] Checking for module updates at https://discord.com/api/modules/stable/versions.json
11/13/2025, 11:41:58 PM GMT-3 [Modules] No module updates available.
11/14/2025, 12:41:57 AM GMT-3 [Modules] Checking for host updates.
11/14/2025, 12:41:58 AM GMT-3 [Modules] Host is up to date.
11/14/2025, 12:41:58 AM GMT-3 [Modules] Checking for module updates at https://discord.com/api/modules/stable/versions.json
11/14/2025, 12:41:58 AM GMT-3 [Modules] No module updates available.
11/14/2025, 10:12:47 AM GMT-3 [Modules] Modules initializing
11/14/2025, 10:12:47 AM GMT-3 [Modules] Distribution: remote
11/14/2025, 10:12:47 AM GMT-3 [Modules] Host updates: enabled
11/14/2025, 10:12:47 AM GMT-3 [Modules] Module updates: enabled
11/14/2025, 10:12:47 AM GMT-3 [Modules] Module install path: /home/van/.config/discord/0.0.114/modules
11/14/2025, 10:12:47 AM GMT-3 [Modules] Module installed file path: /home/van/.config/discord/0.0.114/modules/installed.json
11/14/2025, 10:12:47 AM GMT-3 [Modules] Module download path: /home/van/.config/discord/0.0.114/modules/pending
11/14/2025, 10:12:48 AM GMT-3 [Modules] No updates to install
11/14/2025, 10:12:48 AM GMT-3 [Modules] Checking for host updates.
11/14/2025, 10:12:48 AM GMT-3 [Modules] Host is up to date.
11/14/2025, 10:12:48 AM GMT-3 [Modules] Checking for module updates at https://discord.com/api/modules/stable/versions.json
11/14/2025, 10:12:48 AM GMT-3 [Modules] No module updates available.
11/14/2025, 10:12:53 AM GMT-3 [Modules] Checking for host updates.
11/14/2025, 10:12:54 AM GMT-3 [Modules] Host is up to date.
11/14/2025, 10:12:54 AM GMT-3 [Modules] Checking for module updates at https://discord.com/api/modules/stable/versions.json
11/14/2025, 10:12:54 AM GMT-3 [Modules] No module updates available.
11/14/2025, 11:12:53 AM GMT-3 [Modules] Checking for host updates.
11/14/2025, 11:12:53 AM GMT-3 [Modules] Host is up to date.
11/14/2025, 11:12:53 AM GMT-3 [Modules] Checking for module updates at https://discord.com/api/modules/stable/versions.json
11/14/2025, 11:12:53 AM GMT-3 [Modules] No module updates available.
11/14/2025, 12:12:53 PM GMT-3 [Modules] Checking for host updates.
11/14/2025, 12:12:53 PM GMT-3 [Modules] Host is up to date.
11/14/2025, 12:12:53 PM GMT-3 [Modules] Checking for module updates at https://discord.com/api/modules/stable/versions.json
11/14/2025, 12:12:53 PM GMT-3 [Modules] No module updates available.
11/14/2025, 1:12:53 PM GMT-3 [Modules] Checking for host updates.
11/14/2025, 1:12:53 PM GMT-3 [Modules] Host is up to date.
11/14/2025, 1:12:53 PM GMT-3 [Modules] Checking for module updates at https://discord.com/api/modules/stable/versions.json
11/14/2025, 1:12:53 PM GMT-3 [Modules] No module updates available.
11/14/2025, 2:12:53 PM GMT-3 [Modules] Checking for host updates.
11/14/2025, 2:12:53 PM GMT-3 [Modules] Host is up to date.
11/14/2025, 2:12:53 PM GMT-3 [Modules] Checking for module updates at https://discord.com/api/modules/stable/versions.json
11/14/2025, 2:12:53 PM GMT-3 [Modules] No module updates available.
11/14/2025, 3:12:53 PM GMT-3 [Modules] Checking for host updates.
11/14/2025, 3:12:53 PM GMT-3 [Modules] Host is up to date.
11/14/2025, 3:12:53 PM GMT-3 [Modules] Checking for module updates at https://discord.com/api/modules/stable/versions.json
11/14/2025, 3:12:53 PM GMT-3 [Modules] No module updates available.
11/14/2025, 4:12:53 PM GMT-3 [Modules] Checking for host updates.
11/14/2025, 4:12:53 PM GMT-3 [Modules] Host is up to date.
11/14/2025, 4:12:53 PM GMT-3 [Modules] Checking for module updates at https://discord.com/api/modules/stable/versions.json
11/14/2025, 4:12:54 PM GMT-3 [Modules] No module updates available.
11/14/2025, 5:12:53 PM GMT-3 [Modules] Checking for host updates.
11/14/2025, 5:12:54 PM GMT-3 [Modules] Host is up to date.
11/14/2025, 5:12:54 PM GMT-3 [Modules] Checking for module updates at https://discord.com/api/modules/stable/versions.json
11/14/2025, 5:12:54 PM GMT-3 [Modules] No module updates available.
12/21/2025, 8:54:36 AM GMT-3 [Modules] Modules initializing
12/21/2025, 8:54:36 AM GMT-3 [Modules] Distribution: remote
12/21/2025, 8:54:36 AM GMT-3 [Modules] Host updates: enabled
12/21/2025, 8:54:36 AM GMT-3 [Modules] Module updates: enabled
12/21/2025, 8:54:36 AM GMT-3 [Modules] Module install path: /home/van/.config/discord/0.0.119/modules
12/21/2025, 8:54:36 AM GMT-3 [Modules] Module installed file path: /home/van/.config/discord/0.0.119/modules/installed.json
12/21/2025, 8:54:36 AM GMT-3 [Modules] Module download path: /home/van/.config/discord/0.0.119/modules/pending
12/21/2025, 8:54:36 AM GMT-3 [Modules] Bootstrapping...
12/21/2025, 8:54:36 AM GMT-3 [Modules] Installing discord_desktop_core@0 from /opt/discord/resources/bootstrap/discord_desktop_core.zip
12/21/2025, 8:54:36 AM GMT-3 [Modules] Failed installing discord_desktop_core@0: Error: ENOENT: no such file or directory, open '/opt/discord/resources/bootstrap/discord_desktop_core.zip'
12/21/2025, 8:54:36 AM GMT-3 [Modules] Installing discord_erlpack@0 from /opt/discord/resources/bootstrap/discord_erlpack.zip
12/21/2025, 8:54:36 AM GMT-3 [Modules] Failed installing discord_erlpack@0: Error: ENOENT: no such file or directory, open '/opt/discord/resources/bootstrap/discord_erlpack.zip'
12/21/2025, 8:54:36 AM GMT-3 [Modules] Installing discord_spellcheck@0 from /opt/discord/resources/bootstrap/discord_spellcheck.zip
12/21/2025, 8:54:36 AM GMT-3 [Modules] Failed installing discord_spellcheck@0: Error: ENOENT: no such file or directory, open '/opt/discord/resources/bootstrap/discord_spellcheck.zip'
12/21/2025, 8:54:36 AM GMT-3 [Modules] Installing discord_utils@0 from /opt/discord/resources/bootstrap/discord_utils.zip
12/21/2025, 8:54:36 AM GMT-3 [Modules] Failed installing discord_utils@0: Error: ENOENT: no such file or directory, open '/opt/discord/resources/bootstrap/discord_utils.zip'
12/21/2025, 8:54:36 AM GMT-3 [Modules] Installing discord_voice@0 from /opt/discord/resources/bootstrap/discord_voice.zip
12/21/2025, 8:54:36 AM GMT-3 [Modules] Failed installing discord_voice@0: Error: ENOENT: no such file or directory, open '/opt/discord/resources/bootstrap/discord_voice.zip'
12/21/2025, 8:54:36 AM GMT-3 [Modules] Installing discord_zstd@0 from /opt/discord/resources/bootstrap/discord_zstd.zip
12/21/2025, 8:54:36 AM GMT-3 [Modules] Failed installing discord_zstd@0: Error: ENOENT: no such file or directory, open '/opt/discord/resources/bootstrap/discord_zstd.zip'
12/21/2025, 8:54:36 AM GMT-3 [Modules] Finished module installations. [success: 0] [failure: 6]
12/21/2025, 8:54:36 AM GMT-3 [Modules] Checking for host updates.
12/21/2025, 8:54:36 AM GMT-3 [Modules] Host is up to date.
12/21/2025, 8:54:36 AM GMT-3 [Modules] Checking for module updates at https://discord.com/api/modules/stable/versions.json
12/21/2025, 8:54:36 AM GMT-3 [Modules] Module update available: discord_desktop_core@1 [installed: 0]
12/21/2025, 8:54:36 AM GMT-3 [Modules] Module update available: discord_erlpack@1 [installed: 0]
12/21/2025, 8:54:36 AM GMT-3 [Modules] Module update available: discord_spellcheck@1 [installed: 0]
12/21/2025, 8:54:36 AM GMT-3 [Modules] Module update available: discord_utils@1 [installed: 0]
12/21/2025, 8:54:36 AM GMT-3 [Modules] Module update available: discord_voice@1 [installed: 0]
12/21/2025, 8:54:36 AM GMT-3 [Modules] Module update available: discord_zstd@1 [installed: 0]
12/21/2025, 8:54:36 AM GMT-3 [Modules] Fetching discord_desktop_core@1 from https://discord.com/api/modules/stable/discord_desktop_core/1
12/21/2025, 8:54:36 AM GMT-3 [Modules] Streaming discord_desktop_core@1 to /home/van/.config/discord/0.0.119/modules/pending/discord_desktop_core-1.zip
12/21/2025, 8:54:37 AM GMT-3 [Modules] Streaming discord_desktop_core@1 to /home/van/.config/discord/0.0.119/modules/pending/discord_desktop_core-1.zip: 1%
12/21/2025, 8:54:37 AM GMT-3 [Modules] Streaming discord_desktop_core@1 to /home/van/.config/discord/0.0.119/modules/pending/discord_desktop_core-1.zip: 2%
12/21/2025, 8:54:37 AM GMT-3 [Modules] Streaming discord_desktop_core@1 to /home/van/.config/discord/0.0.119/modules/pending/discord_desktop_core-1.zip: 3%
12/21/2025, 8:54:37 AM GMT-3 [Modules] Streaming discord_desktop_core@1 to /home/van/.config/discord/0.0.119/modules/pending/discord_desktop_core-1.zip: 4%
12/21/2025, 8:54:37 AM GMT-3 [Modules] Streaming discord_desktop_core@1 to /home/van/.config/discord/0.0.119/modules/pending/discord_desktop_core-1.zip: 5%
12/21/2025, 8:54:37 AM GMT-3 [Modules] Streaming discord_desktop_core@1 to /home/van/.config/discord/0.0.119/modules/pending/discord_desktop_core-1.zip: 6%
12/21/2025, 8:54:37 AM GMT-3 [Modules] Streaming discord_desktop_core@1 to /home/van/.config/discord/0.0.119/modules/pending/discord_desktop_core-1.zip: 7%
12/21/2025, 8:54:37 AM GMT-3 [Modules] Streaming discord_desktop_core@1 to /home/van/.config/discord/0.0.119/modules/pending/discord_desktop_core-1.zip: 8%
12/21/2025, 8:54:37 AM GMT-3 [Modules] Streaming discord_desktop_core@1 to /home/van/.config/discord/0.0.119/modules/pending/discord_desktop_core-1.zip: 11%
12/21/2025, 8:54:37 AM GMT-3 [Modules] Streaming discord_desktop_core@1 to /home/van/.config/discord/0.0.119/modules/pending/discord_desktop_core-1.zip: 12%
12/21/2025, 8:54:37 AM GMT-3 [Modules] Streaming discord_desktop_core@1 to /home/van/.config/discord/0.0.119/modules/pending/discord_desktop_core-1.zip: 13%
12/21/2025, 8:54:37 AM GMT-3 [Modules] Streaming discord_desktop_core@1 to /home/van/.config/discord/0.0.119/modules/pending/discord_desktop_core-1.zip: 14%
12/21/2025, 8:54:37 AM GMT-3 [Modules] Streaming discord_desktop_core@1 to /home/van/.config/discord/0.0.119/modules/pending/discord_desktop_core-1.zip: 16%
12/21/2025, 8:54:37 AM GMT-3 [Modules] Streaming discord_desktop_core@1 to /home/van/.config/discord/0.0.119/modules/pending/discord_desktop_core-1.zip: 17%
12/21/2025, 8:54:37 AM GMT-3 [Modules] Streaming discord_desktop_core@1 to /home/van/.config/discord/0.0.119/modules/pending/discord_desktop_core-1.zip: 20%
12/21/2025, 8:54:37 AM GMT-3 [Modules] Streaming discord_desktop_core@1 to /home/van/.config/discord/0.0.119/modules/pending/discord_desktop_core-1.zip: 21%
12/21/2025, 8:54:37 AM GMT-3 [Modules] Streaming discord_desktop_core@1 to /home/van/.config/discord/0.0.119/modules/pending/discord_desktop_core-1.zip: 22%
12/21/2025, 8:54:37 AM GMT-3 [Modules] Streaming discord_desktop_core@1 to /home/van/.config/discord/0.0.119/modules/pending/discord_desktop_core-1.zip: 25%
12/21/2025, 8:54:37 AM GMT-3 [Modules] Streaming discord_desktop_core@1 to /home/van/.config/discord/0.0.119/modules/pending/discord_desktop_core-1.zip: 26%
12/21/2025, 8:54:37 AM GMT-3 [Modules] Streaming discord_desktop_core@1 to /home/van/.config/discord/0.0.119/modules/pending/discord_desktop_core-1.zip: 29%
12/21/2025, 8:54:37 AM GMT-3 [Modules] Streaming discord_desktop_core@1 to /home/van/.config/discord/0.0.119/modules/pending/discord_desktop_core-1.zip: 30%
12/21/2025, 8:54:37 AM GMT-3 [Modules] Streaming discord_desktop_core@1 to /home/van/.config/discord/0.0.119/modules/pending/discord_desktop_core-1.zip: 32%
12/21/2025, 8:54:37 AM GMT-3 [Modules] Streaming discord_desktop_core@1 to /home/van/.config/discord/0.0.119/modules/pending/discord_desktop_core-1.zip: 33%
12/21/2025, 8:54:37 AM GMT-3 [Modules] Streaming discord_desktop_core@1 to /home/van/.config/discord/0.0.119/modules/pending/discord_desktop_core-1.zip: 36%
12/21/2025, 8:54:37 AM GMT-3 [Modules] Streaming discord_desktop_core@1 to /home/van/.config/discord/0.0.119/modules/pending/discord_desktop_core-1.zip: 37%
12/21/2025, 8:54:37 AM GMT-3 [Modules] Streaming discord_desktop_core@1 to /home/van/.config/discord/0.0.119/modules/pending/discord_desktop_core-1.zip: 40%
12/21/2025, 8:54:37 AM GMT-3 [Modules] Streaming discord_desktop_core@1 to /home/van/.config/discord/0.0.119/modules/pending/discord_desktop_core-1.zip: 44%
12/21/2025, 8:54:37 AM GMT-3 [Modules] Streaming discord_desktop_core@1 to /home/van/.config/discord/0.0.119/modules/pending/discord_desktop_core-1.zip: 45%
12/21/2025, 8:54:37 AM GMT-3 [Modules] Streaming discord_desktop_core@1 to /home/van/.config/discord/0.0.119/modules/pending/discord_desktop_core-1.zip: 47%
12/21/2025, 8:54:37 AM GMT-3 [Modules] Streaming discord_desktop_core@1 to /home/van/.config/discord/0.0.119/modules/pending/discord_desktop_core-1.zip: 49%
12/21/2025, 8:54:37 AM GMT-3 [Modules] Streaming discord_desktop_core@1 to /home/van/.config/discord/0.0.119/modules/pending/discord_desktop_core-1.zip: 52%
12/21/2025, 8:54:37 AM GMT-3 [Modules] Streaming discord_desktop_core@1 to /home/van/.config/discord/0.0.119/modules/pending/discord_desktop_core-1.zip: 54%
12/21/2025, 8:54:37 AM GMT-3 [Modules] Streaming discord_desktop_core@1 to /home/van/.config/discord/0.0.119/modules/pending/discord_desktop_core-1.zip: 58%
12/21/2025, 8:54:37 AM GMT-3 [Modules] Streaming discord_desktop_core@1 to /home/van/.config/discord/0.0.119/modules/pending/discord_desktop_core-1.zip: 61%
12/21/2025, 8:54:37 AM GMT-3 [Modules] Streaming discord_desktop_core@1 to /home/van/.config/discord/0.0.119/modules/pending/discord_desktop_core-1.zip: 62%
12/21/2025, 8:54:37 AM GMT-3 [Modules] Streaming discord_desktop_core@1 to /home/van/.config/discord/0.0.119/modules/pending/discord_desktop_core-1.zip: 66%
12/21/2025, 8:54:37 AM GMT-3 [Modules] Streaming discord_desktop_core@1 to /home/van/.config/discord/0.0.119/modules/pending/discord_desktop_core-1.zip: 68%
12/21/2025, 8:54:37 AM GMT-3 [Modules] Streaming discord_desktop_core@1 to /home/van/.config/discord/0.0.119/modules/pending/discord_desktop_core-1.zip: 70%
12/21/2025, 8:54:37 AM GMT-3 [Modules] Streaming discord_desktop_core@1 to /home/van/.config/discord/0.0.119/modules/pending/discord_desktop_core-1.zip: 71%
12/21/2025, 8:54:37 AM GMT-3 [Modules] Streaming discord_desktop_core@1 to /home/van/.config/discord/0.0.119/modules/pending/discord_desktop_core-1.zip: 72%
12/21/2025, 8:54:37 AM GMT-3 [Modules] Streaming discord_desktop_core@1 to /home/van/.config/discord/0.0.119/modules/pending/discord_desktop_core-1.zip: 76%
12/21/2025, 8:54:37 AM GMT-3 [Modules] Streaming discord_desktop_core@1 to /home/van/.config/discord/0.0.119/modules/pending/discord_desktop_core-1.zip: 78%
12/21/2025, 8:54:37 AM GMT-3 [Modules] Streaming discord_desktop_core@1 to /home/van/.config/discord/0.0.119/modules/pending/discord_desktop_core-1.zip: 80%
12/21/2025, 8:54:37 AM GMT-3 [Modules] Streaming discord_desktop_core@1 to /home/van/.config/discord/0.0.119/modules/pending/discord_desktop_core-1.zip: 83%
12/21/2025, 8:54:37 AM GMT-3 [Modules] Streaming discord_desktop_core@1 to /home/van/.config/discord/0.0.119/modules/pending/discord_desktop_core-1.zip: 85%
12/21/2025, 8:54:37 AM GMT-3 [Modules] Streaming discord_desktop_core@1 to /home/van/.config/discord/0.0.119/modules/pending/discord_desktop_core-1.zip: 89%
12/21/2025, 8:54:37 AM GMT-3 [Modules] Streaming discord_desktop_core@1 to /home/van/.config/discord/0.0.119/modules/pending/discord_desktop_core-1.zip: 90%
12/21/2025, 8:54:37 AM GMT-3 [Modules] Streaming discord_desktop_core@1 to /home/van/.config/discord/0.0.119/modules/pending/discord_desktop_core-1.zip: 92%
12/21/2025, 8:54:37 AM GMT-3 [Modules] Streaming discord_desktop_core@1 to /home/van/.config/discord/0.0.119/modules/pending/discord_desktop_core-1.zip: 96%
12/21/2025, 8:54:37 AM GMT-3 [Modules] Streaming discord_desktop_core@1 to /home/van/.config/discord/0.0.119/modules/pending/discord_desktop_core-1.zip: 97%
12/21/2025, 8:54:37 AM GMT-3 [Modules] Streaming discord_desktop_core@1 to /home/van/.config/discord/0.0.119/modules/pending/discord_desktop_core-1.zip: 100%
12/21/2025, 8:54:37 AM GMT-3 [Modules] Fetching discord_erlpack@1 from https://discord.com/api/modules/stable/discord_erlpack/1
12/21/2025, 8:54:37 AM GMT-3 [Modules] Streaming discord_erlpack@1 to /home/van/.config/discord/0.0.119/modules/pending/discord_erlpack-1.zip
12/21/2025, 8:54:38 AM GMT-3 [Modules] Streaming discord_erlpack@1 to /home/van/.config/discord/0.0.119/modules/pending/discord_erlpack-1.zip: 2%
12/21/2025, 8:54:38 AM GMT-3 [Modules] Streaming discord_erlpack@1 to /home/van/.config/discord/0.0.119/modules/pending/discord_erlpack-1.zip: 11%
12/21/2025, 8:54:38 AM GMT-3 [Modules] Streaming discord_erlpack@1 to /home/van/.config/discord/0.0.119/modules/pending/discord_erlpack-1.zip: 34%
12/21/2025, 8:54:38 AM GMT-3 [Modules] Streaming discord_erlpack@1 to /home/van/.config/discord/0.0.119/modules/pending/discord_erlpack-1.zip: 38%
12/21/2025, 8:54:38 AM GMT-3 [Modules] Streaming discord_erlpack@1 to /home/van/.config/discord/0.0.119/modules/pending/discord_erlpack-1.zip: 43%
12/21/2025, 8:54:38 AM GMT-3 [Modules] Streaming discord_erlpack@1 to /home/van/.config/discord/0.0.119/modules/pending/discord_erlpack-1.zip: 46%
12/21/2025, 8:54:38 AM GMT-3 [Modules] Streaming discord_erlpack@1 to /home/van/.config/discord/0.0.119/modules/pending/discord_erlpack-1.zip: 50%
12/21/2025, 8:54:38 AM GMT-3 [Modules] Streaming discord_erlpack@1 to /home/van/.config/discord/0.0.119/modules/pending/discord_erlpack-1.zip: 65%
12/21/2025, 8:54:38 AM GMT-3 [Modules] Streaming discord_erlpack@1 to /home/van/.config/discord/0.0.119/modules/pending/discord_erlpack-1.zip: 81%
12/21/2025, 8:54:38 AM GMT-3 [Modules] Streaming discord_erlpack@1 to /home/van/.config/discord/0.0.119/modules/pending/discord_erlpack-1.zip: 89%
12/21/2025, 8:54:38 AM GMT-3 [Modules] Streaming discord_erlpack@1 to /home/van/.config/discord/0.0.119/modules/pending/discord_erlpack-1.zip: 92%
12/21/2025, 8:54:38 AM GMT-3 [Modules] Streaming discord_erlpack@1 to /home/van/.config/discord/0.0.119/modules/pending/discord_erlpack-1.zip: 95%
12/21/2025, 8:54:38 AM GMT-3 [Modules] Streaming discord_erlpack@1 to /home/van/.config/discord/0.0.119/modules/pending/discord_erlpack-1.zip: 100%
12/21/2025, 8:54:38 AM GMT-3 [Modules] Fetching discord_spellcheck@1 from https://discord.com/api/modules/stable/discord_spellcheck/1
12/21/2025, 8:54:38 AM GMT-3 [Modules] Streaming discord_spellcheck@1 to /home/van/.config/discord/0.0.119/modules/pending/discord_spellcheck-1.zip
12/21/2025, 8:54:39 AM GMT-3 [Modules] Streaming discord_spellcheck@1 to /home/van/.config/discord/0.0.119/modules/pending/discord_spellcheck-1.zip: 1%
12/21/2025, 8:54:39 AM GMT-3 [Modules] Streaming discord_spellcheck@1 to /home/van/.config/discord/0.0.119/modules/pending/discord_spellcheck-1.zip: 2%
12/21/2025, 8:54:39 AM GMT-3 [Modules] Streaming discord_spellcheck@1 to /home/van/.config/discord/0.0.119/modules/pending/discord_spellcheck-1.zip: 3%
12/21/2025, 8:54:39 AM GMT-3 [Modules] Streaming discord_spellcheck@1 to /home/van/.config/discord/0.0.119/modules/pending/discord_spellcheck-1.zip: 4%
12/21/2025, 8:54:39 AM GMT-3 [Modules] Streaming discord_spellcheck@1 to /home/van/.config/discord/0.0.119/modules/pending/discord_spellcheck-1.zip: 5%
12/21/2025, 8:54:39 AM GMT-3 [Modules] Streaming discord_spellcheck@1 to /home/van/.config/discord/0.0.119/modules/pending/discord_spellcheck-1.zip: 6%
12/21/2025, 8:54:39 AM GMT-3 [Modules] Streaming discord_spellcheck@1 to /home/van/.config/discord/0.0.119/modules/pending/discord_spellcheck-1.zip: 7%
12/21/2025, 8:54:39 AM GMT-3 [Modules] Streaming discord_spellcheck@1 to /home/van/.config/discord/0.0.119/modules/pending/discord_spellcheck-1.zip: 8%
12/21/2025, 8:54:39 AM GMT-3 [Modules] Streaming discord_spellcheck@1 to /home/van/.config/discord/0.0.119/modules/pending/discord_spellcheck-1.zip: 9%
12/21/2025, 8:54:39 AM GMT-3 [Modules] Streaming discord_spellcheck@1 to /home/van/.config/discord/0.0.119/modules/pending/discord_spellcheck-1.zip: 10%
12/21/2025, 8:54:39 AM GMT-3 [Modules] Streaming discord_spellcheck@1 to /home/van/.config/discord/0.0.119/modules/pending/discord_spellcheck-1.zip: 11%
12/21/2025, 8:54:39 AM GMT-3 [Modules] Streaming discord_spellcheck@1 to /home/van/.config/discord/0.0.119/modules/pending/discord_spellcheck-1.zip: 12%
12/21/2025, 8:54:39 AM GMT-3 [Modules] Streaming discord_spellcheck@1 to /home/van/.config/discord/0.0.119/modules/pending/discord_spellcheck-1.zip: 13%
12/21/2025, 8:54:39 AM GMT-3 [Modules] Streaming discord_spellcheck@1 to /home/van/.config/discord/0.0.119/modules/pending/discord_spellcheck-1.zip: 14%
12/21/2025, 8:54:39 AM GMT-3 [Modules] Streaming discord_spellcheck@1 to /home/van/.config/discord/0.0.119/modules/pending/discord_spellcheck-1.zip: 15%
12/21/2025, 8:54:39 AM GMT-3 [Modules] Streaming discord_spellcheck@1 to /home/van/.config/discord/0.0.119/modules/pending/discord_spellcheck-1.zip: 16%
12/21/2025, 8:54:39 AM GMT-3 [Modules] Streaming discord_spellcheck@1 to /home/van/.config/discord/0.0.119/modules/pending/discord_spellcheck-1.zip: 17%
12/21/2025, 8:54:39 AM GMT-3 [Modules] Streaming discord_spellcheck@1 to /home/van/.config/discord/0.0.119/modules/pending/discord_spellcheck-1.zip: 18%
12/21/2025, 8:54:39 AM GMT-3 [Modules] Streaming discord_spellcheck@1 to /home/van/.config/discord/0.0.119/modules/pending/discord_spellcheck-1.zip: 19%
12/21/2025, 8:54:39 AM GMT-3 [Modules] Streaming discord_spellcheck@1 to /home/van/.config/discord/0.0.119/modules/pending/discord_spellcheck-1.zip: 20%
12/21/2025, 8:54:39 AM GMT-3 [Modules] Streaming discord_spellcheck@1 to /home/van/.config/discord/0.0.119/modules/pending/discord_spellcheck-1.zip: 21%
12/21/2025, 8:54:39 AM GMT-3 [Modules] Streaming discord_spellcheck@1 to /home/van/.config/discord/0.0.119/modules/pending/discord_spellcheck-1.zip: 23%
12/21/2025, 8:54:39 AM GMT-3 [Modules] Streaming discord_spellcheck@1 to /home/van/.config/discord/0.0.119/modules/pending/discord_spellcheck-1.zip: 24%
12/21/2025, 8:54:39 AM GMT-3 [Modules] Streaming discord_spellcheck@1 to /home/van/.config/discord/0.0.119/modules/pending/discord_spellcheck-1.zip: 25%
12/21/2025, 8:54:39 AM GMT-3 [Modules] Streaming discord_spellcheck@1 to /home/van/.config/discord/0.0.119/modules/pending/discord_spellcheck-1.zip: 27%
12/21/2025, 8:54:39 AM GMT-3 [Modules] Streaming discord_spellcheck@1 to /home/van/.config/discord/0.0.119/modules/pending/discord_spellcheck-1.zip: 28%
12/21/2025, 8:54:39 AM GMT-3 [Modules] Streaming discord_spellcheck@1 to /home/van/.config/discord/0.0.119/modules/pending/discord_spellcheck-1.zip: 29%
12/21/2025, 8:54:39 AM GMT-3 [Modules] Streaming discord_spellcheck@1 to /home/van/.config/discord/0.0.119/modules/pending/discord_spellcheck-1.zip: 30%
12/21/2025, 8:54:39 AM GMT-3 [Modules] Streaming discord_spellcheck@1 to /home/van/.config/discord/0.0.119/modules/pending/discord_spellcheck-1.zip: 31%
12/21/2025, 8:54:39 AM GMT-3 [Modules] Streaming discord_spellcheck@1 to /home/van/.config/discord/0.0.119/modules/pending/discord_spellcheck-1.zip: 32%
12/21/2025, 8:54:39 AM GMT-3 [Modules] Streaming discord_spellcheck@1 to /home/van/.config/discord/0.0.119/modules/pending/discord_spellcheck-1.zip: 33%
12/21/2025, 8:54:39 AM GMT-3 [Modules] Streaming discord_spellcheck@1 to /home/van/.config/discord/0.0.119/modules/pending/discord_spellcheck-1.zip: 34%
12/21/2025, 8:54:39 AM GMT-3 [Modules] Streaming discord_spellcheck@1 to /home/van/.config/discord/0.0.119/modules/pending/discord_spellcheck-1.zip: 35%
12/21/2025, 8:54:39 AM GMT-3 [Modules] Streaming discord_spellcheck@1 to /home/van/.config/discord/0.0.119/modules/pending/discord_spellcheck-1.zip: 36%
12/21/2025, 8:54:39 AM GMT-3 [Modules] Streaming discord_spellcheck@1 to /home/van/.config/discord/0.0.119/modules/pending/discord_spellcheck-1.zip: 37%
12/21/2025, 8:54:39 AM GMT-3 [Modules] Streaming discord_spellcheck@1 to /home/van/.config/discord/0.0.119/modules/pending/discord_spellcheck-1.zip: 38%
12/21/2025, 8:54:39 AM GMT-3 [Modules] Streaming discord_spellcheck@1 to /home/van/.config/discord/0.0.119/modules/pending/discord_spellcheck-1.zip: 39%
12/21/2025, 8:54:39 AM GMT-3 [Modules] Streaming discord_spellcheck@1 to /home/van/.config/discord/0.0.119/modules/pending/discord_spellcheck-1.zip: 40%
12/21/2025, 8:54:39 AM GMT-3 [Modules] Streaming discord_spellcheck@1 to /home/van/.config/discord/0.0.119/modules/pending/discord_spellcheck-1.zip: 41%
12/21/2025, 8:54:39 AM GMT-3 [Modules] Streaming discord_spellcheck@1 to /home/van/.config/discord/0.0.119/modules/pending/discord_spellcheck-1.zip: 42%
12/21/2025, 8:54:39 AM GMT-3 [Modules] Streaming discord_spellcheck@1 to /home/van/.config/discord/0.0.119/modules/pending/discord_spellcheck-1.zip: 43%
12/21/2025, 8:54:39 AM GMT-3 [Modules] Streaming discord_spellcheck@1 to /home/van/.config/discord/0.0.119/modules/pending/discord_spellcheck-1.zip: 44%
12/21/2025, 8:54:39 AM GMT-3 [Modules] Streaming discord_spellcheck@1 to /home/van/.config/discord/0.0.119/modules/pending/discord_spellcheck-1.zip: 45%
12/21/2025, 8:54:39 AM GMT-3 [Modules] Streaming discord_spellcheck@1 to /home/van/.config/discord/0.0.119/modules/pending/discord_spellcheck-1.zip: 46%
12/21/2025, 8:54:39 AM GMT-3 [Modules] Streaming discord_spellcheck@1 to /home/van/.config/discord/0.0.119/modules/pending/discord_spellcheck-1.zip: 47%
12/21/2025, 8:54:39 AM GMT-3 [Modules] Streaming discord_spellcheck@1 to /home/van/.config/discord/0.0.119/modules/pending/discord_spellcheck-1.zip: 48%
12/21/2025, 8:54:39 AM GMT-3 [Modules] Streaming discord_spellcheck@1 to /home/van/.config/discord/0.0.119/modules/pending/discord_spellcheck-1.zip: 49%
12/21/2025, 8:54:39 AM GMT-3 [Modules] Streaming discord_spellcheck@1 to /home/van/.config/discord/0.0.119/modules/pending/discord_spellcheck-1.zip: 50%
12/21/2025, 8:54:39 AM GMT-3 [Modules] Streaming discord_spellcheck@1 to /home/van/.config/discord/0.0.119/modules/pending/discord_spellcheck-1.zip: 51%
12/21/2025, 8:54:39 AM GMT-3 [Modules] Streaming discord_spellcheck@1 to /home/van/.config/discord/0.0.119/modules/pending/discord_spellcheck-1.zip: 52%
12/21/2025, 8:54:39 AM GMT-3 [Modules] Streaming discord_spellcheck@1 to /home/van/.config/discord/0.0.119/modules/pending/discord_spellcheck-1.zip: 53%
12/21/2025, 8:54:39 AM GMT-3 [Modules] Streaming discord_spellcheck@1 to /home/van/.config/discord/0.0.119/modules/pending/discord_spellcheck-1.zip: 55%
12/21/2025, 8:54:39 AM GMT-3 [Modules] Streaming discord_spellcheck@1 to /home/van/.config/discord/0.0.119/modules/pending/discord_spellcheck-1.zip: 56%
12/21/2025, 8:54:39 AM GMT-3 [Modules] Streaming discord_spellcheck@1 to /home/van/.config/discord/0.0.119/modules/pending/discord_spellcheck-1.zip: 57%
12/21/2025, 8:54:39 AM GMT-3 [Modules] Streaming discord_spellcheck@1 to /home/van/.config/discord/0.0.119/modules/pending/discord_spellcheck-1.zip: 58%
12/21/2025, 8:54:39 AM GMT-3 [Modules] Streaming discord_spellcheck@1 to /home/van/.config/discord/0.0.119/modules/pending/discord_spellcheck-1.zip: 59%
12/21/2025, 8:54:39 AM GMT-3 [Modules] Streaming discord_spellcheck@1 to /home/van/.config/discord/0.0.119/modules/pending/discord_spellcheck-1.zip: 60%
12/21/2025, 8:54:39 AM GMT-3 [Modules] Streaming discord_spellcheck@1 to /home/van/.config/discord/0.0.119/modules/pending/discord_spellcheck-1.zip: 61%
12/21/2025, 8:54:39 AM GMT-3 [Modules] Streaming discord_spellcheck@1 to /home/van/.config/discord/0.0.119/modules/pending/discord_spellcheck-1.zip: 62%
12/21/2025, 8:54:39 AM GMT-3 [Modules] Streaming discord_spellcheck@1 to /home/van/.config/discord/0.0.119/modules/pending/discord_spellcheck-1.zip: 63%
12/21/2025, 8:54:39 AM GMT-3 [Modules] Streaming discord_spellcheck@1 to /home/van/.config/discord/0.0.119/modules/pending/discord_spellcheck-1.zip: 64%
12/21/2025, 8:54:39 AM GMT-3 [Modules] Streaming discord_spellcheck@1 to /home/van/.config/discord/0.0.119/modules/pending/discord_spellcheck-1.zip: 65%
12/21/2025, 8:54:39 AM GMT-3 [Modules] Streaming discord_spellcheck@1 to /home/van/.config/discord/0.0.119/modules/pending/discord_spellcheck-1.zip: 66%
12/21/2025, 8:54:39 AM GMT-3 [Modules] Streaming discord_spellcheck@1 to /home/van/.config/discord/0.0.119/modules/pending/discord_spellcheck-1.zip: 67%
12/21/2025, 8:54:39 AM GMT-3 [Modules] Streaming discord_spellcheck@1 to /home/van/.config/discord/0.0.119/modules/pending/discord_spellcheck-1.zip: 68%
12/21/2025, 8:54:39 AM GMT-3 [Modules] Streaming discord_spellcheck@1 to /home/van/.config/discord/0.0.119/modules/pending/discord_spellcheck-1.zip: 69%
12/21/2025, 8:54:39 AM GMT-3 [Modules] Streaming discord_spellcheck@1 to /home/van/.config/discord/0.0.119/modules/pending/discord_spellcheck-1.zip: 70%
12/21/2025, 8:54:39 AM GMT-3 [Modules] Streaming discord_spellcheck@1 to /home/van/.config/discord/0.0.119/modules/pending/discord_spellcheck-1.zip: 71%
12/21/2025, 8:54:39 AM GMT-3 [Modules] Streaming discord_spellcheck@1 to /home/van/.config/discord/0.0.119/modules/pending/discord_spellcheck-1.zip: 72%
12/21/2025, 8:54:39 AM GMT-3 [Modules] Streaming discord_spellcheck@1 to /home/van/.config/discord/0.0.119/modules/pending/discord_spellcheck-1.zip: 73%
12/21/2025, 8:54:39 AM GMT-3 [Modules] Streaming discord_spellcheck@1 to /home/van/.config/discord/0.0.119/modules/pending/discord_spellcheck-1.zip: 74%
12/21/2025, 8:54:39 AM GMT-3 [Modules] Streaming discord_spellcheck@1 to /home/van/.config/discord/0.0.119/modules/pending/discord_spellcheck-1.zip: 75%
12/21/2025, 8:54:39 AM GMT-3 [Modules] Streaming discord_spellcheck@1 to /home/van/.config/discord/0.0.119/modules/pending/discord_spellcheck-1.zip: 76%
12/21/2025, 8:54:39 AM GMT-3 [Modules] Streaming discord_spellcheck@1 to /home/van/.config/discord/0.0.119/modules/pending/discord_spellcheck-1.zip: 77%
12/21/2025, 8:54:39 AM GMT-3 [Modules] Streaming discord_spellcheck@1 to /home/van/.config/discord/0.0.119/modules/pending/discord_spellcheck-1.zip: 78%
12/21/2025, 8:54:39 AM GMT-3 [Modules] Streaming discord_spellcheck@1 to /home/van/.config/discord/0.0.119/modules/pending/discord_spellcheck-1.zip: 79%
12/21/2025, 8:54:39 AM GMT-3 [Modules] Streaming discord_spellcheck@1 to /home/van/.config/discord/0.0.119/modules/pending/discord_spellcheck-1.zip: 80%
12/21/2025, 8:54:39 AM GMT-3 [Modules] Streaming discord_spellcheck@1 to /home/van/.config/discord/0.0.119/modules/pending/discord_spellcheck-1.zip: 81%
12/21/2025, 8:54:39 AM GMT-3 [Modules] Streaming discord_spellcheck@1 to /home/van/.config/discord/0.0.119/modules/pending/discord_spellcheck-1.zip: 82%
12/21/2025, 8:54:39 AM GMT-3 [Modules] Streaming discord_spellcheck@1 to /home/van/.config/discord/0.0.119/modules/pending/discord_spellcheck-1.zip: 83%
12/21/2025, 8:54:39 AM GMT-3 [Modules] Streaming discord_spellcheck@1 to /home/van/.config/discord/0.0.119/modules/pending/discord_spellcheck-1.zip: 84%
12/21/2025, 8:54:39 AM GMT-3 [Modules] Streaming discord_spellcheck@1 to /home/van/.config/discord/0.0.119/modules/pending/discord_spellcheck-1.zip: 85%
12/21/2025, 8:54:39 AM GMT-3 [Modules] Streaming discord_spellcheck@1 to /home/van/.config/discord/0.0.119/modules/pending/discord_spellcheck-1.zip: 86%
12/21/2025, 8:54:39 AM GMT-3 [Modules] Streaming discord_spellcheck@1 to /home/van/.config/discord/0.0.119/modules/pending/discord_spellcheck-1.zip: 87%
12/21/2025, 8:54:39 AM GMT-3 [Modules] Streaming discord_spellcheck@1 to /home/van/.config/discord/0.0.119/modules/pending/discord_spellcheck-1.zip: 88%
12/21/2025, 8:54:39 AM GMT-3 [Modules] Streaming discord_spellcheck@1 to /home/van/.config/discord/0.0.119/modules/pending/discord_spellcheck-1.zip: 90%
12/21/2025, 8:54:39 AM GMT-3 [Modules] Streaming discord_spellcheck@1 to /home/van/.config/discord/0.0.119/modules/pending/discord_spellcheck-1.zip: 91%
12/21/2025, 8:54:39 AM GMT-3 [Modules] Streaming discord_spellcheck@1 to /home/van/.config/discord/0.0.119/modules/pending/discord_spellcheck-1.zip: 92%
12/21/2025, 8:54:39 AM GMT-3 [Modules] Streaming discord_spellcheck@1 to /home/van/.config/discord/0.0.119/modules/pending/discord_spellcheck-1.zip: 93%
12/21/2025, 8:54:39 AM GMT-3 [Modules] Streaming discord_spellcheck@1 to /home/van/.config/discord/0.0.119/modules/pending/discord_spellcheck-1.zip: 94%
12/21/2025, 8:54:39 AM GMT-3 [Modules] Streaming discord_spellcheck@1 to /home/van/.config/discord/0.0.119/modules/pending/discord_spellcheck-1.zip: 95%
12/21/2025, 8:54:39 AM GMT-3 [Modules] Streaming discord_spellcheck@1 to /home/van/.config/discord/0.0.119/modules/pending/discord_spellcheck-1.zip: 96%
12/21/2025, 8:54:39 AM GMT-3 [Modules] Streaming discord_spellcheck@1 to /home/van/.config/discord/0.0.119/modules/pending/discord_spellcheck-1.zip: 97%
12/21/2025, 8:54:39 AM GMT-3 [Modules] Streaming discord_spellcheck@1 to /home/van/.config/discord/0.0.119/modules/pending/discord_spellcheck-1.zip: 98%
12/21/2025, 8:54:39 AM GMT-3 [Modules] Streaming discord_spellcheck@1 to /home/van/.config/discord/0.0.119/modules/pending/discord_spellcheck-1.zip: 99%
12/21/2025, 8:54:39 AM GMT-3 [Modules] Streaming discord_spellcheck@1 to /home/van/.config/discord/0.0.119/modules/pending/discord_spellcheck-1.zip: 100%
12/21/2025, 8:54:39 AM GMT-3 [Modules] Fetching discord_utils@1 from https://discord.com/api/modules/stable/discord_utils/1
12/21/2025, 8:54:39 AM GMT-3 [Modules] Streaming discord_utils@1 to /home/van/.config/discord/0.0.119/modules/pending/discord_utils-1.zip
12/21/2025, 8:54:40 AM GMT-3 [Modules] Streaming discord_utils@1 to /home/van/.config/discord/0.0.119/modules/pending/discord_utils-1.zip: 1%
12/21/2025, 8:54:40 AM GMT-3 [Modules] Streaming discord_utils@1 to /home/van/.config/discord/0.0.119/modules/pending/discord_utils-1.zip: 2%
12/21/2025, 8:54:40 AM GMT-3 [Modules] Streaming discord_utils@1 to /home/van/.config/discord/0.0.119/modules/pending/discord_utils-1.zip: 4%
12/21/2025, 8:54:40 AM GMT-3 [Modules] Streaming discord_utils@1 to /home/van/.config/discord/0.0.119/modules/pending/discord_utils-1.zip: 5%
12/21/2025, 8:54:40 AM GMT-3 [Modules] Streaming discord_utils@1 to /home/van/.config/discord/0.0.119/modules/pending/discord_utils-1.zip: 7%
12/21/2025, 8:54:40 AM GMT-3 [Modules] Streaming discord_utils@1 to /home/van/.config/discord/0.0.119/modules/pending/discord_utils-1.zip: 8%
12/21/2025, 8:54:40 AM GMT-3 [Modules] Streaming discord_utils@1 to /home/van/.config/discord/0.0.119/modules/pending/discord_utils-1.zip: 9%
12/21/2025, 8:54:40 AM GMT-3 [Modules] Streaming discord_utils@1 to /home/van/.config/discord/0.0.119/modules/pending/discord_utils-1.zip: 11%
12/21/2025, 8:54:40 AM GMT-3 [Modules] Streaming discord_utils@1 to /home/van/.config/discord/0.0.119/modules/pending/discord_utils-1.zip: 12%
12/21/2025, 8:54:40 AM GMT-3 [Modules] Streaming discord_utils@1 to /home/van/.config/discord/0.0.119/modules/pending/discord_utils-1.zip: 14%
12/21/2025, 8:54:40 AM GMT-3 [Modules] Streaming discord_utils@1 to /home/van/.config/discord/0.0.119/modules/pending/discord_utils-1.zip: 15%
12/21/2025, 8:54:40 AM GMT-3 [Modules] Streaming discord_utils@1 to /home/van/.config/discord/0.0.119/modules/pending/discord_utils-1.zip: 16%
12/21/2025, 8:54:40 AM GMT-3 [Modules] Streaming discord_utils@1 to /home/van/.config/discord/0.0.119/modules/pending/discord_utils-1.zip: 17%
12/21/2025, 8:54:40 AM GMT-3 [Modules] Streaming discord_utils@1 to /home/van/.config/discord/0.0.119/modules/pending/discord_utils-1.zip: 19%
12/21/2025, 8:54:40 AM GMT-3 [Modules] Streaming discord_utils@1 to /home/van/.config/discord/0.0.119/modules/pending/discord_utils-1.zip: 20%
12/21/2025, 8:54:40 AM GMT-3 [Modules] Streaming discord_utils@1 to /home/van/.config/discord/0.0.119/modules/pending/discord_utils-1.zip: 22%
12/21/2025, 8:54:40 AM GMT-3 [Modules] Streaming discord_utils@1 to /home/van/.config/discord/0.0.119/modules/pending/discord_utils-1.zip: 23%
12/21/2025, 8:54:40 AM GMT-3 [Modules] Streaming discord_utils@1 to /home/van/.config/discord/0.0.119/modules/pending/discord_utils-1.zip: 25%
12/21/2025, 8:54:40 AM GMT-3 [Modules] Streaming discord_utils@1 to /home/van/.config/discord/0.0.119/modules/pending/discord_utils-1.zip: 26%
12/21/2025, 8:54:40 AM GMT-3 [Modules] Streaming discord_utils@1 to /home/van/.config/discord/0.0.119/modules/pending/discord_utils-1.zip: 28%
12/21/2025, 8:54:40 AM GMT-3 [Modules] Streaming discord_utils@1 to /home/van/.config/discord/0.0.119/modules/pending/discord_utils-1.zip: 29%
12/21/2025, 8:54:40 AM GMT-3 [Modules] Streaming discord_utils@1 to /home/van/.config/discord/0.0.119/modules/pending/discord_utils-1.zip: 30%
12/21/2025, 8:54:40 AM GMT-3 [Modules] Streaming discord_utils@1 to /home/van/.config/discord/0.0.119/modules/pending/discord_utils-1.zip: 31%
12/21/2025, 8:54:40 AM GMT-3 [Modules] Streaming discord_utils@1 to /home/van/.config/discord/0.0.119/modules/pending/discord_utils-1.zip: 35%
12/21/2025, 8:54:40 AM GMT-3 [Modules] Streaming discord_utils@1 to /home/van/.config/discord/0.0.119/modules/pending/discord_utils-1.zip: 37%
12/21/2025, 8:54:40 AM GMT-3 [Modules] Streaming discord_utils@1 to /home/van/.config/discord/0.0.119/modules/pending/discord_utils-1.zip: 38%
12/21/2025, 8:54:40 AM GMT-3 [Modules] Streaming discord_utils@1 to /home/van/.config/discord/0.0.119/modules/pending/discord_utils-1.zip: 42%
12/21/2025, 8:54:40 AM GMT-3 [Modules] Streaming discord_utils@1 to /home/van/.config/discord/0.0.119/modules/pending/discord_utils-1.zip: 66%
12/21/2025, 8:54:40 AM GMT-3 [Modules] Streaming discord_utils@1 to /home/van/.config/discord/0.0.119/modules/pending/discord_utils-1.zip: 85%
12/21/2025, 8:54:40 AM GMT-3 [Modules] Streaming discord_utils@1 to /home/van/.config/discord/0.0.119/modules/pending/discord_utils-1.zip: 100%
12/21/2025, 8:54:40 AM GMT-3 [Modules] Fetching discord_voice@1 from https://discord.com/api/modules/stable/discord_voice/1
12/21/2025, 8:54:40 AM GMT-3 [Modules] Streaming discord_voice@1 to /home/van/.config/discord/0.0.119/modules/pending/discord_voice-1.zip
12/21/2025, 8:54:41 AM GMT-3 [Modules] Streaming discord_voice@1 to /home/van/.config/discord/0.0.119/modules/pending/discord_voice-1.zip: 1%
12/21/2025, 8:54:41 AM GMT-3 [Modules] Streaming discord_voice@1 to /home/van/.config/discord/0.0.119/modules/pending/discord_voice-1.zip: 2%
12/21/2025, 8:54:41 AM GMT-3 [Modules] Streaming discord_voice@1 to /home/van/.config/discord/0.0.119/modules/pending/discord_voice-1.zip: 3%
12/21/2025, 8:54:41 AM GMT-3 [Modules] Streaming discord_voice@1 to /home/van/.config/discord/0.0.119/modules/pending/discord_voice-1.zip: 4%
12/21/2025, 8:54:41 AM GMT-3 [Modules] Streaming discord_voice@1 to /home/van/.config/discord/0.0.119/modules/pending/discord_voice-1.zip: 5%
12/21/2025, 8:54:41 AM GMT-3 [Modules] Streaming discord_voice@1 to /home/van/.config/discord/0.0.119/modules/pending/discord_voice-1.zip: 7%
12/21/2025, 8:54:41 AM GMT-3 [Modules] Streaming discord_voice@1 to /home/van/.config/discord/0.0.119/modules/pending/discord_voice-1.zip: 8%
12/21/2025, 8:54:41 AM GMT-3 [Modules] Streaming discord_voice@1 to /home/van/.config/discord/0.0.119/modules/pending/discord_voice-1.zip: 9%
12/21/2025, 8:54:41 AM GMT-3 [Modules] Streaming discord_voice@1 to /home/van/.config/discord/0.0.119/modules/pending/discord_voice-1.zip: 10%
12/21/2025, 8:54:41 AM GMT-3 [Modules] Streaming discord_voice@1 to /home/van/.config/discord/0.0.119/modules/pending/discord_voice-1.zip: 11%
12/21/2025, 8:54:41 AM GMT-3 [Modules] Streaming discord_voice@1 to /home/van/.config/discord/0.0.119/modules/pending/discord_voice-1.zip: 12%
12/21/2025, 8:54:41 AM GMT-3 [Modules] Streaming discord_voice@1 to /home/van/.config/discord/0.0.119/modules/pending/discord_voice-1.zip: 13%
12/21/2025, 8:54:41 AM GMT-3 [Modules] Streaming discord_voice@1 to /home/van/.config/discord/0.0.119/modules/pending/discord_voice-1.zip: 15%
12/21/2025, 8:54:41 AM GMT-3 [Modules] Streaming discord_voice@1 to /home/van/.config/discord/0.0.119/modules/pending/discord_voice-1.zip: 17%
12/21/2025, 8:54:41 AM GMT-3 [Modules] Streaming discord_voice@1 to /home/van/.config/discord/0.0.119/modules/pending/discord_voice-1.zip: 19%
12/21/2025, 8:54:41 AM GMT-3 [Modules] Streaming discord_voice@1 to /home/van/.config/discord/0.0.119/modules/pending/discord_voice-1.zip: 20%
12/21/2025, 8:54:41 AM GMT-3 [Modules] Streaming discord_voice@1 to /home/van/.config/discord/0.0.119/modules/pending/discord_voice-1.zip: 21%
12/21/2025, 8:54:41 AM GMT-3 [Modules] Streaming discord_voice@1 to /home/van/.config/discord/0.0.119/modules/pending/discord_voice-1.zip: 22%
12/21/2025, 8:54:41 AM GMT-3 [Modules] Streaming discord_voice@1 to /home/van/.config/discord/0.0.119/modules/pending/discord_voice-1.zip: 23%
12/21/2025, 8:54:41 AM GMT-3 [Modules] Streaming discord_voice@1 to /home/van/.config/discord/0.0.119/modules/pending/discord_voice-1.zip: 24%
12/21/2025, 8:54:41 AM GMT-3 [Modules] Streaming discord_voice@1 to /home/van/.config/discord/0.0.119/modules/pending/discord_voice-1.zip: 25%
12/21/2025, 8:54:41 AM GMT-3 [Modules] Streaming discord_voice@1 to /home/van/.config/discord/0.0.119/modules/pending/discord_voice-1.zip: 26%
12/21/2025, 8:54:41 AM GMT-3 [Modules] Streaming discord_voice@1 to /home/van/.config/discord/0.0.119/modules/pending/discord_voice-1.zip: 27%
12/21/2025, 8:54:41 AM GMT-3 [Modules] Streaming discord_voice@1 to /home/van/.config/discord/0.0.119/modules/pending/discord_voice-1.zip: 28%
12/21/2025, 8:54:41 AM GMT-3 [Modules] Streaming discord_voice@1 to /home/van/.config/discord/0.0.119/modules/pending/discord_voice-1.zip: 29%
12/21/2025, 8:54:41 AM GMT-3 [Modules] Streaming discord_voice@1 to /home/van/.config/discord/0.0.119/modules/pending/discord_voice-1.zip: 30%
12/21/2025, 8:54:41 AM GMT-3 [Modules] Streaming discord_voice@1 to /home/van/.config/discord/0.0.119/modules/pending/discord_voice-1.zip: 31%
12/21/2025, 8:54:41 AM GMT-3 [Modules] Streaming discord_voice@1 to /home/van/.config/discord/0.0.119/modules/pending/discord_voice-1.zip: 32%
12/21/2025, 8:54:41 AM GMT-3 [Modules] Streaming discord_voice@1 to /home/van/.config/discord/0.0.119/modules/pending/discord_voice-1.zip: 33%
12/21/2025, 8:54:41 AM GMT-3 [Modules] Streaming discord_voice@1 to /home/van/.config/discord/0.0.119/modules/pending/discord_voice-1.zip: 34%
12/21/2025, 8:54:41 AM GMT-3 [Modules] Streaming discord_voice@1 to /home/van/.config/discord/0.0.119/modules/pending/discord_voice-1.zip: 35%
12/21/2025, 8:54:41 AM GMT-3 [Modules] Streaming discord_voice@1 to /home/van/.config/discord/0.0.119/modules/pending/discord_voice-1.zip: 36%
12/21/2025, 8:54:41 AM GMT-3 [Modules] Streaming discord_voice@1 to /home/van/.config/discord/0.0.119/modules/pending/discord_voice-1.zip: 37%
12/21/2025, 8:54:41 AM GMT-3 [Modules] Streaming discord_voice@1 to /home/van/.config/discord/0.0.119/modules/pending/discord_voice-1.zip: 38%
12/21/2025, 8:54:41 AM GMT-3 [Modules] Streaming discord_voice@1 to /home/van/.config/discord/0.0.119/modules/pending/discord_voice-1.zip: 39%
12/21/2025, 8:54:41 AM GMT-3 [Modules] Streaming discord_voice@1 to /home/van/.config/discord/0.0.119/modules/pending/discord_voice-1.zip: 40%
12/21/2025, 8:54:41 AM GMT-3 [Modules] Streaming discord_voice@1 to /home/van/.config/discord/0.0.119/modules/pending/discord_voice-1.zip: 41%
12/21/2025, 8:54:41 AM GMT-3 [Modules] Streaming discord_voice@1 to /home/van/.config/discord/0.0.119/modules/pending/discord_voice-1.zip: 42%
12/21/2025, 8:54:41 AM GMT-3 [Modules] Streaming discord_voice@1 to /home/van/.config/discord/0.0.119/modules/pending/discord_voice-1.zip: 43%
12/21/2025, 8:54:41 AM GMT-3 [Modules] Streaming discord_voice@1 to /home/van/.config/discord/0.0.119/modules/pending/discord_voice-1.zip: 44%
12/21/2025, 8:54:41 AM GMT-3 [Modules] Streaming discord_voice@1 to /home/van/.config/discord/0.0.119/modules/pending/discord_voice-1.zip: 45%
12/21/2025, 8:54:41 AM GMT-3 [Modules] Streaming discord_voice@1 to /home/van/.config/discord/0.0.119/modules/pending/discord_voice-1.zip: 46%
12/21/2025, 8:54:41 AM GMT-3 [Modules] Streaming discord_voice@1 to /home/van/.config/discord/0.0.119/modules/pending/discord_voice-1.zip: 47%
12/21/2025, 8:54:41 AM GMT-3 [Modules] Streaming discord_voice@1 to /home/van/.config/discord/0.0.119/modules/pending/discord_voice-1.zip: 48%
12/21/2025, 8:54:41 AM GMT-3 [Modules] Streaming discord_voice@1 to /home/van/.config/discord/0.0.119/modules/pending/discord_voice-1.zip: 49%
12/21/2025, 8:54:41 AM GMT-3 [Modules] Streaming discord_voice@1 to /home/van/.config/discord/0.0.119/modules/pending/discord_voice-1.zip: 50%
12/21/2025, 8:54:41 AM GMT-3 [Modules] Streaming discord_voice@1 to /home/van/.config/discord/0.0.119/modules/pending/discord_voice-1.zip: 51%
12/21/2025, 8:54:41 AM GMT-3 [Modules] Streaming discord_voice@1 to /home/van/.config/discord/0.0.119/modules/pending/discord_voice-1.zip: 52%
12/21/2025, 8:54:41 AM GMT-3 [Modules] Streaming discord_voice@1 to /home/van/.config/discord/0.0.119/modules/pending/discord_voice-1.zip: 53%
12/21/2025, 8:54:41 AM GMT-3 [Modules] Streaming discord_voice@1 to /home/van/.config/discord/0.0.119/modules/pending/discord_voice-1.zip: 54%
12/21/2025, 8:54:41 AM GMT-3 [Modules] Streaming discord_voice@1 to /home/van/.config/discord/0.0.119/modules/pending/discord_voice-1.zip: 55%
12/21/2025, 8:54:41 AM GMT-3 [Modules] Streaming discord_voice@1 to /home/van/.config/discord/0.0.119/modules/pending/discord_voice-1.zip: 56%
12/21/2025, 8:54:41 AM GMT-3 [Modules] Streaming discord_voice@1 to /home/van/.config/discord/0.0.119/modules/pending/discord_voice-1.zip: 57%
12/21/2025, 8:54:41 AM GMT-3 [Modules] Streaming discord_voice@1 to /home/van/.config/discord/0.0.119/modules/pending/discord_voice-1.zip: 58%
12/21/2025, 8:54:41 AM GMT-3 [Modules] Streaming discord_voice@1 to /home/van/.config/discord/0.0.119/modules/pending/discord_voice-1.zip: 59%
12/21/2025, 8:54:41 AM GMT-3 [Modules] Streaming discord_voice@1 to /home/van/.config/discord/0.0.119/modules/pending/discord_voice-1.zip: 60%
12/21/2025, 8:54:41 AM GMT-3 [Modules] Streaming discord_voice@1 to /home/van/.config/discord/0.0.119/modules/pending/discord_voice-1.zip: 61%
12/21/2025, 8:54:41 AM GMT-3 [Modules] Streaming discord_voice@1 to /home/van/.config/discord/0.0.119/modules/pending/discord_voice-1.zip: 62%
12/21/2025, 8:54:41 AM GMT-3 [Modules] Streaming discord_voice@1 to /home/van/.config/discord/0.0.119/modules/pending/discord_voice-1.zip: 63%
12/21/2025, 8:54:41 AM GMT-3 [Modules] Streaming discord_voice@1 to /home/van/.config/discord/0.0.119/modules/pending/discord_voice-1.zip: 64%
12/21/2025, 8:54:41 AM GMT-3 [Modules] Streaming discord_voice@1 to /home/van/.config/discord/0.0.119/modules/pending/discord_voice-1.zip: 65%
12/21/2025, 8:54:41 AM GMT-3 [Modules] Streaming discord_voice@1 to /home/van/.config/discord/0.0.119/modules/pending/discord_voice-1.zip: 66%
12/21/2025, 8:54:41 AM GMT-3 [Modules] Streaming discord_voice@1 to /home/van/.config/discord/0.0.119/modules/pending/discord_voice-1.zip: 67%
12/21/2025, 8:54:41 AM GMT-3 [Modules] Streaming discord_voice@1 to /home/van/.config/discord/0.0.119/modules/pending/discord_voice-1.zip: 68%
12/21/2025, 8:54:41 AM GMT-3 [Modules] Streaming discord_voice@1 to /home/van/.config/discord/0.0.119/modules/pending/discord_voice-1.zip: 69%
12/21/2025, 8:54:41 AM GMT-3 [Modules] Streaming discord_voice@1 to /home/van/.config/discord/0.0.119/modules/pending/discord_voice-1.zip: 70%
12/21/2025, 8:54:41 AM GMT-3 [Modules] Streaming discord_voice@1 to /home/van/.config/discord/0.0.119/modules/pending/discord_voice-1.zip: 71%
12/21/2025, 8:54:41 AM GMT-3 [Modules] Streaming discord_voice@1 to /home/van/.config/discord/0.0.119/modules/pending/discord_voice-1.zip: 74%
12/21/2025, 8:54:41 AM GMT-3 [Modules] Streaming discord_voice@1 to /home/van/.config/discord/0.0.119/modules/pending/discord_voice-1.zip: 77%
12/21/2025, 8:54:41 AM GMT-3 [Modules] Streaming discord_voice@1 to /home/van/.config/discord/0.0.119/modules/pending/discord_voice-1.zip: 78%
12/21/2025, 8:54:41 AM GMT-3 [Modules] Streaming discord_voice@1 to /home/van/.config/discord/0.0.119/modules/pending/discord_voice-1.zip: 80%
12/21/2025, 8:54:41 AM GMT-3 [Modules] Streaming discord_voice@1 to /home/van/.config/discord/0.0.119/modules/pending/discord_voice-1.zip: 81%
12/21/2025, 8:54:41 AM GMT-3 [Modules] Streaming discord_voice@1 to /home/van/.config/discord/0.0.119/modules/pending/discord_voice-1.zip: 82%
12/21/2025, 8:54:41 AM GMT-3 [Modules] Streaming discord_voice@1 to /home/van/.config/discord/0.0.119/modules/pending/discord_voice-1.zip: 83%
12/21/2025, 8:54:41 AM GMT-3 [Modules] Streaming discord_voice@1 to /home/van/.config/discord/0.0.119/modules/pending/discord_voice-1.zip: 84%
12/21/2025, 8:54:41 AM GMT-3 [Modules] Streaming discord_voice@1 to /home/van/.config/discord/0.0.119/modules/pending/discord_voice-1.zip: 85%
12/21/2025, 8:54:41 AM GMT-3 [Modules] Streaming discord_voice@1 to /home/van/.config/discord/0.0.119/modules/pending/discord_voice-1.zip: 86%
12/21/2025, 8:54:41 AM GMT-3 [Modules] Streaming discord_voice@1 to /home/van/.config/discord/0.0.119/modules/pending/discord_voice-1.zip: 87%
12/21/2025, 8:54:41 AM GMT-3 [Modules] Streaming discord_voice@1 to /home/van/.config/discord/0.0.119/modules/pending/discord_voice-1.zip: 88%
12/21/2025, 8:54:41 AM GMT-3 [Modules] Streaming discord_voice@1 to /home/van/.config/discord/0.0.119/modules/pending/discord_voice-1.zip: 89%
12/21/2025, 8:54:41 AM GMT-3 [Modules] Streaming discord_voice@1 to /home/van/.config/discord/0.0.119/modules/pending/discord_voice-1.zip: 90%
12/21/2025, 8:54:41 AM GMT-3 [Modules] Streaming discord_voice@1 to /home/van/.config/discord/0.0.119/modules/pending/discord_voice-1.zip: 91%
12/21/2025, 8:54:41 AM GMT-3 [Modules] Streaming discord_voice@1 to /home/van/.config/discord/0.0.119/modules/pending/discord_voice-1.zip: 93%
12/21/2025, 8:54:41 AM GMT-3 [Modules] Streaming discord_voice@1 to /home/van/.config/discord/0.0.119/modules/pending/discord_voice-1.zip: 97%
12/21/2025, 8:54:41 AM GMT-3 [Modules] Streaming discord_voice@1 to /home/van/.config/discord/0.0.119/modules/pending/discord_voice-1.zip: 98%
12/21/2025, 8:54:41 AM GMT-3 [Modules] Streaming discord_voice@1 to /home/van/.config/discord/0.0.119/modules/pending/discord_voice-1.zip: 99%
12/21/2025, 8:54:41 AM GMT-3 [Modules] Streaming discord_voice@1 to /home/van/.config/discord/0.0.119/modules/pending/discord_voice-1.zip: 100%
12/21/2025, 8:54:41 AM GMT-3 [Modules] Fetching discord_zstd@1 from https://discord.com/api/modules/stable/discord_zstd/1
12/21/2025, 8:54:41 AM GMT-3 [Modules] Streaming discord_zstd@1 to /home/van/.config/discord/0.0.119/modules/pending/discord_zstd-1.zip
12/21/2025, 8:54:42 AM GMT-3 [Modules] Streaming discord_zstd@1 to /home/van/.config/discord/0.0.119/modules/pending/discord_zstd-1.zip: 10%
12/21/2025, 8:54:42 AM GMT-3 [Modules] Streaming discord_zstd@1 to /home/van/.config/discord/0.0.119/modules/pending/discord_zstd-1.zip: 27%
12/21/2025, 8:54:42 AM GMT-3 [Modules] Streaming discord_zstd@1 to /home/van/.config/discord/0.0.119/modules/pending/discord_zstd-1.zip: 47%
12/21/2025, 8:54:42 AM GMT-3 [Modules] Streaming discord_zstd@1 to /home/van/.config/discord/0.0.119/modules/pending/discord_zstd-1.zip: 64%
12/21/2025, 8:54:42 AM GMT-3 [Modules] Streaming discord_zstd@1 to /home/van/.config/discord/0.0.119/modules/pending/discord_zstd-1.zip: 71%
12/21/2025, 8:54:42 AM GMT-3 [Modules] Streaming discord_zstd@1 to /home/van/.config/discord/0.0.119/modules/pending/discord_zstd-1.zip: 82%
12/21/2025, 8:54:42 AM GMT-3 [Modules] Streaming discord_zstd@1 to /home/van/.config/discord/0.0.119/modules/pending/discord_zstd-1.zip: 100%
12/21/2025, 8:54:42 AM GMT-3 [Modules] Finished module downloads. [success: 6] [failure: 0]
12/21/2025, 8:54:42 AM GMT-3 [Modules] Installing updates...
12/21/2025, 8:54:42 AM GMT-3 [Modules] Installing discord_desktop_core@1 from /home/van/.config/discord/0.0.119/modules/pending/discord_desktop_core-1.zip
12/21/2025, 8:54:42 AM GMT-3 [Modules] Installing discord_erlpack@1 from /home/van/.config/discord/0.0.119/modules/pending/discord_erlpack-1.zip
12/21/2025, 8:54:42 AM GMT-3 [Modules] Installing discord_spellcheck@1 from /home/van/.config/discord/0.0.119/modules/pending/discord_spellcheck-1.zip
12/21/2025, 8:54:42 AM GMT-3 [Modules] Installing discord_utils@1 from /home/van/.config/discord/0.0.119/modules/pending/discord_utils-1.zip
12/21/2025, 8:54:42 AM GMT-3 [Modules] Installing discord_voice@1 from /home/van/.config/discord/0.0.119/modules/pending/discord_voice-1.zip
12/21/2025, 8:54:43 AM GMT-3 [Modules] Installing discord_zstd@1 from /home/van/.config/discord/0.0.119/modules/pending/discord_zstd-1.zip
12/21/2025, 8:54:43 AM GMT-3 [Modules] Finished module installations. [success: 6] [failure: 0]
12/21/2025, 8:54:43 AM GMT-3 [Modules] Checking for host updates.
12/21/2025, 8:54:43 AM GMT-3 [Modules] Host is up to date.
12/21/2025, 8:54:43 AM GMT-3 [Modules] Checking for module updates at https://discord.com/api/modules/stable/versions.json
12/21/2025, 8:54:43 AM GMT-3 [Modules] No module updates available.
12/21/2025, 8:54:46 AM GMT-3 [Modules] Starting to install discord_krisp...
12/21/2025, 8:54:46 AM GMT-3 [Modules] Fetching discord_krisp@1 from https://discord.com/api/modules/stable/discord_krisp/1
12/21/2025, 8:54:46 AM GMT-3 [Modules] Streaming discord_krisp@1 to /home/van/.config/discord/0.0.119/modules/pending/discord_krisp-1.zip
12/21/2025, 8:54:46 AM GMT-3 [Modules] Starting to install discord_game_utils...
12/21/2025, 8:54:47 AM GMT-3 [Modules] Starting to install discord_rpc...
12/21/2025, 8:54:48 AM GMT-3 [Modules] Streaming discord_krisp@1 to /home/van/.config/discord/0.0.119/modules/pending/discord_krisp-1.zip: 1%
12/21/2025, 8:54:48 AM GMT-3 [Modules] Streaming discord_krisp@1 to /home/van/.config/discord/0.0.119/modules/pending/discord_krisp-1.zip: 2%
12/21/2025, 8:54:48 AM GMT-3 [Modules] Streaming discord_krisp@1 to /home/van/.config/discord/0.0.119/modules/pending/discord_krisp-1.zip: 3%
12/21/2025, 8:54:48 AM GMT-3 [Modules] Streaming discord_krisp@1 to /home/van/.config/discord/0.0.119/modules/pending/discord_krisp-1.zip: 4%
12/21/2025, 8:54:48 AM GMT-3 [Modules] Streaming discord_krisp@1 to /home/van/.config/discord/0.0.119/modules/pending/discord_krisp-1.zip: 5%
12/21/2025, 8:54:48 AM GMT-3 [Modules] Streaming discord_krisp@1 to /home/van/.config/discord/0.0.119/modules/pending/discord_krisp-1.zip: 6%
12/21/2025, 8:54:48 AM GMT-3 [Modules] Streaming discord_krisp@1 to /home/van/.config/discord/0.0.119/modules/pending/discord_krisp-1.zip: 7%
12/21/2025, 8:54:48 AM GMT-3 [Modules] Streaming discord_krisp@1 to /home/van/.config/discord/0.0.119/modules/pending/discord_krisp-1.zip: 8%
12/21/2025, 8:54:48 AM GMT-3 [Modules] Streaming discord_krisp@1 to /home/van/.config/discord/0.0.119/modules/pending/discord_krisp-1.zip: 9%
12/21/2025, 8:54:48 AM GMT-3 [Modules] Streaming discord_krisp@1 to /home/van/.config/discord/0.0.119/modules/pending/discord_krisp-1.zip: 10%
12/21/2025, 8:54:48 AM GMT-3 [Modules] Streaming discord_krisp@1 to /home/van/.config/discord/0.0.119/modules/pending/discord_krisp-1.zip: 11%
12/21/2025, 8:54:48 AM GMT-3 [Modules] Streaming discord_krisp@1 to /home/van/.config/discord/0.0.119/modules/pending/discord_krisp-1.zip: 12%
12/21/2025, 8:54:48 AM GMT-3 [Modules] Streaming discord_krisp@1 to /home/van/.config/discord/0.0.119/modules/pending/discord_krisp-1.zip: 13%
12/21/2025, 8:54:48 AM GMT-3 [Modules] Streaming discord_krisp@1 to /home/van/.config/discord/0.0.119/modules/pending/discord_krisp-1.zip: 14%
12/21/2025, 8:54:48 AM GMT-3 [Modules] Streaming discord_krisp@1 to /home/van/.config/discord/0.0.119/modules/pending/discord_krisp-1.zip: 15%
12/21/2025, 8:54:48 AM GMT-3 [Modules] Streaming discord_krisp@1 to /home/van/.config/discord/0.0.119/modules/pending/discord_krisp-1.zip: 16%
12/21/2025, 8:54:48 AM GMT-3 [Modules] Streaming discord_krisp@1 to /home/van/.config/discord/0.0.119/modules/pending/discord_krisp-1.zip: 17%
12/21/2025, 8:54:48 AM GMT-3 [Modules] Streaming discord_krisp@1 to /home/van/.config/discord/0.0.119/modules/pending/discord_krisp-1.zip: 18%
12/21/2025, 8:54:48 AM GMT-3 [Modules] Streaming discord_krisp@1 to /home/van/.config/discord/0.0.119/modules/pending/discord_krisp-1.zip: 19%
12/21/2025, 8:54:48 AM GMT-3 [Modules] Streaming discord_krisp@1 to /home/van/.config/discord/0.0.119/modules/pending/discord_krisp-1.zip: 20%
12/21/2025, 8:54:48 AM GMT-3 [Modules] Streaming discord_krisp@1 to /home/van/.config/discord/0.0.119/modules/pending/discord_krisp-1.zip: 21%
12/21/2025, 8:54:48 AM GMT-3 [Modules] Streaming discord_krisp@1 to /home/van/.config/discord/0.0.119/modules/pending/discord_krisp-1.zip: 22%
12/21/2025, 8:54:48 AM GMT-3 [Modules] Streaming discord_krisp@1 to /home/van/.config/discord/0.0.119/modules/pending/discord_krisp-1.zip: 23%
12/21/2025, 8:54:48 AM GMT-3 [Modules] Streaming discord_krisp@1 to /home/van/.config/discord/0.0.119/modules/pending/discord_krisp-1.zip: 24%
12/21/2025, 8:54:48 AM GMT-3 [Modules] Streaming discord_krisp@1 to /home/van/.config/discord/0.0.119/modules/pending/discord_krisp-1.zip: 25%
12/21/2025, 8:54:48 AM GMT-3 [Modules] Streaming discord_krisp@1 to /home/van/.config/discord/0.0.119/modules/pending/discord_krisp-1.zip: 26%
12/21/2025, 8:54:48 AM GMT-3 [Modules] Streaming discord_krisp@1 to /home/van/.config/discord/0.0.119/modules/pending/discord_krisp-1.zip: 27%
12/21/2025, 8:54:48 AM GMT-3 [Modules] Streaming discord_krisp@1 to /home/van/.config/discord/0.0.119/modules/pending/discord_krisp-1.zip: 28%
12/21/2025, 8:54:48 AM GMT-3 [Modules] Streaming discord_krisp@1 to /home/van/.config/discord/0.0.119/modules/pending/discord_krisp-1.zip: 29%
12/21/2025, 8:54:48 AM GMT-3 [Modules] Streaming discord_krisp@1 to /home/van/.config/discord/0.0.119/modules/pending/discord_krisp-1.zip: 30%
12/21/2025, 8:54:48 AM GMT-3 [Modules] Streaming discord_krisp@1 to /home/van/.config/discord/0.0.119/modules/pending/discord_krisp-1.zip: 31%
12/21/2025, 8:54:48 AM GMT-3 [Modules] Streaming discord_krisp@1 to /home/van/.config/discord/0.0.119/modules/pending/discord_krisp-1.zip: 32%
12/21/2025, 8:54:48 AM GMT-3 [Modules] Streaming discord_krisp@1 to /home/van/.config/discord/0.0.119/modules/pending/discord_krisp-1.zip: 33%
12/21/2025, 8:54:48 AM GMT-3 [Modules] Streaming discord_krisp@1 to /home/van/.config/discord/0.0.119/modules/pending/discord_krisp-1.zip: 34%
12/21/2025, 8:54:48 AM GMT-3 [Modules] Streaming discord_krisp@1 to /home/van/.config/discord/0.0.119/modules/pending/discord_krisp-1.zip: 35%
12/21/2025, 8:54:48 AM GMT-3 [Modules] Streaming discord_krisp@1 to /home/van/.config/discord/0.0.119/modules/pending/discord_krisp-1.zip: 36%
12/21/2025, 8:54:48 AM GMT-3 [Modules] Streaming discord_krisp@1 to /home/van/.config/discord/0.0.119/modules/pending/discord_krisp-1.zip: 37%
12/21/2025, 8:54:48 AM GMT-3 [Modules] Streaming discord_krisp@1 to /home/van/.config/discord/0.0.119/modules/pending/discord_krisp-1.zip: 38%
12/21/2025, 8:54:48 AM GMT-3 [Modules] Streaming discord_krisp@1 to /home/van/.config/discord/0.0.119/modules/pending/discord_krisp-1.zip: 39%
12/21/2025, 8:54:48 AM GMT-3 [Modules] Streaming discord_krisp@1 to /home/van/.config/discord/0.0.119/modules/pending/discord_krisp-1.zip: 40%
12/21/2025, 8:54:48 AM GMT-3 [Modules] Streaming discord_krisp@1 to /home/van/.config/discord/0.0.119/modules/pending/discord_krisp-1.zip: 41%
12/21/2025, 8:54:48 AM GMT-3 [Modules] Streaming discord_krisp@1 to /home/van/.config/discord/0.0.119/modules/pending/discord_krisp-1.zip: 42%
12/21/2025, 8:54:48 AM GMT-3 [Modules] Streaming discord_krisp@1 to /home/van/.config/discord/0.0.119/modules/pending/discord_krisp-1.zip: 43%
12/21/2025, 8:54:48 AM GMT-3 [Modules] Streaming discord_krisp@1 to /home/van/.config/discord/0.0.119/modules/pending/discord_krisp-1.zip: 44%
12/21/2025, 8:54:48 AM GMT-3 [Modules] Streaming discord_krisp@1 to /home/van/.config/discord/0.0.119/modules/pending/discord_krisp-1.zip: 45%
12/21/2025, 8:54:48 AM GMT-3 [Modules] Streaming discord_krisp@1 to /home/van/.config/discord/0.0.119/modules/pending/discord_krisp-1.zip: 46%
12/21/2025, 8:54:48 AM GMT-3 [Modules] Streaming discord_krisp@1 to /home/van/.config/discord/0.0.119/modules/pending/discord_krisp-1.zip: 47%
12/21/2025, 8:54:48 AM GMT-3 [Modules] Streaming discord_krisp@1 to /home/van/.config/discord/0.0.119/modules/pending/discord_krisp-1.zip: 48%
12/21/2025, 8:54:48 AM GMT-3 [Modules] Streaming discord_krisp@1 to /home/van/.config/discord/0.0.119/modules/pending/discord_krisp-1.zip: 49%
12/21/2025, 8:54:48 AM GMT-3 [Modules] Streaming discord_krisp@1 to /home/van/.config/discord/0.0.119/modules/pending/discord_krisp-1.zip: 50%
12/21/2025, 8:54:48 AM GMT-3 [Modules] Streaming discord_krisp@1 to /home/van/.config/discord/0.0.119/modules/pending/discord_krisp-1.zip: 51%
12/21/2025, 8:54:48 AM GMT-3 [Modules] Streaming discord_krisp@1 to /home/van/.config/discord/0.0.119/modules/pending/discord_krisp-1.zip: 52%
12/21/2025, 8:54:48 AM GMT-3 [Modules] Streaming discord_krisp@1 to /home/van/.config/discord/0.0.119/modules/pending/discord_krisp-1.zip: 53%
12/21/2025, 8:54:48 AM GMT-3 [Modules] Streaming discord_krisp@1 to /home/van/.config/discord/0.0.119/modules/pending/discord_krisp-1.zip: 54%
12/21/2025, 8:54:48 AM GMT-3 [Modules] Streaming discord_krisp@1 to /home/van/.config/discord/0.0.119/modules/pending/discord_krisp-1.zip: 55%
12/21/2025, 8:54:48 AM GMT-3 [Modules] Streaming discord_krisp@1 to /home/van/.config/discord/0.0.119/modules/pending/discord_krisp-1.zip: 56%
12/21/2025, 8:54:48 AM GMT-3 [Modules] Streaming discord_krisp@1 to /home/van/.config/discord/0.0.119/modules/pending/discord_krisp-1.zip: 57%
12/21/2025, 8:54:48 AM GMT-3 [Modules] Streaming discord_krisp@1 to /home/van/.config/discord/0.0.119/modules/pending/discord_krisp-1.zip: 58%
12/21/2025, 8:54:48 AM GMT-3 [Modules] Streaming discord_krisp@1 to /home/van/.config/discord/0.0.119/modules/pending/discord_krisp-1.zip: 59%
12/21/2025, 8:54:48 AM GMT-3 [Modules] Streaming discord_krisp@1 to /home/van/.config/discord/0.0.119/modules/pending/discord_krisp-1.zip: 60%
12/21/2025, 8:54:48 AM GMT-3 [Modules] Streaming discord_krisp@1 to /home/van/.config/discord/0.0.119/modules/pending/discord_krisp-1.zip: 61%
12/21/2025, 8:54:48 AM GMT-3 [Modules] Streaming discord_krisp@1 to /home/van/.config/discord/0.0.119/modules/pending/discord_krisp-1.zip: 62%
12/21/2025, 8:54:48 AM GMT-3 [Modules] Streaming discord_krisp@1 to /home/van/.config/discord/0.0.119/modules/pending/discord_krisp-1.zip: 63%
12/21/2025, 8:54:48 AM GMT-3 [Modules] Streaming discord_krisp@1 to /home/van/.config/discord/0.0.119/modules/pending/discord_krisp-1.zip: 64%
12/21/2025, 8:54:48 AM GMT-3 [Modules] Streaming discord_krisp@1 to /home/van/.config/discord/0.0.119/modules/pending/discord_krisp-1.zip: 65%
12/21/2025, 8:54:48 AM GMT-3 [Modules] Streaming discord_krisp@1 to /home/van/.config/discord/0.0.119/modules/pending/discord_krisp-1.zip: 66%
12/21/2025, 8:54:48 AM GMT-3 [Modules] Streaming discord_krisp@1 to /home/van/.config/discord/0.0.119/modules/pending/discord_krisp-1.zip: 67%
12/21/2025, 8:54:48 AM GMT-3 [Modules] Streaming discord_krisp@1 to /home/van/.config/discord/0.0.119/modules/pending/discord_krisp-1.zip: 68%
12/21/2025, 8:54:48 AM GMT-3 [Modules] Streaming discord_krisp@1 to /home/van/.config/discord/0.0.119/modules/pending/discord_krisp-1.zip: 69%
12/21/2025, 8:54:48 AM GMT-3 [Modules] Streaming discord_krisp@1 to /home/van/.config/discord/0.0.119/modules/pending/discord_krisp-1.zip: 70%
12/21/2025, 8:54:48 AM GMT-3 [Modules] Streaming discord_krisp@1 to /home/van/.config/discord/0.0.119/modules/pending/discord_krisp-1.zip: 71%
12/21/2025, 8:54:48 AM GMT-3 [Modules] Streaming discord_krisp@1 to /home/van/.config/discord/0.0.119/modules/pending/discord_krisp-1.zip: 72%
12/21/2025, 8:54:48 AM GMT-3 [Modules] Streaming discord_krisp@1 to /home/van/.config/discord/0.0.119/modules/pending/discord_krisp-1.zip: 73%
12/21/2025, 8:54:48 AM GMT-3 [Modules] Streaming discord_krisp@1 to /home/van/.config/discord/0.0.119/modules/pending/discord_krisp-1.zip: 74%
12/21/2025, 8:54:48 AM GMT-3 [Modules] Streaming discord_krisp@1 to /home/van/.config/discord/0.0.119/modules/pending/discord_krisp-1.zip: 75%
12/21/2025, 8:54:48 AM GMT-3 [Modules] Streaming discord_krisp@1 to /home/van/.config/discord/0.0.119/modules/pending/discord_krisp-1.zip: 76%
12/21/2025, 8:54:48 AM GMT-3 [Modules] Streaming discord_krisp@1 to /home/van/.config/discord/0.0.119/modules/pending/discord_krisp-1.zip: 77%
12/21/2025, 8:54:48 AM GMT-3 [Modules] Streaming discord_krisp@1 to /home/van/.config/discord/0.0.119/modules/pending/discord_krisp-1.zip: 78%
12/21/2025, 8:54:48 AM GMT-3 [Modules] Streaming discord_krisp@1 to /home/van/.config/discord/0.0.119/modules/pending/discord_krisp-1.zip: 79%
12/21/2025, 8:54:48 AM GMT-3 [Modules] Streaming discord_krisp@1 to /home/van/.config/discord/0.0.119/modules/pending/discord_krisp-1.zip: 80%
12/21/2025, 8:54:48 AM GMT-3 [Modules] Streaming discord_krisp@1 to /home/van/.config/discord/0.0.119/modules/pending/discord_krisp-1.zip: 82%
12/21/2025, 8:54:48 AM GMT-3 [Modules] Streaming discord_krisp@1 to /home/van/.config/discord/0.0.119/modules/pending/discord_krisp-1.zip: 83%
12/21/2025, 8:54:48 AM GMT-3 [Modules] Streaming discord_krisp@1 to /home/van/.config/discord/0.0.119/modules/pending/discord_krisp-1.zip: 85%
12/21/2025, 8:54:48 AM GMT-3 [Modules] Streaming discord_krisp@1 to /home/van/.config/discord/0.0.119/modules/pending/discord_krisp-1.zip: 86%
12/21/2025, 8:54:48 AM GMT-3 [Modules] Streaming discord_krisp@1 to /home/van/.config/discord/0.0.119/modules/pending/discord_krisp-1.zip: 87%
12/21/2025, 8:54:48 AM GMT-3 [Modules] Streaming discord_krisp@1 to /home/van/.config/discord/0.0.119/modules/pending/discord_krisp-1.zip: 88%
12/21/2025, 8:54:48 AM GMT-3 [Modules] Streaming discord_krisp@1 to /home/van/.config/discord/0.0.119/modules/pending/discord_krisp-1.zip: 89%
12/21/2025, 8:54:48 AM GMT-3 [Modules] Streaming discord_krisp@1 to /home/van/.config/discord/0.0.119/modules/pending/discord_krisp-1.zip: 90%
12/21/2025, 8:54:48 AM GMT-3 [Modules] Streaming discord_krisp@1 to /home/van/.config/discord/0.0.119/modules/pending/discord_krisp-1.zip: 91%
12/21/2025, 8:54:49 AM GMT-3 [Modules] Streaming discord_krisp@1 to /home/van/.config/discord/0.0.119/modules/pending/discord_krisp-1.zip: 92%
12/21/2025, 8:54:49 AM GMT-3 [Modules] Streaming discord_krisp@1 to /home/van/.config/discord/0.0.119/modules/pending/discord_krisp-1.zip: 93%
12/21/2025, 8:54:49 AM GMT-3 [Modules] Streaming discord_krisp@1 to /home/van/.config/discord/0.0.119/modules/pending/discord_krisp-1.zip: 94%
12/21/2025, 8:54:49 AM GMT-3 [Modules] Streaming discord_krisp@1 to /home/van/.config/discord/0.0.119/modules/pending/discord_krisp-1.zip: 95%
12/21/2025, 8:54:49 AM GMT-3 [Modules] Streaming discord_krisp@1 to /home/van/.config/discord/0.0.119/modules/pending/discord_krisp-1.zip: 96%
12/21/2025, 8:54:49 AM GMT-3 [Modules] Streaming discord_krisp@1 to /home/van/.config/discord/0.0.119/modules/pending/discord_krisp-1.zip: 97%
12/21/2025, 8:54:49 AM GMT-3 [Modules] Streaming discord_krisp@1 to /home/van/.config/discord/0.0.119/modules/pending/discord_krisp-1.zip: 98%
12/21/2025, 8:54:49 AM GMT-3 [Modules] Streaming discord_krisp@1 to /home/van/.config/discord/0.0.119/modules/pending/discord_krisp-1.zip: 99%
12/21/2025, 8:54:49 AM GMT-3 [Modules] Streaming discord_krisp@1 to /home/van/.config/discord/0.0.119/modules/pending/discord_krisp-1.zip: 100%
12/21/2025, 8:54:49 AM GMT-3 [Modules] Fetching discord_game_utils@1 from https://discord.com/api/modules/stable/discord_game_utils/1
12/21/2025, 8:54:49 AM GMT-3 [Modules] Streaming discord_game_utils@1 to /home/van/.config/discord/0.0.119/modules/pending/discord_game_utils-1.zip
12/21/2025, 8:54:49 AM GMT-3 [Modules] Installing discord_krisp@1 from /home/van/.config/discord/0.0.119/modules/pending/discord_krisp-1.zip
12/21/2025, 8:54:49 AM GMT-3 [Modules] Finished module installations. [success: 1] [failure: 0]
12/21/2025, 8:54:49 AM GMT-3 [Modules] Streaming discord_game_utils@1 to /home/van/.config/discord/0.0.119/modules/pending/discord_game_utils-1.zip: 2%
12/21/2025, 8:54:49 AM GMT-3 [Modules] Streaming discord_game_utils@1 to /home/van/.config/discord/0.0.119/modules/pending/discord_game_utils-1.zip: 3%
12/21/2025, 8:54:49 AM GMT-3 [Modules] Streaming discord_game_utils@1 to /home/van/.config/discord/0.0.119/modules/pending/discord_game_utils-1.zip: 4%
12/21/2025, 8:54:49 AM GMT-3 [Modules] Streaming discord_game_utils@1 to /home/van/.config/discord/0.0.119/modules/pending/discord_game_utils-1.zip: 5%
12/21/2025, 8:54:49 AM GMT-3 [Modules] Streaming discord_game_utils@1 to /home/van/.config/discord/0.0.119/modules/pending/discord_game_utils-1.zip: 6%
12/21/2025, 8:54:49 AM GMT-3 [Modules] Streaming discord_game_utils@1 to /home/van/.config/discord/0.0.119/modules/pending/discord_game_utils-1.zip: 7%
12/21/2025, 8:54:49 AM GMT-3 [Modules] Streaming discord_game_utils@1 to /home/van/.config/discord/0.0.119/modules/pending/discord_game_utils-1.zip: 8%
12/21/2025, 8:54:49 AM GMT-3 [Modules] Streaming discord_game_utils@1 to /home/van/.config/discord/0.0.119/modules/pending/discord_game_utils-1.zip: 9%
12/21/2025, 8:54:49 AM GMT-3 [Modules] Streaming discord_game_utils@1 to /home/van/.config/discord/0.0.119/modules/pending/discord_game_utils-1.zip: 10%
12/21/2025, 8:54:49 AM GMT-3 [Modules] Streaming discord_game_utils@1 to /home/van/.config/discord/0.0.119/modules/pending/discord_game_utils-1.zip: 11%
12/21/2025, 8:54:49 AM GMT-3 [Modules] Streaming discord_game_utils@1 to /home/van/.config/discord/0.0.119/modules/pending/discord_game_utils-1.zip: 12%
12/21/2025, 8:54:49 AM GMT-3 [Modules] Streaming discord_game_utils@1 to /home/van/.config/discord/0.0.119/modules/pending/discord_game_utils-1.zip: 13%
12/21/2025, 8:54:49 AM GMT-3 [Modules] Streaming discord_game_utils@1 to /home/van/.config/discord/0.0.119/modules/pending/discord_game_utils-1.zip: 14%
12/21/2025, 8:54:49 AM GMT-3 [Modules] Streaming discord_game_utils@1 to /home/van/.config/discord/0.0.119/modules/pending/discord_game_utils-1.zip: 15%
12/21/2025, 8:54:49 AM GMT-3 [Modules] Streaming discord_game_utils@1 to /home/van/.config/discord/0.0.119/modules/pending/discord_game_utils-1.zip: 16%
12/21/2025, 8:54:49 AM GMT-3 [Modules] Streaming discord_game_utils@1 to /home/van/.config/discord/0.0.119/modules/pending/discord_game_utils-1.zip: 17%
12/21/2025, 8:54:49 AM GMT-3 [Modules] Streaming discord_game_utils@1 to /home/van/.config/discord/0.0.119/modules/pending/discord_game_utils-1.zip: 19%
12/21/2025, 8:54:49 AM GMT-3 [Modules] Streaming discord_game_utils@1 to /home/van/.config/discord/0.0.119/modules/pending/discord_game_utils-1.zip: 20%
12/21/2025, 8:54:49 AM GMT-3 [Modules] Streaming discord_game_utils@1 to /home/van/.config/discord/0.0.119/modules/pending/discord_game_utils-1.zip: 21%
12/21/2025, 8:54:49 AM GMT-3 [Modules] Streaming discord_game_utils@1 to /home/van/.config/discord/0.0.119/modules/pending/discord_game_utils-1.zip: 22%
12/21/2025, 8:54:49 AM GMT-3 [Modules] Streaming discord_game_utils@1 to /home/van/.config/discord/0.0.119/modules/pending/discord_game_utils-1.zip: 23%
12/21/2025, 8:54:49 AM GMT-3 [Modules] Streaming discord_game_utils@1 to /home/van/.config/discord/0.0.119/modules/pending/discord_game_utils-1.zip: 24%
12/21/2025, 8:54:49 AM GMT-3 [Modules] Streaming discord_game_utils@1 to /home/van/.config/discord/0.0.119/modules/pending/discord_game_utils-1.zip: 25%
12/21/2025, 8:54:49 AM GMT-3 [Modules] Streaming discord_game_utils@1 to /home/van/.config/discord/0.0.119/modules/pending/discord_game_utils-1.zip: 26%
12/21/2025, 8:54:49 AM GMT-3 [Modules] Streaming discord_game_utils@1 to /home/van/.config/discord/0.0.119/modules/pending/discord_game_utils-1.zip: 27%
12/21/2025, 8:54:49 AM GMT-3 [Modules] Streaming discord_game_utils@1 to /home/van/.config/discord/0.0.119/modules/pending/discord_game_utils-1.zip: 28%
12/21/2025, 8:54:49 AM GMT-3 [Modules] Streaming discord_game_utils@1 to /home/van/.config/discord/0.0.119/modules/pending/discord_game_utils-1.zip: 29%
12/21/2025, 8:54:49 AM GMT-3 [Modules] Streaming discord_game_utils@1 to /home/van/.config/discord/0.0.119/modules/pending/discord_game_utils-1.zip: 30%
12/21/2025, 8:54:49 AM GMT-3 [Modules] Streaming discord_game_utils@1 to /home/van/.config/discord/0.0.119/modules/pending/discord_game_utils-1.zip: 31%
12/21/2025, 8:54:49 AM GMT-3 [Modules] Streaming discord_game_utils@1 to /home/van/.config/discord/0.0.119/modules/pending/discord_game_utils-1.zip: 32%
12/21/2025, 8:54:49 AM GMT-3 [Modules] Streaming discord_game_utils@1 to /home/van/.config/discord/0.0.119/modules/pending/discord_game_utils-1.zip: 33%
12/21/2025, 8:54:49 AM GMT-3 [Modules] Streaming discord_game_utils@1 to /home/van/.config/discord/0.0.119/modules/pending/discord_game_utils-1.zip: 34%
12/21/2025, 8:54:49 AM GMT-3 [Modules] Streaming discord_game_utils@1 to /home/van/.config/discord/0.0.119/modules/pending/discord_game_utils-1.zip: 36%
12/21/2025, 8:54:49 AM GMT-3 [Modules] Streaming discord_game_utils@1 to /home/van/.config/discord/0.0.119/modules/pending/discord_game_utils-1.zip: 37%
12/21/2025, 8:54:49 AM GMT-3 [Modules] Streaming discord_game_utils@1 to /home/van/.config/discord/0.0.119/modules/pending/discord_game_utils-1.zip: 38%
12/21/2025, 8:54:49 AM GMT-3 [Modules] Streaming discord_game_utils@1 to /home/van/.config/discord/0.0.119/modules/pending/discord_game_utils-1.zip: 39%
12/21/2025, 8:54:49 AM GMT-3 [Modules] Streaming discord_game_utils@1 to /home/van/.config/discord/0.0.119/modules/pending/discord_game_utils-1.zip: 40%
12/21/2025, 8:54:49 AM GMT-3 [Modules] Streaming discord_game_utils@1 to /home/van/.config/discord/0.0.119/modules/pending/discord_game_utils-1.zip: 41%
12/21/2025, 8:54:49 AM GMT-3 [Modules] Streaming discord_game_utils@1 to /home/van/.config/discord/0.0.119/modules/pending/discord_game_utils-1.zip: 42%
12/21/2025, 8:54:49 AM GMT-3 [Modules] Streaming discord_game_utils@1 to /home/van/.config/discord/0.0.119/modules/pending/discord_game_utils-1.zip: 43%
12/21/2025, 8:54:49 AM GMT-3 [Modules] Streaming discord_game_utils@1 to /home/van/.config/discord/0.0.119/modules/pending/discord_game_utils-1.zip: 44%
12/21/2025, 8:54:49 AM GMT-3 [Modules] Streaming discord_game_utils@1 to /home/van/.config/discord/0.0.119/modules/pending/discord_game_utils-1.zip: 45%
12/21/2025, 8:54:49 AM GMT-3 [Modules] Streaming discord_game_utils@1 to /home/van/.config/discord/0.0.119/modules/pending/discord_game_utils-1.zip: 46%
12/21/2025, 8:54:49 AM GMT-3 [Modules] Streaming discord_game_utils@1 to /home/van/.config/discord/0.0.119/modules/pending/discord_game_utils-1.zip: 47%
12/21/2025, 8:54:49 AM GMT-3 [Modules] Streaming discord_game_utils@1 to /home/van/.config/discord/0.0.119/modules/pending/discord_game_utils-1.zip: 48%
12/21/2025, 8:54:49 AM GMT-3 [Modules] Streaming discord_game_utils@1 to /home/van/.config/discord/0.0.119/modules/pending/discord_game_utils-1.zip: 49%
12/21/2025, 8:54:49 AM GMT-3 [Modules] Streaming discord_game_utils@1 to /home/van/.config/discord/0.0.119/modules/pending/discord_game_utils-1.zip: 50%
12/21/2025, 8:54:49 AM GMT-3 [Modules] Streaming discord_game_utils@1 to /home/van/.config/discord/0.0.119/modules/pending/discord_game_utils-1.zip: 51%
12/21/2025, 8:54:49 AM GMT-3 [Modules] Streaming discord_game_utils@1 to /home/van/.config/discord/0.0.119/modules/pending/discord_game_utils-1.zip: 52%
12/21/2025, 8:54:49 AM GMT-3 [Modules] Streaming discord_game_utils@1 to /home/van/.config/discord/0.0.119/modules/pending/discord_game_utils-1.zip: 53%
12/21/2025, 8:54:49 AM GMT-3 [Modules] Streaming discord_game_utils@1 to /home/van/.config/discord/0.0.119/modules/pending/discord_game_utils-1.zip: 54%
12/21/2025, 8:54:49 AM GMT-3 [Modules] Streaming discord_game_utils@1 to /home/van/.config/discord/0.0.119/modules/pending/discord_game_utils-1.zip: 55%
12/21/2025, 8:54:49 AM GMT-3 [Modules] Streaming discord_game_utils@1 to /home/van/.config/discord/0.0.119/modules/pending/discord_game_utils-1.zip: 56%
12/21/2025, 8:54:49 AM GMT-3 [Modules] Streaming discord_game_utils@1 to /home/van/.config/discord/0.0.119/modules/pending/discord_game_utils-1.zip: 57%
12/21/2025, 8:54:49 AM GMT-3 [Modules] Streaming discord_game_utils@1 to /home/van/.config/discord/0.0.119/modules/pending/discord_game_utils-1.zip: 58%
12/21/2025, 8:54:49 AM GMT-3 [Modules] Streaming discord_game_utils@1 to /home/van/.config/discord/0.0.119/modules/pending/discord_game_utils-1.zip: 59%
12/21/2025, 8:54:49 AM GMT-3 [Modules] Streaming discord_game_utils@1 to /home/van/.config/discord/0.0.119/modules/pending/discord_game_utils-1.zip: 60%
12/21/2025, 8:54:49 AM GMT-3 [Modules] Streaming discord_game_utils@1 to /home/van/.config/discord/0.0.119/modules/pending/discord_game_utils-1.zip: 61%
12/21/2025, 8:54:49 AM GMT-3 [Modules] Streaming discord_game_utils@1 to /home/van/.config/discord/0.0.119/modules/pending/discord_game_utils-1.zip: 62%
12/21/2025, 8:54:49 AM GMT-3 [Modules] Streaming discord_game_utils@1 to /home/van/.config/discord/0.0.119/modules/pending/discord_game_utils-1.zip: 63%
12/21/2025, 8:54:49 AM GMT-3 [Modules] Streaming discord_game_utils@1 to /home/van/.config/discord/0.0.119/modules/pending/discord_game_utils-1.zip: 64%
12/21/2025, 8:54:49 AM GMT-3 [Modules] Streaming discord_game_utils@1 to /home/van/.config/discord/0.0.119/modules/pending/discord_game_utils-1.zip: 65%
12/21/2025, 8:54:49 AM GMT-3 [Modules] Streaming discord_game_utils@1 to /home/van/.config/discord/0.0.119/modules/pending/discord_game_utils-1.zip: 66%
12/21/2025, 8:54:49 AM GMT-3 [Modules] Streaming discord_game_utils@1 to /home/van/.config/discord/0.0.119/modules/pending/discord_game_utils-1.zip: 67%
12/21/2025, 8:54:49 AM GMT-3 [Modules] Streaming discord_game_utils@1 to /home/van/.config/discord/0.0.119/modules/pending/discord_game_utils-1.zip: 68%
12/21/2025, 8:54:49 AM GMT-3 [Modules] Streaming discord_game_utils@1 to /home/van/.config/discord/0.0.119/modules/pending/discord_game_utils-1.zip: 69%
12/21/2025, 8:54:49 AM GMT-3 [Modules] Streaming discord_game_utils@1 to /home/van/.config/discord/0.0.119/modules/pending/discord_game_utils-1.zip: 70%
12/21/2025, 8:54:49 AM GMT-3 [Modules] Streaming discord_game_utils@1 to /home/van/.config/discord/0.0.119/modules/pending/discord_game_utils-1.zip: 71%
12/21/2025, 8:54:49 AM GMT-3 [Modules] Streaming discord_game_utils@1 to /home/van/.config/discord/0.0.119/modules/pending/discord_game_utils-1.zip: 72%
12/21/2025, 8:54:49 AM GMT-3 [Modules] Streaming discord_game_utils@1 to /home/van/.config/discord/0.0.119/modules/pending/discord_game_utils-1.zip: 73%
12/21/2025, 8:54:49 AM GMT-3 [Modules] Streaming discord_game_utils@1 to /home/van/.config/discord/0.0.119/modules/pending/discord_game_utils-1.zip: 74%
12/21/2025, 8:54:49 AM GMT-3 [Modules] Streaming discord_game_utils@1 to /home/van/.config/discord/0.0.119/modules/pending/discord_game_utils-1.zip: 75%
12/21/2025, 8:54:49 AM GMT-3 [Modules] Streaming discord_game_utils@1 to /home/van/.config/discord/0.0.119/modules/pending/discord_game_utils-1.zip: 76%
12/21/2025, 8:54:49 AM GMT-3 [Modules] Streaming discord_game_utils@1 to /home/van/.config/discord/0.0.119/modules/pending/discord_game_utils-1.zip: 77%
12/21/2025, 8:54:49 AM GMT-3 [Modules] Streaming discord_game_utils@1 to /home/van/.config/discord/0.0.119/modules/pending/discord_game_utils-1.zip: 78%
12/21/2025, 8:54:49 AM GMT-3 [Modules] Streaming discord_game_utils@1 to /home/van/.config/discord/0.0.119/modules/pending/discord_game_utils-1.zip: 79%
12/21/2025, 8:54:49 AM GMT-3 [Modules] Streaming discord_game_utils@1 to /home/van/.config/discord/0.0.119/modules/pending/discord_game_utils-1.zip: 80%
12/21/2025, 8:54:49 AM GMT-3 [Modules] Streaming discord_game_utils@1 to /home/van/.config/discord/0.0.119/modules/pending/discord_game_utils-1.zip: 81%
12/21/2025, 8:54:49 AM GMT-3 [Modules] Streaming discord_game_utils@1 to /home/van/.config/discord/0.0.119/modules/pending/discord_game_utils-1.zip: 82%
12/21/2025, 8:54:49 AM GMT-3 [Modules] Streaming discord_game_utils@1 to /home/van/.config/discord/0.0.119/modules/pending/discord_game_utils-1.zip: 83%
12/21/2025, 8:54:49 AM GMT-3 [Modules] Streaming discord_game_utils@1 to /home/van/.config/discord/0.0.119/modules/pending/discord_game_utils-1.zip: 84%
12/21/2025, 8:54:49 AM GMT-3 [Modules] Streaming discord_game_utils@1 to /home/van/.config/discord/0.0.119/modules/pending/discord_game_utils-1.zip: 85%
12/21/2025, 8:54:49 AM GMT-3 [Modules] Streaming discord_game_utils@1 to /home/van/.config/discord/0.0.119/modules/pending/discord_game_utils-1.zip: 86%
12/21/2025, 8:54:49 AM GMT-3 [Modules] Streaming discord_game_utils@1 to /home/van/.config/discord/0.0.119/modules/pending/discord_game_utils-1.zip: 87%
12/21/2025, 8:54:49 AM GMT-3 [Modules] Streaming discord_game_utils@1 to /home/van/.config/discord/0.0.119/modules/pending/discord_game_utils-1.zip: 88%
12/21/2025, 8:54:49 AM GMT-3 [Modules] Streaming discord_game_utils@1 to /home/van/.config/discord/0.0.119/modules/pending/discord_game_utils-1.zip: 89%
12/21/2025, 8:54:49 AM GMT-3 [Modules] Streaming discord_game_utils@1 to /home/van/.config/discord/0.0.119/modules/pending/discord_game_utils-1.zip: 90%
12/21/2025, 8:54:49 AM GMT-3 [Modules] Streaming discord_game_utils@1 to /home/van/.config/discord/0.0.119/modules/pending/discord_game_utils-1.zip: 91%
12/21/2025, 8:54:49 AM GMT-3 [Modules] Streaming discord_game_utils@1 to /home/van/.config/discord/0.0.119/modules/pending/discord_game_utils-1.zip: 92%
12/21/2025, 8:54:49 AM GMT-3 [Modules] Streaming discord_game_utils@1 to /home/van/.config/discord/0.0.119/modules/pending/discord_game_utils-1.zip: 93%
12/21/2025, 8:54:49 AM GMT-3 [Modules] Streaming discord_game_utils@1 to /home/van/.config/discord/0.0.119/modules/pending/discord_game_utils-1.zip: 94%
12/21/2025, 8:54:49 AM GMT-3 [Modules] Streaming discord_game_utils@1 to /home/van/.config/discord/0.0.119/modules/pending/discord_game_utils-1.zip: 95%
12/21/2025, 8:54:49 AM GMT-3 [Modules] Streaming discord_game_utils@1 to /home/van/.config/discord/0.0.119/modules/pending/discord_game_utils-1.zip: 96%
12/21/2025, 8:54:49 AM GMT-3 [Modules] Streaming discord_game_utils@1 to /home/van/.config/discord/0.0.119/modules/pending/discord_game_utils-1.zip: 97%
12/21/2025, 8:54:49 AM GMT-3 [Modules] Streaming discord_game_utils@1 to /home/van/.config/discord/0.0.119/modules/pending/discord_game_utils-1.zip: 98%
12/21/2025, 8:54:49 AM GMT-3 [Modules] Streaming discord_game_utils@1 to /home/van/.config/discord/0.0.119/modules/pending/discord_game_utils-1.zip: 99%
12/21/2025, 8:54:49 AM GMT-3 [Modules] Streaming discord_game_utils@1 to /home/van/.config/discord/0.0.119/modules/pending/discord_game_utils-1.zip: 100%
12/21/2025, 8:54:49 AM GMT-3 [Modules] Fetching discord_rpc@1 from https://discord.com/api/modules/stable/discord_rpc/1
12/21/2025, 8:54:49 AM GMT-3 [Modules] Streaming discord_rpc@1 to /home/van/.config/discord/0.0.119/modules/pending/discord_rpc-1.zip
12/21/2025, 8:54:49 AM GMT-3 [Modules] Installing discord_game_utils@1 from /home/van/.config/discord/0.0.119/modules/pending/discord_game_utils-1.zip
12/21/2025, 8:54:49 AM GMT-3 [Modules] Finished module installations. [success: 1] [failure: 0]
12/21/2025, 8:54:50 AM GMT-3 [Modules] Streaming discord_rpc@1 to /home/van/.config/discord/0.0.119/modules/pending/discord_rpc-1.zip: 100%
12/21/2025, 8:54:50 AM GMT-3 [Modules] Finished module downloads. [success: 3] [failure: 0]
12/21/2025, 8:54:50 AM GMT-3 [Modules] Installing discord_rpc@1 from /home/van/.config/discord/0.0.119/modules/pending/discord_rpc-1.zip
12/21/2025, 8:54:50 AM GMT-3 [Modules] Finished module installations. [success: 1] [failure: 0]
12/21/2025, 8:54:51 AM GMT-3 [Modules] Checking for host updates.
12/21/2025, 8:54:51 AM GMT-3 [Modules] Host is up to date.
12/21/2025, 8:54:51 AM GMT-3 [Modules] Checking for module updates at https://discord.com/api/modules/stable/versions.json
12/21/2025, 8:54:51 AM GMT-3 [Modules] No module updates available.
12/21/2025, 8:59:15 AM GMT-3 [Modules] Modules initializing
12/21/2025, 8:59:15 AM GMT-3 [Modules] Distribution: remote
12/21/2025, 8:59:15 AM GMT-3 [Modules] Host updates: enabled
12/21/2025, 8:59:15 AM GMT-3 [Modules] Module updates: enabled
12/21/2025, 8:59:15 AM GMT-3 [Modules] Module install path: /home/van/.config/discord/0.0.119/modules
12/21/2025, 8:59:15 AM GMT-3 [Modules] Module installed file path: /home/van/.config/discord/0.0.119/modules/installed.json
12/21/2025, 8:59:15 AM GMT-3 [Modules] Module download path: /home/van/.config/discord/0.0.119/modules/pending
12/21/2025, 8:59:15 AM GMT-3 [Modules] No updates to install
12/21/2025, 8:59:15 AM GMT-3 [Modules] Checking for host updates.
12/21/2025, 8:59:15 AM GMT-3 [Modules] Host is up to date.
12/21/2025, 8:59:15 AM GMT-3 [Modules] Checking for module updates at https://discord.com/api/modules/stable/versions.json
12/21/2025, 8:59:16 AM GMT-3 [Modules] No module updates available.
12/21/2025, 8:59:21 AM GMT-3 [Modules] Checking for host updates.
12/21/2025, 8:59:23 AM GMT-3 [Modules] Host is up to date.
12/21/2025, 8:59:23 AM GMT-3 [Modules] Checking for module updates at https://discord.com/api/modules/stable/versions.json
12/21/2025, 8:59:23 AM GMT-3 [Modules] No module updates available.
12/21/2025, 1:13:45 PM GMT-3 [Modules] Modules initializing
12/21/2025, 1:13:45 PM GMT-3 [Modules] Distribution: remote
12/21/2025, 1:13:45 PM GMT-3 [Modules] Host updates: enabled
12/21/2025, 1:13:45 PM GMT-3 [Modules] Module updates: enabled
12/21/2025, 1:13:45 PM GMT-3 [Modules] Module install path: /home/van/.config/discord/0.0.119/modules
12/21/2025, 1:13:45 PM GMT-3 [Modules] Module installed file path: /home/van/.config/discord/0.0.119/modules/installed.json
12/21/2025, 1:13:45 PM GMT-3 [Modules] Module download path: /home/van/.config/discord/0.0.119/modules/pending
12/21/2025, 1:13:45 PM GMT-3 [Modules] No updates to install
12/21/2025, 1:13:45 PM GMT-3 [Modules] Checking for host updates.
12/21/2025, 1:14:04 PM GMT-3 [Modules] Host is up to date.
12/21/2025, 1:14:04 PM GMT-3 [Modules] Checking for module updates at https://discord.com/api/modules/stable/versions.json
12/21/2025, 1:14:08 PM GMT-3 [Modules] No module updates available.
12/21/2025, 1:14:15 PM GMT-3 [Modules] Checking for host updates.
12/21/2025, 1:14:16 PM GMT-3 [Modules] Host is up to date.
12/21/2025, 1:14:16 PM GMT-3 [Modules] Checking for module updates at https://discord.com/api/modules/stable/versions.json
12/21/2025, 1:14:16 PM GMT-3 [Modules] No module updates available.
12/21/2025, 2:14:15 PM GMT-3 [Modules] Checking for host updates.
12/21/2025, 2:14:16 PM GMT-3 [Modules] Host is up to date.
12/21/2025, 2:14:16 PM GMT-3 [Modules] Checking for module updates at https://discord.com/api/modules/stable/versions.json
12/21/2025, 2:14:16 PM GMT-3 [Modules] No module updates available.
12/21/2025, 3:14:15 PM GMT-3 [Modules] Checking for host updates.
12/21/2025, 3:14:16 PM GMT-3 [Modules] Host is up to date.
12/21/2025, 3:14:16 PM GMT-3 [Modules] Checking for module updates at https://discord.com/api/modules/stable/versions.json
12/21/2025, 3:14:16 PM GMT-3 [Modules] No module updates available.
12/21/2025, 4:14:15 PM GMT-3 [Modules] Checking for host updates.
12/21/2025, 4:14:16 PM GMT-3 [Modules] Host is up to date.
12/21/2025, 4:14:16 PM GMT-3 [Modules] Checking for module updates at https://discord.com/api/modules/stable/versions.json
12/21/2025, 4:14:16 PM GMT-3 [Modules] No module updates available.
12/21/2025, 5:14:15 PM GMT-3 [Modules] Checking for host updates.
12/21/2025, 5:14:16 PM GMT-3 [Modules] Host is up to date.
12/21/2025, 5:14:16 PM GMT-3 [Modules] Checking for module updates at https://discord.com/api/modules/stable/versions.json
12/21/2025, 5:14:16 PM GMT-3 [Modules] No module updates available.
12/21/2025, 6:14:15 PM GMT-3 [Modules] Checking for host updates.
12/21/2025, 6:14:16 PM GMT-3 [Modules] Host is up to date.
12/21/2025, 6:14:16 PM GMT-3 [Modules] Checking for module updates at https://discord.com/api/modules/stable/versions.json
12/21/2025, 6:14:16 PM GMT-3 [Modules] No module updates available.
12/21/2025, 7:14:15 PM GMT-3 [Modules] Checking for host updates.
12/21/2025, 7:14:16 PM GMT-3 [Modules] Host is up to date.
12/21/2025, 7:14:16 PM GMT-3 [Modules] Checking for module updates at https://discord.com/api/modules/stable/versions.json
12/21/2025, 7:14:16 PM GMT-3 [Modules] No module updates available.
12/22/2025, 12:18:40 PM GMT-3 [Modules] Modules initializing
12/22/2025, 12:18:40 PM GMT-3 [Modules] Distribution: remote
12/22/2025, 12:18:40 PM GMT-3 [Modules] Host updates: enabled
12/22/2025, 12:18:40 PM GMT-3 [Modules] Module updates: enabled
12/22/2025, 12:18:40 PM GMT-3 [Modules] Module install path: /home/van/.config/discord/0.0.119/modules
12/22/2025, 12:18:40 PM GMT-3 [Modules] Module installed file path: /home/van/.config/discord/0.0.119/modules/installed.json
12/22/2025, 12:18:40 PM GMT-3 [Modules] Module download path: /home/van/.config/discord/0.0.119/modules/pending
12/22/2025, 12:18:41 PM GMT-3 [Modules] No updates to install
12/22/2025, 12:18:41 PM GMT-3 [Modules] Checking for host updates.
12/22/2025, 12:18:41 PM GMT-3 [Modules] Host is up to date.
12/22/2025, 12:18:41 PM GMT-3 [Modules] Checking for module updates at https://discord.com/api/modules/stable/versions.json
12/22/2025, 12:18:41 PM GMT-3 [Modules] No module updates available.
12/22/2025, 12:18:47 PM GMT-3 [Modules] Checking for host updates.
12/22/2025, 12:18:48 PM GMT-3 [Modules] Host is up to date.
12/22/2025, 12:18:48 PM GMT-3 [Modules] Checking for module updates at https://discord.com/api/modules/stable/versions.json
12/22/2025, 12:18:48 PM GMT-3 [Modules] No module updates available.
12/22/2025, 1:18:47 PM GMT-3 [Modules] Checking for host updates.
12/22/2025, 1:18:47 PM GMT-3 [Modules] Host is up to date.
12/22/2025, 1:18:47 PM GMT-3 [Modules] Checking for module updates at https://discord.com/api/modules/stable/versions.json
12/22/2025, 1:18:47 PM GMT-3 [Modules] No module updates available.
12/22/2025, 1:37:06 PM GMT-3 [Modules] Modules initializing
12/22/2025, 1:37:06 PM GMT-3 [Modules] Distribution: remote
12/22/2025, 1:37:06 PM GMT-3 [Modules] Host updates: enabled
12/22/2025, 1:37:06 PM GMT-3 [Modules] Module updates: enabled
12/22/2025, 1:37:06 PM GMT-3 [Modules] Module install path: /home/van/.config/discord/0.0.119/modules
12/22/2025, 1:37:06 PM GMT-3 [Modules] Module installed file path: /home/van/.config/discord/0.0.119/modules/installed.json
12/22/2025, 1:37:06 PM GMT-3 [Modules] Module download path: /home/van/.config/discord/0.0.119/modules/pending
12/22/2025, 1:37:06 PM GMT-3 [Modules] No updates to install
12/22/2025, 1:37:06 PM GMT-3 [Modules] Checking for host updates.
12/22/2025, 1:37:06 PM GMT-3 [Modules] Host is up to date.
12/22/2025, 1:37:06 PM GMT-3 [Modules] Checking for module updates at https://discord.com/api/modules/stable/versions.json
12/22/2025, 1:37:06 PM GMT-3 [Modules] No module updates available.
12/22/2025, 1:37:12 PM GMT-3 [Modules] Checking for host updates.
12/22/2025, 1:37:14 PM GMT-3 [Modules] Host is up to date.
12/22/2025, 1:37:14 PM GMT-3 [Modules] Checking for module updates at https://discord.com/api/modules/stable/versions.json
12/22/2025, 1:37:14 PM GMT-3 [Modules] No module updates available.
12/22/2025, 2:37:12 PM GMT-3 [Modules] Checking for host updates.
12/22/2025, 2:37:13 PM GMT-3 [Modules] Host is up to date.
12/22/2025, 2:37:13 PM GMT-3 [Modules] Checking for module updates at https://discord.com/api/modules/stable/versions.json
12/22/2025, 2:37:13 PM GMT-3 [Modules] No module updates available.
12/22/2025, 3:37:12 PM GMT-3 [Modules] Checking for host updates.
12/22/2025, 3:37:13 PM GMT-3 [Modules] Host is up to date.
12/22/2025, 3:37:13 PM GMT-3 [Modules] Checking for module updates at https://discord.com/api/modules/stable/versions.json
12/22/2025, 3:37:13 PM GMT-3 [Modules] No module updates available.
12/22/2025, 4:05:37 PM GMT-3 [Modules] Modules initializing
12/22/2025, 4:05:37 PM GMT-3 [Modules] Distribution: remote
12/22/2025, 4:05:37 PM GMT-3 [Modules] Host updates: enabled
12/22/2025, 4:05:37 PM GMT-3 [Modules] Module updates: enabled
12/22/2025, 4:05:37 PM GMT-3 [Modules] Module install path: /home/van/.config/discord/0.0.119/modules
12/22/2025, 4:05:37 PM GMT-3 [Modules] Module installed file path: /home/van/.config/discord/0.0.119/modules/installed.json
12/22/2025, 4:05:37 PM GMT-3 [Modules] Module download path: /home/van/.config/discord/0.0.119/modules/pending
12/22/2025, 4:05:37 PM GMT-3 [Modules] No updates to install
12/22/2025, 4:05:37 PM GMT-3 [Modules] Checking for host updates.
12/22/2025, 4:05:37 PM GMT-3 [Modules] Host is up to date.
12/22/2025, 4:05:37 PM GMT-3 [Modules] Checking for module updates at https://discord.com/api/modules/stable/versions.json
12/22/2025, 4:05:37 PM GMT-3 [Modules] No module updates available.
12/22/2025, 4:05:43 PM GMT-3 [Modules] Checking for host updates.
12/22/2025, 4:05:44 PM GMT-3 [Modules] Host is up to date.
12/22/2025, 4:05:44 PM GMT-3 [Modules] Checking for module updates at https://discord.com/api/modules/stable/versions.json
12/22/2025, 4:05:44 PM GMT-3 [Modules] No module updates available.
12/22/2025, 5:05:43 PM GMT-3 [Modules] Checking for host updates.
12/22/2025, 5:05:43 PM GMT-3 [Modules] Host is up to date.
12/22/2025, 5:05:43 PM GMT-3 [Modules] Checking for module updates at https://discord.com/api/modules/stable/versions.json
12/22/2025, 5:05:43 PM GMT-3 [Modules] No module updates available.
12/23/2025, 2:45:08 PM GMT-3 [Modules] Modules initializing
12/23/2025, 2:45:08 PM GMT-3 [Modules] Distribution: remote
12/23/2025, 2:45:08 PM GMT-3 [Modules] Host updates: enabled
12/23/2025, 2:45:08 PM GMT-3 [Modules] Module updates: enabled
12/23/2025, 2:45:08 PM GMT-3 [Modules] Module install path: /home/van/.config/discord/0.0.119/modules
12/23/2025, 2:45:08 PM GMT-3 [Modules] Module installed file path: /home/van/.config/discord/0.0.119/modules/installed.json
12/23/2025, 2:45:08 PM GMT-3 [Modules] Module download path: /home/van/.config/discord/0.0.119/modules/pending
12/23/2025, 2:45:08 PM GMT-3 [Modules] No updates to install
12/23/2025, 2:45:08 PM GMT-3 [Modules] Checking for host updates.
12/23/2025, 2:45:08 PM GMT-3 [Modules] Host is up to date.
12/23/2025, 2:45:08 PM GMT-3 [Modules] Checking for module updates at https://discord.com/api/modules/stable/versions.json
12/23/2025, 2:45:08 PM GMT-3 [Modules] No module updates available.
12/23/2025, 2:45:14 PM GMT-3 [Modules] Checking for host updates.
12/23/2025, 2:45:16 PM GMT-3 [Modules] Host is up to date.
12/23/2025, 2:45:16 PM GMT-3 [Modules] Checking for module updates at https://discord.com/api/modules/stable/versions.json
12/23/2025, 2:45:16 PM GMT-3 [Modules] No module updates available.
12/23/2025, 3:45:14 PM GMT-3 [Modules] Checking for host updates.
12/23/2025, 3:45:14 PM GMT-3 [Modules] Host is up to date.
12/23/2025, 3:45:14 PM GMT-3 [Modules] Checking for module updates at https://discord.com/api/modules/stable/versions.json
12/23/2025, 3:45:14 PM GMT-3 [Modules] No module updates available.
12/23/2025, 4:45:14 PM GMT-3 [Modules] Checking for host updates.
12/23/2025, 4:45:14 PM GMT-3 [Modules] Host is up to date.
12/23/2025, 4:45:14 PM GMT-3 [Modules] Checking for module updates at https://discord.com/api/modules/stable/versions.json
12/23/2025, 4:45:14 PM GMT-3 [Modules] No module updates available.
12/23/2025, 5:45:14 PM GMT-3 [Modules] Checking for host updates.
12/23/2025, 5:45:14 PM GMT-3 [Modules] Host is up to date.
12/23/2025, 5:45:14 PM GMT-3 [Modules] Checking for module updates at https://discord.com/api/modules/stable/versions.json
12/23/2025, 5:45:14 PM GMT-3 [Modules] No module updates available.
12/26/2025, 11:59:42 AM GMT-3 [Modules] Modules initializing
12/26/2025, 11:59:42 AM GMT-3 [Modules] Distribution: remote
12/26/2025, 11:59:42 AM GMT-3 [Modules] Host updates: enabled
12/26/2025, 11:59:42 AM GMT-3 [Modules] Module updates: enabled
12/26/2025, 11:59:42 AM GMT-3 [Modules] Module install path: /home/van/.config/discord/0.0.119/modules
12/26/2025, 11:59:42 AM GMT-3 [Modules] Module installed file path: /home/van/.config/discord/0.0.119/modules/installed.json
12/26/2025, 11:59:42 AM GMT-3 [Modules] Module download path: /home/van/.config/discord/0.0.119/modules/pending
12/26/2025, 11:59:42 AM GMT-3 [Modules] No updates to install
12/26/2025, 11:59:42 AM GMT-3 [Modules] Checking for host updates.
12/26/2025, 11:59:43 AM GMT-3 [Modules] Host is up to date.
12/26/2025, 11:59:43 AM GMT-3 [Modules] Checking for module updates at https://discord.com/api/modules/stable/versions.json
12/26/2025, 11:59:43 AM GMT-3 [Modules] No module updates available.
12/26/2025, 11:59:49 AM GMT-3 [Modules] Checking for host updates.
12/26/2025, 11:59:50 AM GMT-3 [Modules] Host is up to date.
12/26/2025, 11:59:50 AM GMT-3 [Modules] Checking for module updates at https://discord.com/api/modules/stable/versions.json
12/26/2025, 11:59:50 AM GMT-3 [Modules] No module updates available.
12/26/2025, 2:19:43 PM GMT-3 [Modules] Modules initializing
12/26/2025, 2:19:43 PM GMT-3 [Modules] Distribution: remote
12/26/2025, 2:19:43 PM GMT-3 [Modules] Host updates: enabled
12/26/2025, 2:19:43 PM GMT-3 [Modules] Module updates: enabled
12/26/2025, 2:19:43 PM GMT-3 [Modules] Module install path: /home/van/.config/discord/0.0.119/modules
12/26/2025, 2:19:43 PM GMT-3 [Modules] Module installed file path: /home/van/.config/discord/0.0.119/modules/installed.json
12/26/2025, 2:19:43 PM GMT-3 [Modules] Module download path: /home/van/.config/discord/0.0.119/modules/pending
12/26/2025, 2:19:43 PM GMT-3 [Modules] No updates to install
12/26/2025, 2:19:43 PM GMT-3 [Modules] Checking for host updates.
12/26/2025, 2:19:44 PM GMT-3 [Modules] Host is up to date.
12/26/2025, 2:19:44 PM GMT-3 [Modules] Checking for module updates at https://discord.com/api/modules/stable/versions.json
12/26/2025, 2:19:44 PM GMT-3 [Modules] No module updates available.
12/26/2025, 2:19:49 PM GMT-3 [Modules] Checking for host updates.
12/26/2025, 2:19:50 PM GMT-3 [Modules] Host is up to date.
12/26/2025, 2:19:50 PM GMT-3 [Modules] Checking for module updates at https://discord.com/api/modules/stable/versions.json
12/26/2025, 2:19:50 PM GMT-3 [Modules] No module updates available.
12/26/2025, 3:19:49 PM GMT-3 [Modules] Checking for host updates.
12/26/2025, 3:19:50 PM GMT-3 [Modules] Host is up to date.
12/26/2025, 3:19:50 PM GMT-3 [Modules] Checking for module updates at https://discord.com/api/modules/stable/versions.json
12/26/2025, 3:19:50 PM GMT-3 [Modules] No module updates available.
12/26/2025, 4:19:49 PM GMT-3 [Modules] Checking for host updates.
12/26/2025, 4:19:50 PM GMT-3 [Modules] Host is up to date.
12/26/2025, 4:19:50 PM GMT-3 [Modules] Checking for module updates at https://discord.com/api/modules/stable/versions.json
12/26/2025, 4:19:50 PM GMT-3 [Modules] No module updates available.
12/26/2025, 9:36:39 PM GMT-3 [Modules] Modules initializing
12/26/2025, 9:36:39 PM GMT-3 [Modules] Distribution: remote
12/26/2025, 9:36:39 PM GMT-3 [Modules] Host updates: enabled
12/26/2025, 9:36:39 PM GMT-3 [Modules] Module updates: enabled
12/26/2025, 9:36:39 PM GMT-3 [Modules] Module install path: /home/van/.config/discord/0.0.119/modules
12/26/2025, 9:36:39 PM GMT-3 [Modules] Module installed file path: /home/van/.config/discord/0.0.119/modules/installed.json
12/26/2025, 9:36:39 PM GMT-3 [Modules] Module download path: /home/van/.config/discord/0.0.119/modules/pending
12/26/2025, 9:36:39 PM GMT-3 [Modules] No updates to install
12/26/2025, 9:36:39 PM GMT-3 [Modules] Checking for host updates.
12/26/2025, 9:36:40 PM GMT-3 [Modules] Host is up to date.
12/26/2025, 9:36:40 PM GMT-3 [Modules] Checking for module updates at https://discord.com/api/modules/stable/versions.json
12/26/2025, 9:36:40 PM GMT-3 [Modules] No module updates available.
12/26/2025, 9:36:46 PM GMT-3 [Modules] Checking for host updates.
12/26/2025, 9:36:47 PM GMT-3 [Modules] Host is up to date.
12/26/2025, 9:36:47 PM GMT-3 [Modules] Checking for module updates at https://discord.com/api/modules/stable/versions.json
12/26/2025, 9:36:47 PM GMT-3 [Modules] No module updates available.
12/26/2025, 10:36:46 PM GMT-3 [Modules] Checking for host updates.
12/26/2025, 10:36:46 PM GMT-3 [Modules] Host is up to date.
12/26/2025, 10:36:46 PM GMT-3 [Modules] Checking for module updates at https://discord.com/api/modules/stable/versions.json
12/26/2025, 10:36:46 PM GMT-3 [Modules] No module updates available.
12/26/2025, 11:36:46 PM GMT-3 [Modules] Checking for host updates.
12/26/2025, 11:36:46 PM GMT-3 [Modules] Host is up to date.
12/26/2025, 11:36:46 PM GMT-3 [Modules] Checking for module updates at https://discord.com/api/modules/stable/versions.json
12/26/2025, 11:36:46 PM GMT-3 [Modules] No module updates available.
12/27/2025, 12:36:46 AM GMT-3 [Modules] Checking for host updates.
12/27/2025, 12:36:46 AM GMT-3 [Modules] Host is up to date.
12/27/2025, 12:36:46 AM GMT-3 [Modules] Checking for module updates at https://discord.com/api/modules/stable/versions.json
12/27/2025, 12:36:46 AM GMT-3 [Modules] No module updates available.
12/27/2025, 1:36:46 AM GMT-3 [Modules] Checking for host updates.
12/27/2025, 1:36:46 AM GMT-3 [Modules] Host is up to date.
12/27/2025, 1:36:46 AM GMT-3 [Modules] Checking for module updates at https://discord.com/api/modules/stable/versions.json
12/27/2025, 1:36:46 AM GMT-3 [Modules] No module updates available.
12/27/2025, 2:36:46 AM GMT-3 [Modules] Checking for host updates.
12/27/2025, 2:36:46 AM GMT-3 [Modules] Host is up to date.
12/27/2025, 2:36:46 AM GMT-3 [Modules] Checking for module updates at https://discord.com/api/modules/stable/versions.json
12/27/2025, 2:36:46 AM GMT-3 [Modules] No module updates available.
12/27/2025, 3:36:46 AM GMT-3 [Modules] Checking for host updates.
12/27/2025, 3:36:46 AM GMT-3 [Modules] Host is up to date.
12/27/2025, 3:36:46 AM GMT-3 [Modules] Checking for module updates at https://discord.com/api/modules/stable/versions.json
12/27/2025, 3:36:46 AM GMT-3 [Modules] No module updates available.
12/27/2025, 4:36:46 AM GMT-3 [Modules] Checking for host updates.
12/27/2025, 4:36:46 AM GMT-3 [Modules] Host is up to date.
12/27/2025, 4:36:46 AM GMT-3 [Modules] Checking for module updates at https://discord.com/api/modules/stable/versions.json
12/27/2025, 4:36:46 AM GMT-3 [Modules] No module updates available.
12/27/2025, 4:17:57 PM GMT-3 [Modules] Modules initializing
12/27/2025, 4:17:57 PM GMT-3 [Modules] Distribution: remote
12/27/2025, 4:17:57 PM GMT-3 [Modules] Host updates: enabled
12/27/2025, 4:17:57 PM GMT-3 [Modules] Module updates: enabled
12/27/2025, 4:17:57 PM GMT-3 [Modules] Module install path: /home/van/.config/discord/0.0.119/modules
12/27/2025, 4:17:57 PM GMT-3 [Modules] Module installed file path: /home/van/.config/discord/0.0.119/modules/installed.json
12/27/2025, 4:17:57 PM GMT-3 [Modules] Module download path: /home/van/.config/discord/0.0.119/modules/pending
12/27/2025, 4:17:57 PM GMT-3 [Modules] No updates to install
12/27/2025, 4:17:57 PM GMT-3 [Modules] Checking for host updates.
12/27/2025, 4:17:57 PM GMT-3 [Modules] Host is up to date.
12/27/2025, 4:17:57 PM GMT-3 [Modules] Checking for module updates at https://discord.com/api/modules/stable/versions.json
12/27/2025, 4:17:57 PM GMT-3 [Modules] No module updates available.
12/27/2025, 4:18:03 PM GMT-3 [Modules] Checking for host updates.
12/27/2025, 4:18:05 PM GMT-3 [Modules] Host is up to date.
12/27/2025, 4:18:05 PM GMT-3 [Modules] Checking for module updates at https://discord.com/api/modules/stable/versions.json
12/27/2025, 4:18:05 PM GMT-3 [Modules] No module updates available.
12/27/2025, 5:39:51 PM GMT-3 [Modules] Modules initializing
12/27/2025, 5:39:51 PM GMT-3 [Modules] Distribution: remote
12/27/2025, 5:39:51 PM GMT-3 [Modules] Host updates: enabled
12/27/2025, 5:39:51 PM GMT-3 [Modules] Module updates: enabled
12/27/2025, 5:39:51 PM GMT-3 [Modules] Module install path: /home/van/.config/discord/0.0.119/modules
12/27/2025, 5:39:51 PM GMT-3 [Modules] Module installed file path: /home/van/.config/discord/0.0.119/modules/installed.json
12/27/2025, 5:39:51 PM GMT-3 [Modules] Module download path: /home/van/.config/discord/0.0.119/modules/pending
12/27/2025, 5:39:51 PM GMT-3 [Modules] No updates to install
12/27/2025, 5:39:51 PM GMT-3 [Modules] Checking for host updates.
12/27/2025, 5:39:51 PM GMT-3 [Modules] Host is up to date.
12/27/2025, 5:39:51 PM GMT-3 [Modules] Checking for module updates at https://discord.com/api/modules/stable/versions.json
12/27/2025, 5:39:51 PM GMT-3 [Modules] No module updates available.
12/27/2025, 5:39:57 PM GMT-3 [Modules] Checking for host updates.
12/27/2025, 5:39:58 PM GMT-3 [Modules] Host is up to date.
12/27/2025, 5:39:58 PM GMT-3 [Modules] Checking for module updates at https://discord.com/api/modules/stable/versions.json
12/27/2025, 5:39:58 PM GMT-3 [Modules] No module updates available.
12/27/2025, 6:39:57 PM GMT-3 [Modules] Checking for host updates.
12/27/2025, 6:39:57 PM GMT-3 [Modules] Host is up to date.
12/27/2025, 6:39:57 PM GMT-3 [Modules] Checking for module updates at https://discord.com/api/modules/stable/versions.json
12/27/2025, 6:39:57 PM GMT-3 [Modules] No module updates available.
12/27/2025, 7:39:57 PM GMT-3 [Modules] Checking for host updates.
12/27/2025, 7:39:57 PM GMT-3 [Modules] Host is up to date.
12/27/2025, 7:39:57 PM GMT-3 [Modules] Checking for module updates at https://discord.com/api/modules/stable/versions.json
12/27/2025, 7:39:57 PM GMT-3 [Modules] No module updates available.
12/28/2025, 1:56:54 PM GMT-3 [Modules] Modules initializing
12/28/2025, 1:56:54 PM GMT-3 [Modules] Distribution: remote
12/28/2025, 1:56:54 PM GMT-3 [Modules] Host updates: enabled
12/28/2025, 1:56:54 PM GMT-3 [Modules] Module updates: enabled
12/28/2025, 1:56:54 PM GMT-3 [Modules] Module install path: /home/van/.config/discord/0.0.119/modules
12/28/2025, 1:56:54 PM GMT-3 [Modules] Module installed file path: /home/van/.config/discord/0.0.119/modules/installed.json
12/28/2025, 1:56:54 PM GMT-3 [Modules] Module download path: /home/van/.config/discord/0.0.119/modules/pending
12/28/2025, 1:56:54 PM GMT-3 [Modules] No updates to install
12/28/2025, 1:56:54 PM GMT-3 [Modules] Checking for host updates.
12/28/2025, 1:56:55 PM GMT-3 [Modules] Host is up to date.
12/28/2025, 1:56:55 PM GMT-3 [Modules] Checking for module updates at https://discord.com/api/modules/stable/versions.json
12/28/2025, 1:56:55 PM GMT-3 [Modules] No module updates available.
12/28/2025, 1:57:00 PM GMT-3 [Modules] Checking for host updates.
12/28/2025, 1:57:02 PM GMT-3 [Modules] Host is up to date.
12/28/2025, 1:57:02 PM GMT-3 [Modules] Checking for module updates at https://discord.com/api/modules/stable/versions.json
12/28/2025, 1:57:02 PM GMT-3 [Modules] No module updates available.
12/28/2025, 2:57:00 PM GMT-3 [Modules] Checking for host updates.
12/28/2025, 2:57:01 PM GMT-3 [Modules] Host is up to date.
12/28/2025, 2:57:01 PM GMT-3 [Modules] Checking for module updates at https://discord.com/api/modules/stable/versions.json
12/28/2025, 2:57:01 PM GMT-3 [Modules] No module updates available.
12/28/2025, 3:57:00 PM GMT-3 [Modules] Checking for host updates.
12/28/2025, 3:57:01 PM GMT-3 [Modules] Host is up to date.
12/28/2025, 3:57:01 PM GMT-3 [Modules] Checking for module updates at https://discord.com/api/modules/stable/versions.json
12/28/2025, 3:57:01 PM GMT-3 [Modules] No module updates available.
12/28/2025, 7:33:03 PM GMT-3 [Modules] Modules initializing
12/28/2025, 7:33:03 PM GMT-3 [Modules] Distribution: remote
12/28/2025, 7:33:03 PM GMT-3 [Modules] Host updates: enabled
12/28/2025, 7:33:03 PM GMT-3 [Modules] Module updates: enabled
12/28/2025, 7:33:03 PM GMT-3 [Modules] Module install path: /home/van/.config/discord/0.0.119/modules
12/28/2025, 7:33:03 PM GMT-3 [Modules] Module installed file path: /home/van/.config/discord/0.0.119/modules/installed.json
12/28/2025, 7:33:03 PM GMT-3 [Modules] Module download path: /home/van/.config/discord/0.0.119/modules/pending
12/28/2025, 7:33:03 PM GMT-3 [Modules] No updates to install
12/28/2025, 7:33:03 PM GMT-3 [Modules] Checking for host updates.
12/28/2025, 7:33:03 PM GMT-3 [Modules] Host is up to date.
12/28/2025, 7:33:03 PM GMT-3 [Modules] Checking for module updates at https://discord.com/api/modules/stable/versions.json
12/28/2025, 7:33:03 PM GMT-3 [Modules] No module updates available.
12/28/2025, 7:33:09 PM GMT-3 [Modules] Checking for host updates.
12/28/2025, 7:33:11 PM GMT-3 [Modules] Host is up to date.
12/28/2025, 7:33:11 PM GMT-3 [Modules] Checking for module updates at https://discord.com/api/modules/stable/versions.json
12/28/2025, 7:33:11 PM GMT-3 [Modules] No module updates available.
12/28/2025, 10:16:21 PM GMT-3 [Modules] Modules initializing
12/28/2025, 10:16:21 PM GMT-3 [Modules] Distribution: remote
12/28/2025, 10:16:21 PM GMT-3 [Modules] Host updates: enabled
12/28/2025, 10:16:21 PM GMT-3 [Modules] Module updates: enabled
12/28/2025, 10:16:21 PM GMT-3 [Modules] Module install path: /home/van/.config/discord/0.0.119/modules
12/28/2025, 10:16:21 PM GMT-3 [Modules] Module installed file path: /home/van/.config/discord/0.0.119/modules/installed.json
12/28/2025, 10:16:21 PM GMT-3 [Modules] Module download path: /home/van/.config/discord/0.0.119/modules/pending
12/28/2025, 10:16:21 PM GMT-3 [Modules] No updates to install
12/28/2025, 10:16:21 PM GMT-3 [Modules] Checking for host updates.
12/28/2025, 10:16:22 PM GMT-3 [Modules] Host is up to date.
12/28/2025, 10:16:22 PM GMT-3 [Modules] Checking for module updates at https://discord.com/api/modules/stable/versions.json
12/28/2025, 10:16:22 PM GMT-3 [Modules] No module updates available.
12/28/2025, 10:16:27 PM GMT-3 [Modules] Checking for host updates.
12/28/2025, 10:16:29 PM GMT-3 [Modules] Host is up to date.
12/28/2025, 10:16:29 PM GMT-3 [Modules] Checking for module updates at https://discord.com/api/modules/stable/versions.json
12/28/2025, 10:16:29 PM GMT-3 [Modules] No module updates available.
12/28/2025, 11:16:27 PM GMT-3 [Modules] Checking for host updates.
12/28/2025, 11:16:28 PM GMT-3 [Modules] Host is up to date.
12/28/2025, 11:16:28 PM GMT-3 [Modules] Checking for module updates at https://discord.com/api/modules/stable/versions.json
12/28/2025, 11:16:28 PM GMT-3 [Modules] No module updates available.
12/29/2025, 12:16:27 AM GMT-3 [Modules] Checking for host updates.
12/29/2025, 12:16:28 AM GMT-3 [Modules] Host is up to date.
12/29/2025, 12:16:28 AM GMT-3 [Modules] Checking for module updates at https://discord.com/api/modules/stable/versions.json
12/29/2025, 12:16:28 AM GMT-3 [Modules] No module updates available.
12/29/2025, 8:00:13 PM GMT-3 [Modules] Modules initializing
12/29/2025, 8:00:13 PM GMT-3 [Modules] Distribution: remote
12/29/2025, 8:00:13 PM GMT-3 [Modules] Host updates: enabled
12/29/2025, 8:00:13 PM GMT-3 [Modules] Module updates: enabled
12/29/2025, 8:00:13 PM GMT-3 [Modules] Module install path: /home/van/.config/discord/0.0.119/modules
12/29/2025, 8:00:13 PM GMT-3 [Modules] Module installed file path: /home/van/.config/discord/0.0.119/modules/installed.json
12/29/2025, 8:00:13 PM GMT-3 [Modules] Module download path: /home/van/.config/discord/0.0.119/modules/pending
12/29/2025, 8:00:14 PM GMT-3 [Modules] No updates to install
12/29/2025, 8:00:14 PM GMT-3 [Modules] Checking for host updates.
12/29/2025, 8:00:14 PM GMT-3 [Modules] Host is up to date.
12/29/2025, 8:00:14 PM GMT-3 [Modules] Checking for module updates at https://discord.com/api/modules/stable/versions.json
12/29/2025, 8:00:14 PM GMT-3 [Modules] No module updates available.
12/29/2025, 8:00:20 PM GMT-3 [Modules] Checking for host updates.
12/29/2025, 8:00:21 PM GMT-3 [Modules] Host is up to date.
12/29/2025, 8:00:21 PM GMT-3 [Modules] Checking for module updates at https://discord.com/api/modules/stable/versions.json
12/29/2025, 8:00:21 PM GMT-3 [Modules] No module updates available.
12/29/2025, 9:07:30 PM GMT-3 [Modules] Modules initializing
12/29/2025, 9:07:30 PM GMT-3 [Modules] Distribution: remote
12/29/2025, 9:07:30 PM GMT-3 [Modules] Host updates: enabled
12/29/2025, 9:07:30 PM GMT-3 [Modules] Module updates: enabled
12/29/2025, 9:07:30 PM GMT-3 [Modules] Module install path: /home/van/.config/discord/0.0.119/modules
12/29/2025, 9:07:30 PM GMT-3 [Modules] Module installed file path: /home/van/.config/discord/0.0.119/modules/installed.json
12/29/2025, 9:07:30 PM GMT-3 [Modules] Module download path: /home/van/.config/discord/0.0.119/modules/pending
12/29/2025, 9:07:31 PM GMT-3 [Modules] No updates to install
12/29/2025, 9:07:31 PM GMT-3 [Modules] Checking for host updates.
12/29/2025, 9:07:31 PM GMT-3 [Modules] Host is up to date.
12/29/2025, 9:07:31 PM GMT-3 [Modules] Checking for module updates at https://discord.com/api/modules/stable/versions.json
12/29/2025, 9:07:31 PM GMT-3 [Modules] No module updates available.
12/29/2025, 9:07:37 PM GMT-3 [Modules] Checking for host updates.
12/29/2025, 9:07:38 PM GMT-3 [Modules] Host is up to date.
12/29/2025, 9:07:38 PM GMT-3 [Modules] Checking for module updates at https://discord.com/api/modules/stable/versions.json
12/29/2025, 9:07:38 PM GMT-3 [Modules] No module updates available.
12/29/2025, 10:07:37 PM GMT-3 [Modules] Checking for host updates.
12/29/2025, 10:07:37 PM GMT-3 [Modules] Host is up to date.
12/29/2025, 10:07:37 PM GMT-3 [Modules] Checking for module updates at https://discord.com/api/modules/stable/versions.json
12/29/2025, 10:07:37 PM GMT-3 [Modules] No module updates available.
12/29/2025, 11:07:37 PM GMT-3 [Modules] Checking for host updates.
12/29/2025, 11:07:37 PM GMT-3 [Modules] Host is up to date.
12/29/2025, 11:07:37 PM GMT-3 [Modules] Checking for module updates at https://discord.com/api/modules/stable/versions.json
12/29/2025, 11:07:37 PM GMT-3 [Modules] No module updates available.
12/30/2025, 12:23:41 AM GMT-3 [Modules] Modules initializing
12/30/2025, 12:23:41 AM GMT-3 [Modules] Distribution: remote
12/30/2025, 12:23:41 AM GMT-3 [Modules] Host updates: enabled
12/30/2025, 12:23:41 AM GMT-3 [Modules] Module updates: enabled
12/30/2025, 12:23:41 AM GMT-3 [Modules] Module install path: /home/van/.config/discord/0.0.119/modules
12/30/2025, 12:23:41 AM GMT-3 [Modules] Module installed file path: /home/van/.config/discord/0.0.119/modules/installed.json
12/30/2025, 12:23:41 AM GMT-3 [Modules] Module download path: /home/van/.config/discord/0.0.119/modules/pending
12/30/2025, 12:23:41 AM GMT-3 [Modules] No updates to install
12/30/2025, 12:23:41 AM GMT-3 [Modules] Checking for host updates.
12/30/2025, 12:23:41 AM GMT-3 [Modules] Host is up to date.
12/30/2025, 12:23:41 AM GMT-3 [Modules] Checking for module updates at https://discord.com/api/modules/stable/versions.json
12/30/2025, 12:23:41 AM GMT-3 [Modules] No module updates available.
12/30/2025, 12:23:47 AM GMT-3 [Modules] Checking for host updates.
12/30/2025, 12:23:48 AM GMT-3 [Modules] Host is up to date.
12/30/2025, 12:23:48 AM GMT-3 [Modules] Checking for module updates at https://discord.com/api/modules/stable/versions.json
12/30/2025, 12:23:48 AM GMT-3 [Modules] No module updates available.
12/30/2025, 1:23:47 AM GMT-3 [Modules] Checking for host updates.
12/30/2025, 1:23:47 AM GMT-3 [Modules] Host is up to date.
12/30/2025, 1:23:47 AM GMT-3 [Modules] Checking for module updates at https://discord.com/api/modules/stable/versions.json
12/30/2025, 1:23:47 AM GMT-3 [Modules] No module updates available.
12/30/2025, 11:10:23 PM GMT-3 [Modules] Modules initializing
12/30/2025, 11:10:23 PM GMT-3 [Modules] Distribution: remote
12/30/2025, 11:10:23 PM GMT-3 [Modules] Host updates: enabled
12/30/2025, 11:10:23 PM GMT-3 [Modules] Module updates: enabled
12/30/2025, 11:10:23 PM GMT-3 [Modules] Module install path: /home/van/.config/discord/0.0.119/modules
12/30/2025, 11:10:23 PM GMT-3 [Modules] Module installed file path: /home/van/.config/discord/0.0.119/modules/installed.json
12/30/2025, 11:10:23 PM GMT-3 [Modules] Module download path: /home/van/.config/discord/0.0.119/modules/pending
12/30/2025, 11:10:23 PM GMT-3 [Modules] No updates to install
12/30/2025, 11:10:23 PM GMT-3 [Modules] Checking for host updates.
12/30/2025, 11:10:24 PM GMT-3 [Modules] Host is up to date.
12/30/2025, 11:10:24 PM GMT-3 [Modules] Checking for module updates at https://discord.com/api/modules/stable/versions.json
12/30/2025, 11:10:24 PM GMT-3 [Modules] No module updates available.
12/30/2025, 11:10:30 PM GMT-3 [Modules] Checking for host updates.
12/30/2025, 11:10:31 PM GMT-3 [Modules] Host is up to date.
12/30/2025, 11:10:31 PM GMT-3 [Modules] Checking for module updates at https://discord.com/api/modules/stable/versions.json
12/30/2025, 11:10:31 PM GMT-3 [Modules] No module updates available.
1/3/2026, 3:01:42 AM GMT-3 [Modules] Modules initializing
1/3/2026, 3:01:42 AM GMT-3 [Modules] Distribution: remote
1/3/2026, 3:01:42 AM GMT-3 [Modules] Host updates: enabled
1/3/2026, 3:01:42 AM GMT-3 [Modules] Module updates: enabled
1/3/2026, 3:01:42 AM GMT-3 [Modules] Module install path: /home/van/.config/discord/0.0.119/modules
1/3/2026, 3:01:42 AM GMT-3 [Modules] Module installed file path: /home/van/.config/discord/0.0.119/modules/installed.json
1/3/2026, 3:01:42 AM GMT-3 [Modules] Module download path: /home/van/.config/discord/0.0.119/modules/pending
1/3/2026, 3:01:43 AM GMT-3 [Modules] No updates to install
1/3/2026, 3:01:43 AM GMT-3 [Modules] Checking for host updates.
1/3/2026, 3:01:43 AM GMT-3 [Modules] Host is up to date.
1/3/2026, 3:01:43 AM GMT-3 [Modules] Checking for module updates at https://discord.com/api/modules/stable/versions.json
1/3/2026, 3:01:43 AM GMT-3 [Modules] No module updates available.
1/3/2026, 3:01:49 AM GMT-3 [Modules] Checking for host updates.
1/3/2026, 3:01:50 AM GMT-3 [Modules] Host is up to date.
1/3/2026, 3:01:50 AM GMT-3 [Modules] Checking for module updates at https://discord.com/api/modules/stable/versions.json
1/3/2026, 3:01:50 AM GMT-3 [Modules] No module updates available.
1/3/2026, 4:01:49 AM GMT-3 [Modules] Checking for host updates.
1/3/2026, 4:01:49 AM GMT-3 [Modules] Host is up to date.
1/3/2026, 4:01:49 AM GMT-3 [Modules] Checking for module updates at https://discord.com/api/modules/stable/versions.json
1/3/2026, 4:01:49 AM GMT-3 [Modules] No module updates available.
1/3/2026, 5:01:49 AM GMT-3 [Modules] Checking for host updates.
1/3/2026, 5:01:49 AM GMT-3 [Modules] Host is up to date.
1/3/2026, 5:01:49 AM GMT-3 [Modules] Checking for module updates at https://discord.com/api/modules/stable/versions.json
1/3/2026, 5:01:49 AM GMT-3 [Modules] No module updates available.
1/3/2026, 6:01:49 AM GMT-3 [Modules] Checking for host updates.
1/3/2026, 6:01:49 AM GMT-3 [Modules] Host is up to date.
1/3/2026, 6:01:49 AM GMT-3 [Modules] Checking for module updates at https://discord.com/api/modules/stable/versions.json
1/3/2026, 6:01:49 AM GMT-3 [Modules] No module updates available.
1/5/2026, 8:15:21 PM GMT-3 [Modules] Modules initializing
1/5/2026, 8:15:22 PM GMT-3 [Modules] Distribution: remote
1/5/2026, 8:15:22 PM GMT-3 [Modules] Host updates: enabled
1/5/2026, 8:15:22 PM GMT-3 [Modules] Module updates: enabled
1/5/2026, 8:15:22 PM GMT-3 [Modules] Module install path: /home/van/.config/discord/0.0.119/modules
1/5/2026, 8:15:22 PM GMT-3 [Modules] Module installed file path: /home/van/.config/discord/0.0.119/modules/installed.json
1/5/2026, 8:15:22 PM GMT-3 [Modules] Module download path: /home/van/.config/discord/0.0.119/modules/pending
1/5/2026, 8:15:22 PM GMT-3 [Modules] No updates to install
1/5/2026, 8:15:22 PM GMT-3 [Modules] Checking for host updates.
1/5/2026, 8:15:22 PM GMT-3 [Modules] Host is up to date.
1/5/2026, 8:15:22 PM GMT-3 [Modules] Checking for module updates at https://discord.com/api/modules/stable/versions.json
1/5/2026, 8:15:22 PM GMT-3 [Modules] No module updates available.
1/5/2026, 8:15:29 PM GMT-3 [Modules] Checking for host updates.
1/5/2026, 8:15:30 PM GMT-3 [Modules] Host is up to date.
1/5/2026, 8:15:30 PM GMT-3 [Modules] Checking for module updates at https://discord.com/api/modules/stable/versions.json
1/5/2026, 8:15:30 PM GMT-3 [Modules] No module updates available.
1/5/2026, 9:15:29 PM GMT-3 [Modules] Checking for host updates.
1/5/2026, 9:15:29 PM GMT-3 [Modules] Host is up to date.
1/5/2026, 9:15:29 PM GMT-3 [Modules] Checking for module updates at https://discord.com/api/modules/stable/versions.json
1/5/2026, 9:15:29 PM GMT-3 [Modules] No module updates available.
1/5/2026, 11:59:50 PM GMT-3 [Modules] Modules initializing
1/5/2026, 11:59:50 PM GMT-3 [Modules] Distribution: remote
1/5/2026, 11:59:50 PM GMT-3 [Modules] Host updates: enabled
1/5/2026, 11:59:50 PM GMT-3 [Modules] Module updates: enabled
1/5/2026, 11:59:50 PM GMT-3 [Modules] Module install path: /home/van/.config/discord/0.0.119/modules
1/5/2026, 11:59:50 PM GMT-3 [Modules] Module installed file path: /home/van/.config/discord/0.0.119/modules/installed.json
1/5/2026, 11:59:50 PM GMT-3 [Modules] Module download path: /home/van/.config/discord/0.0.119/modules/pending
1/5/2026, 11:59:50 PM GMT-3 [Modules] No updates to install
1/5/2026, 11:59:50 PM GMT-3 [Modules] Checking for host updates.
1/5/2026, 11:59:50 PM GMT-3 [Modules] Host is up to date.
1/5/2026, 11:59:50 PM GMT-3 [Modules] Checking for module updates at https://discord.com/api/modules/stable/versions.json
1/5/2026, 11:59:50 PM GMT-3 [Modules] No module updates available.
1/5/2026, 11:59:56 PM GMT-3 [Modules] Checking for host updates.
1/5/2026, 11:59:57 PM GMT-3 [Modules] Host is up to date.
1/5/2026, 11:59:57 PM GMT-3 [Modules] Checking for module updates at https://discord.com/api/modules/stable/versions.json
1/5/2026, 11:59:57 PM GMT-3 [Modules] No module updates available.
1/6/2026, 12:59:56 AM GMT-3 [Modules] Checking for host updates.
1/6/2026, 12:59:56 AM GMT-3 [Modules] Host is up to date.
1/6/2026, 12:59:56 AM GMT-3 [Modules] Checking for module updates at https://discord.com/api/modules/stable/versions.json
1/6/2026, 12:59:56 AM GMT-3 [Modules] No module updates available.
1/6/2026, 3:08:15 AM GMT-3 [Modules] Modules initializing
1/6/2026, 3:08:15 AM GMT-3 [Modules] Distribution: remote
1/6/2026, 3:08:15 AM GMT-3 [Modules] Host updates: enabled
1/6/2026, 3:08:15 AM GMT-3 [Modules] Module updates: enabled
1/6/2026, 3:08:15 AM GMT-3 [Modules] Module install path: /home/van/.config/discord/0.0.119/modules
1/6/2026, 3:08:15 AM GMT-3 [Modules] Module installed file path: /home/van/.config/discord/0.0.119/modules/installed.json
1/6/2026, 3:08:15 AM GMT-3 [Modules] Module download path: /home/van/.config/discord/0.0.119/modules/pending
1/6/2026, 3:08:16 AM GMT-3 [Modules] No updates to install
1/6/2026, 3:08:16 AM GMT-3 [Modules] Checking for host updates.
1/6/2026, 3:08:16 AM GMT-3 [Modules] Host is up to date.
1/6/2026, 3:08:16 AM GMT-3 [Modules] Checking for module updates at https://discord.com/api/modules/stable/versions.json
1/6/2026, 3:08:16 AM GMT-3 [Modules] No module updates available.
1/6/2026, 3:08:22 AM GMT-3 [Modules] Checking for host updates.
1/6/2026, 3:08:24 AM GMT-3 [Modules] Host is up to date.
1/6/2026, 3:08:24 AM GMT-3 [Modules] Checking for module updates at https://discord.com/api/modules/stable/versions.json
1/6/2026, 3:08:24 AM GMT-3 [Modules] No module updates available.
1/6/2026, 4:08:23 AM GMT-3 [Modules] Checking for host updates.
1/6/2026, 4:08:28 AM GMT-3 [Modules] Host is up to date.
1/6/2026, 4:08:28 AM GMT-3 [Modules] Checking for module updates at https://discord.com/api/modules/stable/versions.json
1/6/2026, 4:08:29 AM GMT-3 [Modules] No module updates available.
1/6/2026, 5:08:22 AM GMT-3 [Modules] Checking for host updates.
1/6/2026, 5:08:23 AM GMT-3 [Modules] Host is up to date.
1/6/2026, 5:08:23 AM GMT-3 [Modules] Checking for module updates at https://discord.com/api/modules/stable/versions.json
1/6/2026, 5:08:23 AM GMT-3 [Modules] No module updates available.
1/6/2026, 6:08:22 AM GMT-3 [Modules] Checking for host updates.
1/6/2026, 6:08:23 AM GMT-3 [Modules] Host is up to date.
1/6/2026, 6:08:23 AM GMT-3 [Modules] Checking for module updates at https://discord.com/api/modules/stable/versions.json
1/6/2026, 6:08:23 AM GMT-3 [Modules] No module updates available.
1/6/2026, 7:08:22 AM GMT-3 [Modules] Checking for host updates.
1/6/2026, 7:08:23 AM GMT-3 [Modules] Host is up to date.
1/6/2026, 7:08:23 AM GMT-3 [Modules] Checking for module updates at https://discord.com/api/modules/stable/versions.json
1/6/2026, 7:08:23 AM GMT-3 [Modules] No module updates available.
1/6/2026, 8:08:22 AM GMT-3 [Modules] Checking for host updates.
1/6/2026, 8:08:23 AM GMT-3 [Modules] Host is up to date.
1/6/2026, 8:08:23 AM GMT-3 [Modules] Checking for module updates at https://discord.com/api/modules/stable/versions.json
1/6/2026, 8:08:23 AM GMT-3 [Modules] No module updates available.
1/6/2026, 9:08:23 AM GMT-3 [Modules] Checking for host updates.
1/6/2026, 9:08:24 AM GMT-3 [Modules] Host is up to date.
1/6/2026, 9:08:24 AM GMT-3 [Modules] Checking for module updates at https://discord.com/api/modules/stable/versions.json
1/6/2026, 9:08:24 AM GMT-3 [Modules] No module updates available.
1/6/2026, 10:08:23 AM GMT-3 [Modules] Checking for host updates.
1/6/2026, 10:08:24 AM GMT-3 [Modules] Host is up to date.
1/6/2026, 10:08:24 AM GMT-3 [Modules] Checking for module updates at https://discord.com/api/modules/stable/versions.json
1/6/2026, 10:08:24 AM GMT-3 [Modules] No module updates available.
1/6/2026, 11:08:23 AM GMT-3 [Modules] Checking for host updates.
1/6/2026, 11:08:24 AM GMT-3 [Modules] Host is up to date.
1/6/2026, 11:08:24 AM GMT-3 [Modules] Checking for module updates at https://discord.com/api/modules/stable/versions.json
1/6/2026, 11:08:24 AM GMT-3 [Modules] No module updates available.
1/6/2026, 10:45:40 PM GMT-3 [Modules] Modules initializing
1/6/2026, 10:45:40 PM GMT-3 [Modules] Distribution: remote
1/6/2026, 10:45:40 PM GMT-3 [Modules] Host updates: enabled
1/6/2026, 10:45:40 PM GMT-3 [Modules] Module updates: enabled
1/6/2026, 10:45:40 PM GMT-3 [Modules] Module install path: /home/van/.config/discord/0.0.119/modules
1/6/2026, 10:45:40 PM GMT-3 [Modules] Module installed file path: /home/van/.config/discord/0.0.119/modules/installed.json
1/6/2026, 10:45:40 PM GMT-3 [Modules] Module download path: /home/van/.config/discord/0.0.119/modules/pending
1/6/2026, 10:45:40 PM GMT-3 [Modules] No updates to install
1/6/2026, 10:45:40 PM GMT-3 [Modules] Checking for host updates.
1/6/2026, 10:45:41 PM GMT-3 [Modules] Host is up to date.
1/6/2026, 10:45:41 PM GMT-3 [Modules] Checking for module updates at https://discord.com/api/modules/stable/versions.json
1/6/2026, 10:45:41 PM GMT-3 [Modules] No module updates available.
1/6/2026, 10:45:48 PM GMT-3 [Modules] Checking for host updates.
1/6/2026, 10:45:49 PM GMT-3 [Modules] Host is up to date.
1/6/2026, 10:45:49 PM GMT-3 [Modules] Checking for module updates at https://discord.com/api/modules/stable/versions.json
1/6/2026, 10:45:49 PM GMT-3 [Modules] No module updates available.
1/6/2026, 11:45:48 PM GMT-3 [Modules] Checking for host updates.
1/6/2026, 11:45:48 PM GMT-3 [Modules] Host is up to date.
1/6/2026, 11:45:48 PM GMT-3 [Modules] Checking for module updates at https://discord.com/api/modules/stable/versions.json
1/6/2026, 11:45:48 PM GMT-3 [Modules] No module updates available.
1/7/2026, 12:45:48 AM GMT-3 [Modules] Checking for host updates.
1/7/2026, 12:45:49 AM GMT-3 [Modules] Host is up to date.
1/7/2026, 12:45:49 AM GMT-3 [Modules] Checking for module updates at https://discord.com/api/modules/stable/versions.json
1/7/2026, 12:45:49 AM GMT-3 [Modules] No module updates available.
1/7/2026, 1:45:48 AM GMT-3 [Modules] Checking for host updates.
1/7/2026, 1:45:49 AM GMT-3 [Modules] Host is up to date.
1/7/2026, 1:45:49 AM GMT-3 [Modules] Checking for module updates at https://discord.com/api/modules/stable/versions.json
1/7/2026, 1:45:49 AM GMT-3 [Modules] No module updates available.
1/7/2026, 2:45:48 AM GMT-3 [Modules] Checking for host updates.
1/7/2026, 2:45:49 AM GMT-3 [Modules] Host is up to date.
1/7/2026, 2:45:49 AM GMT-3 [Modules] Checking for module updates at https://discord.com/api/modules/stable/versions.json
1/7/2026, 2:45:49 AM GMT-3 [Modules] No module updates available.
1/7/2026, 3:45:48 AM GMT-3 [Modules] Checking for host updates.
1/7/2026, 3:45:49 AM GMT-3 [Modules] Host is up to date.
1/7/2026, 3:45:49 AM GMT-3 [Modules] Checking for module updates at https://discord.com/api/modules/stable/versions.json
1/7/2026, 3:45:49 AM GMT-3 [Modules] No module updates available.
1/7/2026, 4:45:48 AM GMT-3 [Modules] Checking for host updates.
1/7/2026, 4:45:49 AM GMT-3 [Modules] Host is up to date.
1/7/2026, 4:45:49 AM GMT-3 [Modules] Checking for module updates at https://discord.com/api/modules/stable/versions.json
1/7/2026, 4:45:49 AM GMT-3 [Modules] No module updates available.
1/7/2026, 5:45:48 AM GMT-3 [Modules] Checking for host updates.
1/7/2026, 5:45:49 AM GMT-3 [Modules] Host is up to date.
1/7/2026, 5:45:49 AM GMT-3 [Modules] Checking for module updates at https://discord.com/api/modules/stable/versions.json
1/7/2026, 5:45:49 AM GMT-3 [Modules] No module updates available.
1/7/2026, 6:45:48 AM GMT-3 [Modules] Checking for host updates.
1/7/2026, 6:45:49 AM GMT-3 [Modules] Host is up to date.
1/7/2026, 6:45:49 AM GMT-3 [Modules] Checking for module updates at https://discord.com/api/modules/stable/versions.json
1/7/2026, 6:45:49 AM GMT-3 [Modules] No module updates available.
1/7/2026, 7:45:48 AM GMT-3 [Modules] Checking for host updates.
1/7/2026, 7:45:49 AM GMT-3 [Modules] Host is up to date.
1/7/2026, 7:45:49 AM GMT-3 [Modules] Checking for module updates at https://discord.com/api/modules/stable/versions.json
1/7/2026, 7:45:49 AM GMT-3 [Modules] No module updates available.
1/7/2026, 8:45:48 AM GMT-3 [Modules] Checking for host updates.
1/7/2026, 8:45:49 AM GMT-3 [Modules] Host is up to date.
1/7/2026, 8:45:49 AM GMT-3 [Modules] Checking for module updates at https://discord.com/api/modules/stable/versions.json
1/7/2026, 8:45:49 AM GMT-3 [Modules] No module updates available.
1/7/2026, 9:45:48 AM GMT-3 [Modules] Checking for host updates.
1/7/2026, 9:45:54 AM GMT-3 [Modules] Host is up to date.
1/7/2026, 9:45:54 AM GMT-3 [Modules] Checking for module updates at https://discord.com/api/modules/stable/versions.json
1/7/2026, 9:45:54 AM GMT-3 [Modules] No module updates available.
1/7/2026, 10:45:48 AM GMT-3 [Modules] Checking for host updates.
1/7/2026, 10:45:49 AM GMT-3 [Modules] Host is up to date.
1/7/2026, 10:45:49 AM GMT-3 [Modules] Checking for module updates at https://discord.com/api/modules/stable/versions.json
1/7/2026, 10:45:49 AM GMT-3 [Modules] No module updates available.
1/7/2026, 11:45:48 AM GMT-3 [Modules] Checking for host updates.
1/7/2026, 11:46:52 AM GMT-3 [Modules] Host update failed: Error: read ECONNRESET
1/7/2026, 12:07:02 PM GMT-3 [Modules] Checking for host updates.
1/7/2026, 12:07:03 PM GMT-3 [Modules] Host is up to date.
1/7/2026, 12:07:03 PM GMT-3 [Modules] Checking for module updates at https://discord.com/api/modules/stable/versions.json
1/7/2026, 12:07:03 PM GMT-3 [Modules] No module updates available.
